date,product_id,product_name,category,unit_cost,unit_price,lead_time_days,quantity_sold,day_of_week,day_of_month,month,quarter,is_weekend,lag_1,lag_7,lag_14,lag_28,rolling_mean_7,rolling_std_7,rolling_mean_14,rolling_std_14,rolling_mean_30,rolling_std_30
2024-01-31,101,Wireless Ergonomic Mouse,Electronics,18.5,39.99,7,25,2,31,1,1,0,31.0,15.0,20.0,21.0,30.714285714285715,9.776064063386071,29.928571428571427,9.169047309913314,29.633333333333333,7.911071828220521
2024-02-01,101,Wireless Ergonomic Mouse,Electronics,18.5,39.99,7,34,3,1,2,1,0,25.0,25.0,23.0,28.0,32.142857142857146,7.581305327988745,30.285714285714285,8.844194718558622,29.633333333333333,7.911071828220521
2024-02-02,101,Wireless Ergonomic Mouse,Electronics,18.5,39.99,7,37,4,2,2,1,0,34.0,47.0,37.0,47.0,33.42857142857143,6.900655593423548,31.071428571428573,8.63324776853804,29.766666666666666,7.9510716403441535
2024-02-03,101,Wireless Ergonomic Mouse,Electronics,18.5,39.99,7,37,5,3,2,1,1,37.0,36.0,41.0,33.0,32.0,4.082482904638636,31.071428571428573,8.63324776853804,30.3,7.8790424763944245
2024-02-04,101,Wireless Ergonomic Mouse,Electronics,18.5,39.99,7,31,6,4,2,1,1,37.0,31.0,37.0,24.0,32.142857142857146,4.25944329025017,30.785714285714285,8.340619525307101,30.6,7.959379632730872
2024-02-05,101,Wireless Ergonomic Mouse,Electronics,18.5,39.99,7,34,0,5,2,1,0,31.0,30.0,28.0,26.0,32.142857142857146,4.25944329025017,30.357142857142858,8.148686943373079,30.066666666666666,7.334064749313741
2024-02-06,101,Wireless Ergonomic Mouse,Electronics,18.5,39.99,7,20,1,6,2,1,0,34.0,31.0,18.0,29.0,32.714285714285715,4.191828786034639,30.785714285714285,8.172925014748593,30.1,7.350111423035332
2024-02-07,101,Wireless Ergonomic Mouse,Electronics,18.5,39.99,7,31,2,7,2,1,0,20.0,25.0,15.0,23.0,31.142857142857142,6.414269805898187,30.928571428571427,7.946593713557504,29.966666666666665,7.4993486307183685
2024-02-08,101,Wireless Ergonomic Mouse,Electronics,18.5,39.99,7,32,3,8,2,1,0,31.0,34.0,25.0,26.0,32.0,5.830951894845304,32.07142857142857,6.498097777448005,30.133333333333333,7.4636282816360024
2024-02-09,101,Wireless Ergonomic Mouse,Electronics,18.5,39.99,7,41,4,9,2,1,0,32.0,37.0,47.0,34.0,31.714285714285715,5.765248931147316,32.57142857142857,6.173320833221783,30.233333333333334,7.46801609316799
2024-02-10,101,Wireless Ergonomic Mouse,Electronics,18.5,39.99,7,37,5,10,2,1,1,41.0,37.0,36.0,42.0,32.285714285714285,6.524678426668139,32.142857142857146,5.230930831375745,30.833333333333332,7.588936290613364
2024-02-11,101,Wireless Ergonomic Mouse,Electronics,18.5,39.99,7,35,6,11,2,1,1,37.0,31.0,31.0,28.0,32.285714285714285,6.524678426668139,32.214285714285715,5.294097895531637,31.2,7.613055936327751
2024-02-12,101,Wireless Ergonomic Mouse,Electronics,18.5,39.99,7,26,0,12,2,1,0,35.0,34.0,30.0,24.0,32.857142857142854,6.5683222471843745,32.5,5.3313297518608715,31.233333333333334,7.627913048223898
2024-02-13,101,Wireless Ergonomic Mouse,Electronics,18.5,39.99,7,23,1,13,2,1,0,26.0,20.0,31.0,30.0,31.714285714285715,7.016986193380695,32.214285714285715,5.577131485306365,30.7,7.405263738347391
2024-02-14,101,Wireless Ergonomic Mouse,Electronics,18.5,39.99,7,24,2,14,2,1,0,23.0,31.0,25.0,20.0,32.142857142857146,6.229729031789734,31.642857142857142,6.09674746650455,30.533333333333335,7.523449930090233
2024-02-15,101,Wireless Ergonomic Mouse,Electronics,18.5,39.99,7,29,3,15,2,1,0,24.0,32.0,34.0,23.0,31.142857142857142,6.962484504556582,31.571428571428573,6.1857688498469,30.533333333333335,7.523449930090233
2024-02-16,101,Wireless Ergonomic Mouse,Electronics,18.5,39.99,7,47,4,16,2,1,0,29.0,41.0,37.0,37.0,30.714285714285715,6.993193970194302,31.214285714285715,6.17910338813963,30.5,7.528108247966648
2024-02-17,101,Wireless Ergonomic Mouse,Electronics,18.5,39.99,7,50,5,17,2,1,1,47.0,37.0,37.0,41.0,31.571428571428573,8.638231741453088,31.928571428571427,7.363781279021988,31.4,7.837135296469779
2024-02-18,101,Wireless Ergonomic Mouse,Electronics,18.5,39.99,7,24,6,18,2,1,1,50.0,35.0,31.0,37.0,33.42857142857143,11.05828713163636,32.857142857142854,8.742972059863877,32.3,8.371338623232706
2024-02-19,101,Wireless Ergonomic Mouse,Electronics,18.5,39.99,7,23,0,19,2,1,0,24.0,26.0,34.0,28.0,31.857142857142858,11.567606658662102,32.357142857142854,9.052047306524663,31.866666666666667,8.455699295428657
2024-02-20,101,Wireless Ergonomic Mouse,Electronics,18.5,39.99,7,26,1,20,2,1,0,23.0,23.0,20.0,18.0,31.428571428571427,11.872336794093275,31.571428571428573,9.370282695959487,31.266666666666666,8.423830455335027
2024-02-21,101,Wireless Ergonomic Mouse,Electronics,18.5,39.99,7,20,2,21,2,1,0,26.0,24.0,31.0,15.0,31.857142857142858,11.567606658662104,32.0,8.927054816248619,30.9,8.405047744433515
2024-02-22,101,Wireless Ergonomic Mouse,Electronics,18.5,39.99,7,38,3,22,2,1,0,20.0,29.0,32.0,25.0,31.285714285714285,12.106668764421888,31.214285714285715,9.488280799358359,30.633333333333333,8.624277414342622
2024-02-23,101,Wireless Ergonomic Mouse,Electronics,18.5,39.99,7,41,4,23,2,1,0,38.0,47.0,41.0,47.0,32.57142857142857,12.29982578273832,31.642857142857142,9.66044387304102,31.3,8.383686951249537
2024-02-24,101,Wireless Ergonomic Mouse,Electronics,18.5,39.99,7,58,5,24,2,1,1,41.0,50.0,37.0,36.0,31.714285714285715,11.294752258081123,31.642857142857142,9.66044387304102,32.166666666666664,7.974456346547303
2024-02-25,101,Wireless Ergonomic Mouse,Electronics,18.5,39.99,7,27,6,25,2,1,1,58.0,24.0,35.0,31.0,32.857142857142854,13.618964368709925,33.142857142857146,11.921907067741643,33.266666666666666,9.142297807192806
2024-02-26,101,Wireless Ergonomic Mouse,Electronics,18.5,39.99,7,24,0,26,2,1,0,27.0,23.0,26.0,30.0,33.285714285714285,13.33809438805866,32.57142857142857,12.017386671717874,32.6,8.830198966790244
2024-02-27,101,Wireless Ergonomic Mouse,Electronics,18.5,39.99,7,29,1,27,2,1,0,24.0,26.0,23.0,31.0,33.42857142857143,13.214350064193383,32.42857142857143,12.113020875292618,32.2,8.941958437034653
2024-02-28,101,Wireless Ergonomic Mouse,Electronics,18.5,39.99,7,16,2,28,2,1,0,29.0,20.0,24.0,25.0,33.857142857142854,12.979837844757173,32.857142857142854,11.857209055819444,32.13333333333333,8.958653429191681
2024-02-29,101,Wireless Ergonomic Mouse,Electronics,18.5,39.99,7,36,3,29,2,1,0,16.0,38.0,29.0,34.0,33.285714285714285,13.756383799461808,32.285714285714285,12.49263519302209,31.666666666666668,9.426058280779072
2024-03-01,101,Wireless Ergonomic Mouse,Electronics,18.5,39.99,7,40,4,1,3,1,0,36.0,41.0,47.0,37.0,33.0,13.662601021279468,32.785714285714285,12.491095729657689,31.833333333333332,9.458013691494942
2024-03-02,101,Wireless Ergonomic Mouse,Electronics,18.5,39.99,7,52,5,2,3,1,1,40.0,58.0,50.0,37.0,32.857142857142854,13.569924728710076,32.285714285714285,12.009154017655874,32.333333333333336,9.480773041860271
2024-03-03,101,Wireless Ergonomic Mouse,Electronics,18.5,39.99,7,27,6,3,3,1,1,52.0,27.0,24.0,31.0,32.0,11.789826122551599,32.42857142857143,12.245654084451512,32.93333333333333,10.136765903803138
2024-03-04,101,Wireless Ergonomic Mouse,Electronics,18.5,39.99,7,30,0,4,3,1,0,27.0,24.0,23.0,34.0,32.0,11.789826122551599,32.642857142857146,12.112340451324478,32.6,10.162812534957522
2024-03-05,101,Wireless Ergonomic Mouse,Electronics,18.5,39.99,7,34,1,5,3,1,0,30.0,29.0,26.0,20.0,32.857142857142854,11.320020191804305,33.142857142857146,11.82472730443184,32.36666666666667,10.138636694496386
2024-03-06,101,Wireless Ergonomic Mouse,Electronics,18.5,39.99,7,23,2,6,3,1,0,34.0,16.0,20.0,31.0,33.57142857142857,11.1931101256851,33.714285714285715,11.644930038621773,32.46666666666667,10.13948693979626
2024-03-07,101,Wireless Ergonomic Mouse,Electronics,18.5,39.99,7,29,3,7,3,1,0,23.0,36.0,38.0,32.0,34.57142857142857,9.554355775546265,33.92857142857143,11.398139427888331,32.1,10.280044277376808
2024-03-08,101,Wireless Ergonomic Mouse,Electronics,18.5,39.99,7,52,4,8,3,1,0,29.0,40.0,41.0,41.0,33.57142857142857,9.744351233016028,33.285714285714285,11.404645284529202,32.4,10.043354296112502
2024-03-09,101,Wireless Ergonomic Mouse,Electronics,18.5,39.99,7,49,5,9,3,1,1,52.0,52.0,58.0,37.0,35.285714285714285,11.884363476353927,34.07142857142857,12.319242519884751,33.1,10.655579726619521
2024-03-10,101,Wireless Ergonomic Mouse,Electronics,18.5,39.99,7,35,6,10,3,1,1,49.0,27.0,27.0,35.0,34.857142857142854,11.216484467493538,33.42857142857143,11.15426297061274,33.666666666666664,11.040156587261999
2024-03-11,101,Wireless Ergonomic Mouse,Electronics,18.5,39.99,7,36,0,11,3,1,0,35.0,30.0,24.0,26.0,36.0,10.677078252031311,34.0,11.003495947966865,33.46666666666667,10.956759316177564
2024-03-12,101,Wireless Ergonomic Mouse,Electronics,18.5,39.99,7,43,1,12,3,1,0,36.0,34.0,29.0,23.0,36.857142857142854,10.350983390135312,34.857142857142854,10.625492878031544,33.43333333333333,10.94715624648966
2024-03-13,101,Wireless Ergonomic Mouse,Electronics,18.5,39.99,7,29,2,13,3,1,0,43.0,23.0,16.0,24.0,38.142857142857146,10.494896719018111,35.857142857142854,10.690449676496987,33.7,11.083227464709136
2024-03-14,101,Wireless Ergonomic Mouse,Electronics,18.5,39.99,7,42,3,14,3,1,0,29.0,29.0,36.0,29.0,39.0,9.219544457292885,36.785714285714285,9.308214498111733,33.8,11.024737075604436
2024-03-15,101,Wireless Ergonomic Mouse,Electronics,18.5,39.99,7,43,4,15,3,1,0,42.0,52.0,40.0,47.0,40.857142857142854,8.112306935115544,37.214285714285715,9.406859783637223,34.43333333333333,10.928240333265434
2024-03-16,101,Wireless Ergonomic Mouse,Electronics,18.5,39.99,7,56,5,16,3,1,1,43.0,49.0,52.0,50.0,39.57142857142857,6.629659188252509,37.42857142857143,9.50881603658325,35.06666666666667,10.85304131325071
2024-03-17,101,Wireless Ergonomic Mouse,Electronics,18.5,39.99,7,33,6,17,3,1,1,56.0,35.0,27.0,24.0,40.57142857142857,8.54121659673731,37.714285714285715,10.026338939387243,35.96666666666667,11.43643100022856
2024-03-18,101,Wireless Ergonomic Mouse,Electronics,18.5,39.99,7,41,0,18,3,1,0,33.0,36.0,30.0,23.0,40.285714285714285,8.788520651286836,38.142857142857146,9.654470011802388,35.5,11.25488399731884
2024-03-19,101,Wireless Ergonomic Mouse,Electronics,18.5,39.99,7,30,1,19,3,1,0,41.0,43.0,34.0,26.0,41.0,8.582928793055817,38.92857142857143,9.384637903053534,35.2,10.971436268470217
2024-03-20,101,Wireless Ergonomic Mouse,Electronics,18.5,39.99,7,40,2,20,3,1,0,30.0,29.0,23.0,20.0,39.142857142857146,9.441549509633315,38.642857142857146,9.604543338819038,35.4,10.813784306822614
2024-03-21,101,Wireless Ergonomic Mouse,Electronics,18.5,39.99,7,35,3,21,3,1,0,40.0,42.0,29.0,38.0,40.714285714285715,8.320943169983506,39.857142857142854,8.483986208028776,35.96666666666667,10.584579979070195
2024-03-22,101,Wireless Ergonomic Mouse,Electronics,18.5,39.99,7,41,4,22,3,1,0,35.0,43.0,52.0,41.0,39.714285714285715,8.557925872435165,40.285714285714285,8.032899384871758,36.266666666666666,10.418595223770906
2024-03-23,101,Wireless Ergonomic Mouse,Electronics,18.5,39.99,7,51,5,23,3,1,1,41.0,56.0,49.0,58.0,39.42857142857143,8.462803768199258,39.5,7.30384514116738,36.96666666666667,9.984413139845865
2024-03-24,101,Wireless Ergonomic Mouse,Electronics,18.5,39.99,7,24,6,24,3,1,1,51.0,33.0,35.0,27.0,38.714285714285715,6.897204402613316,39.642857142857146,7.520302191730434,37.4,10.307680430730734
2024-03-25,101,Wireless Ergonomic Mouse,Electronics,18.5,39.99,7,33,0,25,3,1,0,24.0,41.0,36.0,24.0,37.42857142857143,8.73416935293301,38.857142857142854,8.5472185566385,36.833333333333336,10.566973054769763
2024-03-26,101,Wireless Ergonomic Mouse,Electronics,18.5,39.99,7,35,1,26,3,1,0,33.0,30.0,43.0,29.0,36.285714285714285,8.712333895390021,38.642857142857146,8.661205661828147,36.0,9.797958971132728
2024-03-27,101,Wireless Ergonomic Mouse,Electronics,18.5,39.99,7,36,2,27,3,1,0,35.0,40.0,29.0,16.0,37.0,8.306623862918073,38.07142857142857,8.615409144392105,36.266666666666666,9.652347698459392
2024-03-28,101,Wireless Ergonomic Mouse,Electronics,18.5,39.99,7,29,3,28,3,1,0,36.0,35.0,42.0,36.0,36.42857142857143,8.202786982831764,38.57142857142857,8.243545593738435,36.666666666666664,9.371024061116442
2024-03-29,101,Wireless Ergonomic Mouse,Electronics,18.5,39.99,7,52,4,29,3,1,0,29.0,41.0,43.0,40.0,35.57142857142857,8.676734079462975,37.642857142857146,8.553965727680351,36.666666666666664,9.371024061116442
2024-03-30,101,Wireless Ergonomic Mouse,Electronics,18.5,39.99,7,52,5,30,3,1,1,52.0,51.0,56.0,52.0,37.142857142857146,10.605479266689953,38.285714285714285,9.293741247400144,37.86666666666667,8.927807520687102
2024-03-31,101,Wireless Ergonomic Mouse,Electronics,18.5,39.99,7,23,6,31,3,1,1,52.0,24.0,33.0,27.0,37.285714285714285,10.827654189070465,38.0,8.753021456353515,38.4,9.283281227283164
2024-04-01,101,Wireless Ergonomic Mouse,Electronics,18.5,39.99,7,28,0,1,4,2,0,23.0,33.0,41.0,30.0,37.142857142857146,11.036735197037382,37.285714285714285,9.562978063895672,37.833333333333336,9.692098926919586
2024-04-02,101,Wireless Ergonomic Mouse,Electronics,18.5,39.99,7,41,1,2,4,2,0,28.0,35.0,30.0,34.0,36.42857142857143,11.501552690211625,36.357142857142854,9.802724447489426,37.03333333333333,9.470401562084197
2024-04-03,101,Wireless Ergonomic Mouse,Electronics,18.5,39.99,7,38,2,3,4,2,0,41.0,36.0,40.0,23.0,37.285714285714285,11.600492600378164,37.142857142857146,9.694226218632528,37.5,9.302391238741846
2024-04-04,101,Wireless Ergonomic Mouse,Electronics,18.5,39.99,7,34,3,4,4,2,0,38.0,29.0,35.0,29.0,37.57142857142857,11.58817130895614,37.0,9.66357156462432,37.766666666666666,9.194013544555592
2024-04-05,101,Wireless Ergonomic Mouse,Electronics,18.5,39.99,7,42,4,5,4,2,0,34.0,52.0,41.0,52.0,38.285714285714285,11.11626864426317,36.92857142857143,9.683167677146596,37.766666666666666,9.194013544555592
2024-04-06,101,Wireless Ergonomic Mouse,Electronics,18.5,39.99,7,44,5,6,4,2,1,42.0,52.0,51.0,49.0,36.857142857142854,9.599107101332763,37.0,9.719132598207455,38.4,8.787137935838308
2024-04-07,101,Wireless Ergonomic Mouse,Electronics,18.5,39.99,7,35,6,7,4,2,1,44.0,23.0,24.0,35.0,35.714285714285715,7.804150299985374,36.5,9.104098823311164,38.9,8.659656758348698
2024-04-08,101,Wireless Ergonomic Mouse,Electronics,18.5,39.99,7,42,0,8,4,2,0,35.0,28.0,33.0,36.0,37.42857142857143,5.533448076836683,37.285714285714285,8.388898996508823,38.333333333333336,8.32252172217606
2024-04-09,101,Wireless Ergonomic Mouse,Electronics,18.5,39.99,7,29,1,9,4,2,0,42.0,41.0,35.0,43.0,39.42857142857143,3.823486317361116,37.92857142857143,8.380052191083006,38.1,8.108531054517172
2024-04-10,101,Wireless Ergonomic Mouse,Electronics,18.5,39.99,7,39,2,10,4,2,0,29.0,38.0,36.0,29.0,37.714285714285715,5.376314900074387,37.5,8.689073598491404,37.9,8.260207895855832
2024-04-11,101,Wireless Ergonomic Mouse,Electronics,18.5,39.99,7,26,3,11,4,2,0,39.0,34.0,29.0,42.0,37.857142857142854,5.398412465054622,37.714285714285715,8.686227573034788,38.0,8.254570311923157
2024-04-12,101,Wireless Ergonomic Mouse,Electronics,18.5,39.99,7,62,4,12,4,2,0,26.0,42.0,52.0,43.0,36.714285714285715,6.969320524371691,37.5,8.950719781972005,37.43333333333333,8.479928973894722
2024-04-13,101,Wireless Ergonomic Mouse,Electronics,18.5,39.99,7,50,5,13,4,2,1,62.0,44.0,52.0,56.0,39.57142857142857,11.872336794093277,38.214285714285715,10.46737474565301,38.53333333333333,9.434833965365973
2024-04-14,101,Wireless Ergonomic Mouse,Electronics,18.5,39.99,7,25,6,14,4,2,1,50.0,35.0,23.0,33.0,40.42857142857143,12.447987024108802,38.07142857142857,10.276667266672133,38.8,9.646868350170314
2024-04-15,101,Wireless Ergonomic Mouse,Electronics,18.5,39.99,7,40,0,15,4,2,0,25.0,42.0,28.0,41.0,39.0,13.686976778431875,38.214285714285715,10.062715426674956,38.2,9.932183841536029
2024-04-16,101,Wireless Ergonomic Mouse,Electronics,18.5,39.99,7,36,1,16,4,2,0,40.0,29.0,41.0,30.0,38.714285714285715,13.634689651941551,39.07142857142857,9.627399087334732,37.666666666666664,9.356293597630303
2024-04-17,101,Wireless Ergonomic Mouse,Electronics,18.5,39.99,7,30,2,17,4,2,0,36.0,39.0,38.0,40.0,39.714285714285715,13.047532151257393,38.714285714285715,9.643080990482833,37.766666666666666,9.320660526147195
2024-04-18,101,Wireless Ergonomic Mouse,Electronics,18.5,39.99,7,38,3,18,4,2,0,30.0,26.0,34.0,35.0,38.42857142857143,13.562904591287998,38.142857142857146,9.921671252342563,37.4,9.40506100000385
2024-04-19,101,Wireless Ergonomic Mouse,Electronics,18.5,39.99,7,49,4,19,4,2,0,38.0,62.0,42.0,41.0,40.142857142857146,12.442247538508626,38.42857142857143,9.850531307141125,37.666666666666664,9.30084658116868
2024-04-20,101,Wireless Ergonomic Mouse,Electronics,18.5,39.99,7,56,5,20,4,2,1,49.0,50.0,44.0,51.0,38.285714285714285,9.178131358729582,38.92857142857143,10.216610048304736,37.96666666666667,9.521240622340459
2024-04-21,101,Wireless Ergonomic Mouse,Electronics,18.5,39.99,7,36,6,21,4,2,1,56.0,25.0,35.0,24.0,39.142857142857146,10.621182787690076,39.785714285714285,11.136762210241942,38.666666666666664,10.052734516755539
2024-04-22,101,Wireless Ergonomic Mouse,Electronics,18.5,39.99,7,41,0,22,4,2,0,36.0,40.0,42.0,33.0,40.714285714285715,8.845230083954595,39.857142857142854,11.106873428766434,38.5,10.05416365972586
2024-04-23,101,Wireless Ergonomic Mouse,Electronics,18.5,39.99,7,31,1,23,4,2,0,41.0,36.0,29.0,35.0,40.857142857142854,8.83984485966,39.785714285714285,11.09524202549886,38.166666666666664,9.78768872485803
2024-04-24,101,Wireless Ergonomic Mouse,Electronics,18.5,39.99,7,34,2,24,4,2,0,31.0,30.0,39.0,36.0,40.142857142857146,9.4767886865501,39.92857142857143,10.957710918409422,38.4,9.518040945923497
2024-04-25,101,Wireless Ergonomic Mouse,Electronics,18.5,39.99,7,32,3,25,4,2,0,34.0,38.0,26.0,29.0,40.714285714285715,8.864052604279193,39.57142857142857,11.071198154284343,38.43333333333333,9.500211733877627
2024-04-26,101,Wireless Ergonomic Mouse,Electronics,18.5,39.99,7,44,4,26,4,2,0,32.0,49.0,62.0,52.0,39.857142857142854,9.441549509633324,40.0,10.612039606757275,38.333333333333336,9.5532386035361
2024-04-27,101,Wireless Ergonomic Mouse,Electronics,18.5,39.99,7,28,5,27,4,2,1,44.0,56.0,50.0,52.0,39.142857142857146,8.802056036869486,38.714285714285715,8.650732040420932,38.6,9.597413444651982
2024-04-28,101,Wireless Ergonomic Mouse,Electronics,18.5,39.99,7,39,6,28,4,2,1,28.0,36.0,25.0,23.0,35.142857142857146,5.669467095138393,37.142857142857146,8.438530156892941,38.56666666666667,9.633573953961074
2024-04-29,101,Wireless Ergonomic Mouse,Electronics,18.5,39.99,7,25,0,29,4,2,0,39.0,41.0,40.0,28.0,35.57142857142857,5.855400437691186,38.142857142857146,7.68472153398843,38.13333333333333,9.294912710663342
2024-04-30,101,Wireless Ergonomic Mouse,Electronics,18.5,39.99,7,38,1,30,4,2,0,25.0,31.0,36.0,41.0,33.285714285714285,6.473388749701476,37.07142857142857,8.416689333738043,37.233333333333334,9.212747290774804
2024-05-01,101,Wireless Ergonomic Mouse,Electronics,18.5,39.99,7,35,2,1,5,2,0,38.0,34.0,30.0,38.0,34.285714285714285,6.60086574408451,37.214285714285715,8.414077685445012,37.733333333333334,8.811956349905737
2024-05-02,101,Wireless Ergonomic Mouse,Electronics,18.5,39.99,7,20,3,2,5,2,0,35.0,32.0,38.0,34.0,34.42857142857143,6.604471789556482,37.57142857142857,8.187366306265249,37.96666666666667,8.636264092260307
2024-05-03,101,Wireless Ergonomic Mouse,Electronics,18.5,39.99,7,50,4,3,5,2,0,20.0,44.0,49.0,42.0,32.714285714285715,8.596787882968941,36.285714285714285,9.433398697659893,37.266666666666666,9.213682978211745
2024-05-04,101,Wireless Ergonomic Mouse,Electronics,18.5,39.99,7,50,5,4,5,2,1,50.0,28.0,56.0,44.0,33.57142857142857,10.080627342534163,36.357142857142854,9.540255946067898,37.666666666666664,9.502570735054437
2024-05-05,101,Wireless Ergonomic Mouse,Electronics,18.5,39.99,7,38,6,5,5,2,1,50.0,39.0,36.0,35.0,36.714285714285715,11.397577019031798,35.92857142857143,8.686543844132965,38.2,9.73582081267687
2024-05-06,101,Wireless Ergonomic Mouse,Electronics,18.5,39.99,7,32,0,6,5,2,0,38.0,25.0,41.0,42.0,36.57142857142857,11.370387604902225,36.07142857142857,8.704236684726387,38.06666666666667,9.70933902836936
2024-05-07,101,Wireless Ergonomic Mouse,Electronics,18.5,39.99,7,39,1,7,5,2,0,32.0,38.0,31.0,29.0,37.57142857142857,10.45398078655754,35.42857142857143,8.644378215075683,37.666666666666664,9.703654957809983
2024-05-08,101,Wireless Ergonomic Mouse,Electronics,18.5,39.99,7,31,2,8,5,2,0,39.0,35.0,34.0,39.0,37.714285714285715,10.467637200984209,36.0,8.593378488473215,37.8,9.693225504941868
2024-05-09,101,Wireless Ergonomic Mouse,Electronics,18.5,39.99,7,26,3,9,5,2,0,31.0,20.0,32.0,26.0,37.142857142857146,10.745984853711194,35.785714285714285,8.68401335282761,37.43333333333333,9.73682428343231
2024-05-10,101,Wireless Ergonomic Mouse,Electronics,18.5,39.99,7,50,4,10,5,2,0,26.0,50.0,44.0,62.0,38.0,9.291573243177568,35.357142857142854,9.026517710502889,37.333333333333336,9.841268958454698
2024-05-11,101,Wireless Ergonomic Mouse,Electronics,18.5,39.99,7,53,5,11,5,2,1,50.0,50.0,28.0,50.0,38.0,9.291573243177568,35.785714285714285,9.593095044221801,37.7,10.106843021540866
2024-05-12,101,Wireless Ergonomic Mouse,Electronics,18.5,39.99,7,46,6,12,5,2,1,53.0,38.0,39.0,25.0,38.42857142857143,9.980934205726816,37.57142857142857,10.330792550684345,38.6,10.230448131216816
2024-05-13,101,Wireless Ergonomic Mouse,Electronics,18.5,39.99,7,34,0,13,5,2,0,46.0,32.0,25.0,40.0,39.57142857142857,10.373960074101293,38.07142857142857,10.571836938949481,38.06666666666667,9.347444177082767
2024-05-14,101,Wireless Ergonomic Mouse,Electronics,18.5,39.99,7,32,1,14,5,2,0,34.0,39.0,38.0,36.0,39.857142857142854,10.15592719267213,38.714285714285715,9.97248963150877,37.53333333333333,9.096165669393772
2024-05-15,101,Wireless Ergonomic Mouse,Electronics,18.5,39.99,7,30,2,15,5,2,0,32.0,31.0,35.0,30.0,38.857142857142854,10.589752458998142,38.285714285714285,10.133179100426437,37.766666666666666,8.850027599151739
2024-05-16,101,Wireless Ergonomic Mouse,Electronics,18.5,39.99,7,19,3,16,5,2,0,30.0,26.0,20.0,38.0,38.714285714285715,10.719363875937878,37.92857142857143,10.343814842431488,37.43333333333333,8.950759294832107
2024-05-17,101,Wireless Ergonomic Mouse,Electronics,18.5,39.99,7,58,4,17,5,2,0,19.0,50.0,50.0,49.0,37.714285714285715,12.311434870535138,37.857142857142854,10.479703040839292,36.86666666666667,9.56189756572782
2024-05-18,101,Wireless Ergonomic Mouse,Electronics,18.5,39.99,7,49,5,18,5,2,1,58.0,53.0,50.0,56.0,38.857142857142854,13.909571901255282,38.42857142857143,11.372803495209958,37.8,10.212905966269465
2024-05-19,101,Wireless Ergonomic Mouse,Electronics,18.5,39.99,7,33,6,19,5,2,1,49.0,46.0,38.0,36.0,38.285714285714285,13.300554947247948,38.357142857142854,11.297427500624583,38.166666666666664,10.415781571592543
2024-05-20,101,Wireless Ergonomic Mouse,Electronics,18.5,39.99,7,27,0,20,5,2,0,33.0,34.0,32.0,41.0,36.42857142857143,12.946777499402987,38.0,11.388253057089491,37.63333333333333,10.25025931827846
2024-05-21,101,Wireless Ergonomic Mouse,Electronics,18.5,39.99,7,31,1,21,5,2,0,27.0,32.0,39.0,31.0,35.42857142857143,13.42705158572477,37.642857142857146,11.665907876946699,36.666666666666664,9.81671106287408
2024-05-22,101,Wireless Ergonomic Mouse,Electronics,18.5,39.99,7,35,2,22,5,2,0,31.0,30.0,31.0,34.0,35.285714285714285,13.474844287465007,37.07142857142857,11.789593101312102,36.5,9.870716006590351
2024-05-23,101,Wireless Ergonomic Mouse,Electronics,18.5,39.99,7,31,3,23,5,2,0,35.0,19.0,26.0,32.0,36.0,13.279056191361384,37.357142857142854,11.679088102292035,36.3,9.837121810633521
2024-05-24,101,Wireless Ergonomic Mouse,Electronics,18.5,39.99,7,50,4,24,5,2,0,31.0,58.0,50.0,44.0,37.714285714285715,11.353623294119009,37.714285714285715,11.37763373687824,36.3,9.837121810633521
2024-05-25,101,Wireless Ergonomic Mouse,Electronics,18.5,39.99,7,53,5,25,5,2,1,50.0,49.0,53.0,28.0,36.57142857142857,9.162553189607182,37.714285714285715,11.37763373687824,36.833333333333336,10.137276153686074
2024-05-26,101,Wireless Ergonomic Mouse,Electronics,18.5,39.99,7,22,6,26,5,2,1,53.0,33.0,46.0,39.0,37.142857142857146,10.139503134252864,37.714285714285715,11.37763373687824,37.53333333333333,10.510203034009017
2024-05-27,101,Wireless Ergonomic Mouse,Electronics,18.5,39.99,7,45,0,27,5,2,0,22.0,27.0,34.0,25.0,35.57142857142857,11.631238725334203,36.0,11.832159566199248,36.8,10.806766717966669
2024-05-28,101,Wireless Ergonomic Mouse,Electronics,18.5,39.99,7,31,1,28,5,2,0,45.0,31.0,32.0,38.0,38.142857142857146,11.408017231002813,36.785714285714285,12.052312714091109,37.36666666666667,10.77507767260056
2024-05-29,101,Wireless Ergonomic Mouse,Electronics,18.5,39.99,7,32,2,29,5,2,0,31.0,35.0,30.0,35.0,38.142857142857146,11.408017231002813,36.714285714285715,12.08577403669018,37.1,10.832104262728505
2024-05-30,101,Wireless Ergonomic Mouse,Electronics,18.5,39.99,7,45,3,30,5,2,0,32.0,31.0,19.0,20.0,37.714285714285715,11.60049260037816,36.857142857142854,12.011898862615965,37.333333333333336,10.636091236051408
2024-05-31,101,Wireless Ergonomic Mouse,Electronics,18.5,39.99,7,43,4,31,5,2,0,45.0,50.0,58.0,50.0,39.714285714285715,11.455919659202193,38.714285714285715,11.006491591004721,37.56666666666667,10.727609668299955
2024-06-01,101,Wireless Ergonomic Mouse,Electronics,18.5,39.99,7,39,5,1,6,2,1,43.0,53.0,49.0,50.0,38.714285714285715,10.688222267435087,37.642857142857146,9.628540450597466,37.833333333333336,10.760987434929614
2024-06-02,101,Wireless Ergonomic Mouse,Electronics,18.5,39.99,7,24,6,2,6,2,1,39.0,22.0,33.0,38.0,36.714285714285715,8.693182879212216,36.92857142857143,9.07629444647546,38.46666666666667,10.220781174454935
2024-06-03,101,Wireless Ergonomic Mouse,Electronics,18.5,39.99,7,23,0,3,6,2,0,24.0,45.0,27.0,32.0,37.0,8.144527815247068,36.285714285714285,9.674936465134849,37.6,10.311025234151584
2024-06-04,101,Wireless Ergonomic Mouse,Electronics,18.5,39.99,7,40,1,4,6,2,0,23.0,31.0,31.0,39.0,33.857142857142854,8.76410427879104,36.0,10.023050357128755,36.7,10.369550916355871
2024-06-05,101,Wireless Ergonomic Mouse,Electronics,18.5,39.99,7,39,2,5,6,2,0,40.0,32.0,35.0,31.0,35.142857142857146,8.933617621631424,36.642857142857146,9.966151505178729,36.766666666666666,10.384615057143805
2024-06-06,101,Wireless Ergonomic Mouse,Electronics,18.5,39.99,7,25,3,6,6,2,0,39.0,45.0,31.0,26.0,36.142857142857146,8.91494197828512,36.92857142857143,9.972765110842849,37.0,10.35241101353225
2024-06-07,101,Wireless Ergonomic Mouse,Electronics,18.5,39.99,7,52,4,7,6,2,0,25.0,43.0,50.0,50.0,33.285714285714285,8.80746436674189,36.5,10.368220676663881,36.53333333333333,10.572356059255593
2024-06-08,101,Wireless Ergonomic Mouse,Electronics,18.5,39.99,7,55,5,8,6,2,1,52.0,39.0,53.0,53.0,34.57142857142857,10.875923606099573,36.642857142857146,10.580149358093243,37.233333333333334,10.883975355550483
2024-06-09,101,Wireless Ergonomic Mouse,Electronics,18.5,39.99,7,29,6,9,6,2,1,55.0,24.0,22.0,46.0,36.857142857142854,13.359498137137873,36.785714285714285,10.828584476201966,38.2,11.136767314032246
2024-06-10,101,Wireless Ergonomic Mouse,Electronics,18.5,39.99,7,31,0,10,6,2,0,29.0,23.0,45.0,34.0,37.57142857142857,12.673557023150504,37.285714285714285,10.238904474364691,37.5,11.028958746612625
2024-06-11,101,Wireless Ergonomic Mouse,Electronics,18.5,39.99,7,40,1,11,6,2,0,31.0,40.0,31.0,32.0,38.714285714285715,11.44136189029793,36.285714285714285,10.110379825693032,36.766666666666666,10.68896734902423
2024-06-12,101,Wireless Ergonomic Mouse,Electronics,18.5,39.99,7,38,2,12,6,2,0,40.0,39.0,32.0,30.0,38.714285714285715,11.44136189029793,36.92857142857143,10.034281896917868,36.56666666666667,10.565667670967777
2024-06-13,101,Wireless Ergonomic Mouse,Electronics,18.5,39.99,7,25,3,13,6,2,0,38.0,25.0,45.0,19.0,38.57142857142857,11.443442705426584,37.357142857142854,9.935229801508955,36.7,10.557396492017125
2024-06-14,101,Wireless Ergonomic Mouse,Electronics,18.5,39.99,7,50,4,14,6,2,0,25.0,52.0,43.0,58.0,38.57142857142857,11.443442705426584,35.92857142857143,10.18644865808181,36.46666666666667,10.740620072427392
2024-06-15,101,Wireless Ergonomic Mouse,Electronics,18.5,39.99,7,46,5,15,6,2,1,50.0,55.0,39.0,49.0,38.285714285714285,11.071198154284318,36.42857142857143,10.7181677948762,37.13333333333333,10.944163405380902
2024-06-16,101,Wireless Ergonomic Mouse,Electronics,18.5,39.99,7,31,6,16,6,2,1,46.0,29.0,24.0,33.0,37.0,9.16515138991167,36.92857142857143,11.00674119112247,38.03333333333333,10.502818450411265
2024-06-17,101,Wireless Ergonomic Mouse,Electronics,18.5,39.99,7,42,0,17,6,2,0,31.0,31.0,23.0,27.0,37.285714285714285,8.90157824422698,37.42857142857143,10.522607791097947,37.13333333333333,9.87065778241104
2024-06-18,101,Wireless Ergonomic Mouse,Electronics,18.5,39.99,7,46,1,18,6,2,0,42.0,40.0,40.0,31.0,38.857142857142854,8.571825387640045,38.785714285714285,9.712629141234897,36.9,9.66097731902011
2024-06-19,101,Wireless Ergonomic Mouse,Electronics,18.5,39.99,7,36,2,19,6,2,0,46.0,38.0,39.0,35.0,39.714285714285715,8.994707438530833,39.214285714285715,9.900882411556712,37.333333333333336,9.770939789386508
2024-06-20,101,Wireless Ergonomic Mouse,Electronics,18.5,39.99,7,30,3,20,6,2,0,36.0,25.0,25.0,31.0,39.42857142857143,9.089502055616006,39.0,9.938271015082616,37.63333333333333,9.579012019220364
2024-06-21,101,Wireless Ergonomic Mouse,Electronics,18.5,39.99,7,54,4,21,6,2,0,30.0,50.0,52.0,50.0,40.142857142857146,7.883074092183654,39.357142857142854,9.47553240117487,37.6,9.604596600694345
2024-06-22,101,Wireless Ergonomic Mouse,Electronics,18.5,39.99,7,39,5,22,6,2,1,54.0,46.0,55.0,53.0,40.714285714285715,8.807464366741918,39.5,9.693376009499424,38.233333333333334,10.043640407923743
2024-06-23,101,Wireless Ergonomic Mouse,Electronics,18.5,39.99,7,21,6,23,6,2,1,39.0,31.0,29.0,22.0,39.714285714285715,8.499299691038976,38.357142857142854,8.607752702849163,38.5,9.950740745256647
2024-06-24,101,Wireless Ergonomic Mouse,Electronics,18.5,39.99,7,32,0,24,6,2,0,21.0,42.0,31.0,45.0,38.285714285714285,10.75041527437096,37.785714285714285,9.496384505764242,37.53333333333333,10.20051835509569
2024-06-25,101,Wireless Ergonomic Mouse,Electronics,18.5,39.99,7,31,1,25,6,2,0,32.0,46.0,40.0,31.0,36.857142857142854,10.838643387259784,37.857142857142854,9.44504056152178,36.833333333333336,9.815832858838014
2024-06-26,101,Wireless Ergonomic Mouse,Electronics,18.5,39.99,7,26,2,26,6,2,0,31.0,36.0,38.0,32.0,34.714285714285715,10.193368525897684,37.214285714285715,9.593095044221805,37.13333333333333,9.478590515520752
2024-06-27,101,Wireless Ergonomic Mouse,Electronics,18.5,39.99,7,35,3,27,6,2,0,26.0,30.0,25.0,45.0,33.285714285714285,10.672617387724598,36.357142857142854,10.043039249282947,36.5,9.5691674411749
2024-06-28,101,Wireless Ergonomic Mouse,Electronics,18.5,39.99,7,38,4,28,6,2,0,35.0,54.0,50.0,43.0,34.0,10.583005244258342,37.07142857142857,9.514881346236928,36.63333333333333,9.517618266733793
2024-06-29,101,Wireless Ergonomic Mouse,Electronics,18.5,39.99,7,55,5,29,6,2,1,38.0,39.0,46.0,39.0,31.714285714285715,6.473388749701454,36.214285714285715,8.7721462282927,36.833333333333336,9.479863716950494
2024-06-30,101,Wireless Ergonomic Mouse,Electronics,18.5,39.99,7,31,6,30,6,2,1,55.0,21.0,31.0,24.0,34.0,10.83205120618126,36.857142857142854,9.812528434899678,37.166666666666664,9.941495528004513
2024-07-01,101,Wireless Ergonomic Mouse,Electronics,18.5,39.99,7,31,0,1,7,3,0,31.0,32.0,42.0,23.0,35.42857142857143,9.396047801374465,36.857142857142854,9.812528434899678,36.766666666666666,9.940108003761186
2024-07-02,101,Wireless Ergonomic Mouse,Electronics,18.5,39.99,7,39,1,2,7,3,0,31.0,31.0,46.0,40.0,35.285714285714285,9.464218328601058,36.07142857142857,9.809448237555214,36.5,9.985334073115657
2024-07-03,101,Wireless Ergonomic Mouse,Electronics,18.5,39.99,7,32,2,3,7,3,0,39.0,26.0,36.0,39.0,36.42857142857143,9.34268239242424,35.57142857142857,9.435728219537028,37.0,9.709575792431197
2024-07-04,101,Wireless Ergonomic Mouse,Electronics,18.5,39.99,7,25,3,4,7,3,0,32.0,35.0,30.0,25.0,37.285714285714285,8.459989868281655,35.285714285714285,9.482198474620127,37.3,9.396074015063533
2024-07-05,101,Wireless Ergonomic Mouse,Electronics,18.5,39.99,7,35,4,5,7,3,0,25.0,38.0,54.0,52.0,35.857142857142854,9.668308563352232,34.92857142857143,9.785894760507933,36.8,9.643293184813798
2024-07-06,101,Wireless Ergonomic Mouse,Electronics,18.5,39.99,7,40,5,6,7,3,1,35.0,55.0,39.0,55.0,35.42857142857143,9.623879031817017,33.57142857142857,8.11185538592732,36.666666666666664,9.639478213569728
2024-07-07,101,Wireless Ergonomic Mouse,Electronics,18.5,39.99,7,38,6,7,7,3,1,40.0,31.0,21.0,29.0,33.285714285714285,5.186980037050598,33.642857142857146,8.167544992761991,37.166666666666664,9.39949864155765
2024-07-08,101,Wireless Ergonomic Mouse,Electronics,18.5,39.99,7,49,0,8,7,3,0,38.0,31.0,32.0,31.0,34.285714285714285,5.3452248382484475,34.857142857142854,7.367883976130097,36.7,8.97563752418276
2024-07-09,101,Wireless Ergonomic Mouse,Electronics,18.5,39.99,7,30,1,9,7,3,0,49.0,39.0,31.0,40.0,36.857142857142854,7.425823667638281,36.07142857142857,8.213162847286325,36.5,8.613341696021015
2024-07-10,101,Wireless Ergonomic Mouse,Electronics,18.5,39.99,7,23,2,10,7,3,0,30.0,32.0,26.0,38.0,35.57142857142857,7.764387566686371,36.0,8.264846780654361,36.53333333333333,8.585205130131554
2024-07-11,101,Wireless Ergonomic Mouse,Electronics,18.5,39.99,7,36,3,11,7,3,0,23.0,25.0,35.0,25.0,34.285714285714285,9.086882225022405,35.785714285714285,8.577058590562064,36.266666666666666,8.88211427662293
2024-07-12,101,Wireless Ergonomic Mouse,Electronics,18.5,39.99,7,49,4,12,7,3,0,36.0,35.0,38.0,50.0,35.857142857142854,8.112306935115527,35.857142857142854,8.57417538405204,36.13333333333333,8.854117815957213
2024-07-13,101,Wireless Ergonomic Mouse,Electronics,18.5,39.99,7,52,5,13,7,3,1,49.0,40.0,55.0,46.0,37.857142857142854,9.476788686550078,36.642857142857146,9.262057778145998,36.5,9.156682127616271
2024-07-14,101,Wireless Ergonomic Mouse,Electronics,18.5,39.99,7,20,6,14,7,3,1,52.0,38.0,31.0,31.0,39.57142857142857,10.906529280774008,36.42857142857143,8.82927199468022,37.4,9.31294982713635
2024-07-15,101,Wireless Ergonomic Mouse,Electronics,18.5,39.99,7,33,0,15,7,3,0,20.0,49.0,31.0,42.0,37.0,13.216151734399329,35.642857142857146,9.787017640002224,36.4,9.521663140729018
2024-07-16,101,Wireless Ergonomic Mouse,Electronics,18.5,39.99,7,30,1,16,7,3,0,33.0,30.0,39.0,46.0,34.714285714285715,12.134170562428025,35.785714285714285,9.72845605134019,35.96666666666667,9.364214101948267
2024-07-17,101,Wireless Ergonomic Mouse,Electronics,18.5,39.99,7,33,2,17,7,3,0,30.0,23.0,32.0,36.0,34.714285714285715,12.134170562428025,35.142857142857146,9.796837345695923,35.93333333333333,9.38426170863176
2024-07-18,101,Wireless Ergonomic Mouse,Electronics,18.5,39.99,7,35,3,18,7,3,0,33.0,36.0,25.0,30.0,36.142857142857146,11.066896153673358,35.214285714285715,9.775783041062974,35.63333333333333,9.327317437222396
2024-07-19,101,Wireless Ergonomic Mouse,Electronics,18.5,39.99,7,55,4,19,7,3,0,35.0,49.0,35.0,54.0,36.0,11.075498483890751,35.92857142857143,9.32708451202764,35.266666666666666,9.11963903298559
2024-07-20,101,Wireless Ergonomic Mouse,Electronics,18.5,39.99,7,46,5,20,7,3,1,55.0,52.0,40.0,39.0,36.857142857142854,12.40199676703407,37.357142857142854,10.616439667270367,35.9,9.806226030717301
2024-07-21,101,Wireless Ergonomic Mouse,Electronics,18.5,39.99,7,37,6,21,7,3,1,46.0,20.0,38.0,21.0,36.0,11.343133018115688,37.785714285714285,10.849874663782101,36.43333333333333,9.90883734205304
2024-07-22,101,Wireless Ergonomic Mouse,Electronics,18.5,39.99,7,43,0,22,7,3,0,37.0,33.0,49.0,32.0,38.42857142857143,8.904252595569947,37.714285714285715,10.851646960634238,35.86666666666667,9.33932484207223
2024-07-23,101,Wireless Ergonomic Mouse,Electronics,18.5,39.99,7,36,1,23,7,3,0,43.0,30.0,30.0,31.0,39.857142857142854,8.687703406320361,37.285714285714285,10.483896599646929,36.0,9.413856258472018
2024-07-24,101,Wireless Ergonomic Mouse,Electronics,18.5,39.99,7,20,2,24,7,3,0,36.0,33.0,23.0,26.0,40.714285714285715,7.8041502999853805,37.714285714285715,10.283882620792708,36.5,8.977942318586283
2024-07-25,101,Wireless Ergonomic Mouse,Electronics,18.5,39.99,7,32,3,25,7,3,0,20.0,35.0,36.0,35.0,38.857142857142854,10.884676865951986,37.5,10.639187360522806,36.1,9.44074076579253
2024-07-26,101,Wireless Ergonomic Mouse,Electronics,18.5,39.99,7,53,4,26,7,3,0,32.0,55.0,49.0,38.0,38.42857142857143,11.118410300894974,37.214285714285715,10.735839126879755,36.13333333333333,9.423863082743681
2024-07-27,101,Wireless Ergonomic Mouse,Electronics,18.5,39.99,7,59,5,27,7,3,1,53.0,46.0,52.0,55.0,38.142857142857146,10.636863125135013,37.5,11.119975096817738,37.03333333333333,9.707740719913048
2024-07-28,101,Wireless Ergonomic Mouse,Electronics,18.5,39.99,7,32,6,28,7,3,1,59.0,37.0,20.0,31.0,40.0,13.089435944047908,38.0,11.948607900890854,37.833333333333336,10.491649662644985
2024-07-29,101,Wireless Ergonomic Mouse,Electronics,18.5,39.99,7,41,0,29,7,3,0,32.0,43.0,33.0,31.0,39.285714285714285,13.41285808113848,38.857142857142854,10.94642296936202,37.63333333333333,10.545413558814905
2024-07-30,101,Wireless Ergonomic Mouse,Electronics,18.5,39.99,7,33,1,30,7,3,0,41.0,36.0,30.0,39.0,39.0,13.34166406412633,39.42857142857143,10.82528582471677,37.166666666666664,10.048445868283142
2024-07-31,101,Wireless Ergonomic Mouse,Electronics,18.5,39.99,7,47,2,31,7,3,0,33.0,20.0,33.0,32.0,38.57142857142857,13.501322686526464,39.642857142857146,10.652606346712652,37.233333333333334,10.012693093693935
2024-08-01,101,Wireless Ergonomic Mouse,Electronics,18.5,39.99,7,29,3,1,8,3,0,47.0,32.0,35.0,25.0,42.42857142857143,10.92179995631281,40.642857142857146,10.638154429708681,37.766666666666666,10.09500843993205
2024-08-02,101,Wireless Ergonomic Mouse,Electronics,18.5,39.99,7,53,4,2,8,3,0,29.0,53.0,55.0,35.0,42.0,11.445523142259606,40.214285714285715,10.997752018051242,37.43333333333333,10.217238081937259
2024-08-03,101,Wireless Ergonomic Mouse,Electronics,18.5,39.99,7,41,5,3,8,3,1,53.0,59.0,46.0,40.0,42.0,11.445523142259606,40.07142857142857,10.802167059753053,38.13333333333333,10.546231009500389
2024-08-04,101,Wireless Ergonomic Mouse,Electronics,18.5,39.99,7,34,6,4,8,3,1,41.0,32.0,37.0,38.0,39.42857142857143,8.676734079462982,39.714285714285715,10.672960597326714,38.666666666666664,10.259842484955236
2024-08-05,101,Wireless Ergonomic Mouse,Electronics,18.5,39.99,7,34,0,5,8,3,0,34.0,41.0,43.0,49.0,39.714285714285715,8.420496535523421,39.5,10.761398250584957,38.63333333333333,10.273780935597378
2024-08-06,101,Wireless Ergonomic Mouse,Electronics,18.5,39.99,7,35,1,6,8,3,0,34.0,33.0,36.0,30.0,38.714285714285715,8.65475371716387,38.857142857142854,10.804964264043326,38.43333333333333,10.3046134071718
2024-08-07,101,Wireless Ergonomic Mouse,Electronics,18.5,39.99,7,42,2,7,8,3,0,35.0,47.0,20.0,23.0,39.0,8.465616732800195,38.785714285714285,10.828584476201971,38.333333333333336,10.32350292505788
2024-08-08,101,Wireless Ergonomic Mouse,Electronics,18.5,39.99,7,26,3,8,8,3,0,42.0,29.0,32.0,36.0,38.285714285714285,7.867957924694426,40.357142857142854,9.394000891380278,38.1,10.151779188381495
2024-08-09,101,Wireless Ergonomic Mouse,Electronics,18.5,39.99,7,56,4,9,8,3,0,26.0,53.0,53.0,49.0,37.857142857142854,8.513294924774447,39.92857142857143,9.926377336821712,37.96666666666667,10.287197712769482
2024-08-10,101,Wireless Ergonomic Mouse,Electronics,18.5,39.99,7,55,5,10,8,3,1,56.0,41.0,59.0,52.0,38.285714285714285,9.42893217203103,40.142857142857146,10.25713367412124,39.06666666666667,10.395401282109914
2024-08-11,101,Wireless Ergonomic Mouse,Electronics,18.5,39.99,7,26,6,11,8,3,1,55.0,34.0,32.0,20.0,40.285714285714285,11.382944635349352,39.857142857142854,9.733820049048237,39.7,10.774010875473817
2024-08-12,101,Wireless Ergonomic Mouse,Electronics,18.5,39.99,7,31,0,12,8,3,0,26.0,34.0,41.0,33.0,39.142857142857146,12.469009201864855,39.42857142857143,10.226017238956192,38.93333333333333,10.906920717610005
2024-08-13,101,Wireless Ergonomic Mouse,Electronics,18.5,39.99,7,32,1,13,8,3,0,31.0,35.0,33.0,30.0,38.714285714285715,12.724180205607032,38.714285714285715,10.454506363128958,38.233333333333334,10.711525643399069
2024-08-14,101,Wireless Ergonomic Mouse,Electronics,18.5,39.99,7,43,2,14,8,3,0,32.0,42.0,47.0,33.0,38.285714285714285,12.919162585274705,38.642857142857146,10.499869177625659,38.63333333333333,10.219937692411929
2024-08-15,101,Wireless Ergonomic Mouse,Electronics,18.5,39.99,7,34,3,15,8,3,0,43.0,26.0,29.0,35.0,38.42857142857143,12.972498382567414,38.357142857142854,10.307630801850312,38.96666666666667,10.192909412863974
2024-08-16,101,Wireless Ergonomic Mouse,Electronics,18.5,39.99,7,49,4,16,8,3,0,34.0,56.0,53.0,55.0,39.57142857142857,12.011898862615947,38.714285714285715,10.041671416410987,39.1,10.097285398254005
2024-08-17,101,Wireless Ergonomic Mouse,Electronics,18.5,39.99,7,51,5,17,8,3,1,49.0,55.0,41.0,46.0,38.57142857142857,10.62790576512517,38.42857142857143,9.653331714326082,39.63333333333333,10.186141137072875
2024-08-18,101,Wireless Ergonomic Mouse,Electronics,18.5,39.99,7,34,6,18,8,3,1,51.0,26.0,34.0,37.0,38.0,9.660917830792952,39.142857142857146,10.212037714663753,40.166666666666664,10.352688584108996
2024-08-19,101,Wireless Ergonomic Mouse,Electronics,18.5,39.99,7,36,0,19,8,3,0,34.0,31.0,34.0,43.0,39.142857142857146,8.395009855633907,39.142857142857146,10.212037714663753,39.46666666666667,10.019750610611576
2024-08-20,101,Wireless Ergonomic Mouse,Electronics,18.5,39.99,7,24,1,20,8,3,0,36.0,32.0,35.0,36.0,39.857142857142854,7.776643908280133,39.285714285714285,10.148350160938064,39.13333333333333,9.961073662299038
2024-08-21,101,Wireless Ergonomic Mouse,Electronics,18.5,39.99,7,26,2,21,8,3,0,24.0,43.0,42.0,20.0,38.714285714285715,9.516902257112262,38.5,10.903422186846473,38.7,10.332906924832034
2024-08-22,101,Wireless Ergonomic Mouse,Electronics,18.5,39.99,7,27,3,22,8,3,0,26.0,34.0,26.0,32.0,36.285714285714285,10.3716646962495,37.357142857142854,11.338207312222933,38.13333333333333,10.552768335381494
2024-08-23,101,Wireless Ergonomic Mouse,Electronics,18.5,39.99,7,43,4,23,8,3,0,27.0,49.0,56.0,53.0,35.285714285714285,10.950103282835348,37.42857142857143,11.264063249073194,37.833333333333336,10.741743688585423
2024-08-24,101,Wireless Ergonomic Mouse,Electronics,18.5,39.99,7,62,5,24,8,3,1,43.0,51.0,55.0,59.0,34.42857142857143,9.88023520059351,36.5,10.089979797189525,38.6,10.233818177139902
2024-08-25,101,Wireless Ergonomic Mouse,Electronics,18.5,39.99,7,37,6,25,8,3,1,62.0,34.0,26.0,32.0,36.0,13.253930234714016,37.0,11.190655442411304,39.6,11.003447735549345
2024-08-26,101,Wireless Ergonomic Mouse,Electronics,18.5,39.99,7,28,0,26,8,3,0,37.0,36.0,31.0,41.0,36.42857142857143,13.226956602044956,37.785714285714285,10.735839126879757,39.06666666666667,10.715548912946437
2024-08-27,101,Wireless Ergonomic Mouse,Electronics,18.5,39.99,7,28,1,27,8,3,0,28.0,24.0,32.0,33.0,35.285714285714285,13.610220249433688,37.57142857142857,10.910223051476425,38.03333333333333,10.209810472533652
2024-08-28,101,Wireless Ergonomic Mouse,Electronics,18.5,39.99,7,28,2,28,8,3,0,28.0,26.0,43.0,47.0,35.857142857142854,13.133019092203822,37.285714285714285,11.117751373564536,37.9,10.316876030780012
2024-08-29,101,Wireless Ergonomic Mouse,Electronics,18.5,39.99,7,26,3,29,8,3,0,28.0,27.0,34.0,29.0,36.142857142857146,12.902565267271084,36.214285714285715,11.24673334746634,37.46666666666667,10.454279220634431
2024-08-30,101,Wireless Ergonomic Mouse,Electronics,18.5,39.99,7,44,4,30,8,3,0,26.0,43.0,49.0,53.0,36.0,13.025615788386602,35.642857142857146,11.566577466377625,37.233333333333334,10.633983693583636
2024-08-31,101,Wireless Ergonomic Mouse,Electronics,18.5,39.99,7,51,5,31,8,3,1,44.0,62.0,51.0,41.0,36.142857142857146,13.120322295692922,35.285714285714285,11.193600997744364,37.13333333333333,10.55276833538149
2024-09-01,101,Wireless Ergonomic Mouse,Electronics,18.5,39.99,7,36,6,1,9,3,1,51.0,37.0,34.0,34.0,34.57142857142857,9.727232269204181,35.285714285714285,11.193600997744364,37.86666666666667,10.730984250687639
2024-09-02,101,Wireless Ergonomic Mouse,Electronics,18.5,39.99,7,22,0,2,9,3,0,36.0,28.0,36.0,34.0,34.42857142857143,9.692903638867996,35.42857142857143,11.188691308049101,37.3,10.346247029053929
2024-09-03,101,Wireless Ergonomic Mouse,Electronics,18.5,39.99,7,40,1,3,9,3,0,22.0,28.0,24.0,35.0,33.57142857142857,10.58075521654198,34.42857142857143,11.745469081992605,36.666666666666664,10.687838184472648
2024-09-04,101,Wireless Ergonomic Mouse,Electronics,18.5,39.99,7,28,2,4,9,3,0,40.0,28.0,26.0,42.0,35.285714285714285,10.499433091271872,35.57142857142857,11.426785574754998,36.86666666666667,10.69235412720742
2024-09-05,101,Wireless Ergonomic Mouse,Electronics,18.5,39.99,7,32,3,5,9,3,0,28.0,26.0,27.0,26.0,35.285714285714285,10.499433091271872,35.714285714285715,11.309822629559152,36.666666666666664,10.803362609769296
2024-09-06,101,Wireless Ergonomic Mouse,Electronics,18.5,39.99,7,54,4,6,9,3,0,32.0,44.0,43.0,56.0,36.142857142857146,9.839183086492675,36.07142857142857,11.090288792204914,36.56666666666667,10.833165339104179
2024-09-07,101,Wireless Ergonomic Mouse,Electronics,18.5,39.99,7,50,5,7,9,3,1,54.0,51.0,62.0,55.0,37.57142857142857,11.716898663286036,36.857142857142854,11.973413772297267,36.96666666666667,11.254066953262102
2024-09-08,101,Wireless Ergonomic Mouse,Electronics,18.5,39.99,7,34,6,8,9,3,1,50.0,36.0,37.0,26.0,37.42857142857143,11.530497862294618,36.0,10.355229076692106,37.766666666666666,11.300544183824739
2024-09-09,101,Wireless Ergonomic Mouse,Electronics,18.5,39.99,7,26,0,9,9,3,0,34.0,22.0,28.0,31.0,37.142857142857146,11.596386957849857,35.785714285714285,10.36398031222022,37.03333333333333,10.778277430453182
2024-09-10,101,Wireless Ergonomic Mouse,Electronics,18.5,39.99,7,35,1,10,9,3,0,26.0,40.0,28.0,32.0,37.714285714285715,10.79682493010924,35.642857142857146,10.492540521408863,36.06666666666667,10.4053478734647
2024-09-11,101,Wireless Ergonomic Mouse,Electronics,18.5,39.99,7,30,2,11,9,3,0,35.0,28.0,28.0,43.0,37.0,10.785793124908947,36.142857142857146,10.264630405554687,36.36666666666667,10.23342506230184
2024-09-12,101,Wireless Ergonomic Mouse,Electronics,18.5,39.99,7,29,3,12,9,3,0,30.0,32.0,26.0,34.0,37.285714285714285,10.531132982958752,36.285714285714285,10.155927192672149,36.333333333333336,10.253118393035823
2024-09-13,101,Wireless Ergonomic Mouse,Electronics,18.5,39.99,7,53,4,13,9,3,0,29.0,54.0,44.0,49.0,36.857142857142854,10.838643387259784,36.5,9.951806948412031,36.233333333333334,10.31130391879453
2024-09-14,101,Wireless Ergonomic Mouse,Electronics,18.5,39.99,7,58,5,14,9,3,1,53.0,50.0,51.0,51.0,36.714285714285715,10.578504710249065,37.142857142857146,10.733535820445738,36.56666666666667,10.692192876381695
2024-09-15,101,Wireless Ergonomic Mouse,Electronics,18.5,39.99,7,25,6,15,9,3,1,58.0,34.0,36.0,34.0,37.857142857142854,12.50904434703908,37.642857142857146,11.559925091966155,37.36666666666667,11.369903809781267
2024-09-16,101,Wireless Ergonomic Mouse,Electronics,18.5,39.99,7,36,0,16,9,3,0,25.0,26.0,22.0,36.0,36.57142857142857,13.40220308826304,36.857142857142854,12.043875831929917,36.56666666666667,11.367477302809334
2024-09-17,101,Wireless Ergonomic Mouse,Electronics,18.5,39.99,7,33,1,17,9,3,0,36.0,35.0,40.0,24.0,38.0,12.596295751794118,37.857142857142854,11.271865198579412,36.06666666666667,11.035782969374068
2024-09-18,101,Wireless Ergonomic Mouse,Electronics,18.5,39.99,7,30,2,18,9,3,0,33.0,30.0,28.0,26.0,37.714285714285715,12.697956341006023,37.357142857142854,11.324630358084686,36.03333333333333,11.043747906217899
2024-09-19,101,Wireless Ergonomic Mouse,Electronics,18.5,39.99,7,37,3,19,9,3,0,30.0,29.0,32.0,27.0,37.714285714285715,12.697956341006023,37.5,11.209542638031524,35.833333333333336,11.098565714520976
2024-09-20,101,Wireless Ergonomic Mouse,Electronics,18.5,39.99,7,54,4,20,9,3,0,37.0,53.0,54.0,43.0,38.857142857142854,12.130245551630729,37.857142857142854,11.099945549812027,36.266666666666666,10.872088063043595
2024-09-21,101,Wireless Ergonomic Mouse,Electronics,18.5,39.99,7,41,5,21,9,3,1,54.0,58.0,50.0,62.0,39.0,12.328828005937952,37.857142857142854,11.099945549812027,37.2,11.158420355390211
2024-09-22,101,Wireless Ergonomic Mouse,Electronics,18.5,39.99,7,30,6,22,9,3,1,41.0,25.0,34.0,37.0,36.57142857142857,9.253056123197746,37.214285714285715,10.591568282427264,37.666666666666664,11.008878339724307
2024-09-23,101,Wireless Ergonomic Mouse,Electronics,18.5,39.99,7,28,0,23,9,3,0,30.0,36.0,26.0,28.0,37.285714285714285,8.360906763309927,36.92857142857143,10.737886095605518,37.233333333333334,11.047494124767933
2024-09-24,101,Wireless Ergonomic Mouse,Electronics,18.5,39.99,7,24,1,24,9,3,0,28.0,33.0,35.0,28.0,36.142857142857146,9.081640296564828,37.07142857142857,10.593643128087487,36.1,10.124568956342014
2024-09-25,101,Wireless Ergonomic Mouse,Electronics,18.5,39.99,7,33,2,25,9,3,0,24.0,30.0,30.0,28.0,34.857142857142854,10.172324733127128,36.285714285714285,11.152292426834352,35.666666666666664,10.360180178613382
2024-09-26,101,Wireless Ergonomic Mouse,Electronics,18.5,39.99,7,26,3,26,9,3,0,33.0,37.0,29.0,26.0,35.285714285714285,9.995236960911003,36.5,11.050582998891283,35.833333333333336,10.272438294083221
2024-09-27,101,Wireless Ergonomic Mouse,Electronics,18.5,39.99,7,59,4,27,9,3,0,26.0,54.0,53.0,44.0,33.714285714285715,10.531132982958727,36.285714285714285,11.234757684070479,35.766666666666666,10.331349457316584
2024-09-28,101,Wireless Ergonomic Mouse,Electronics,18.5,39.99,7,44,5,28,9,3,1,59.0,41.0,58.0,51.0,34.42857142857143,12.177262183500593,36.714285714285715,12.009154017655895,36.8,11.05285109107056
2024-09-29,101,Wireless Ergonomic Mouse,Electronics,18.5,39.99,7,45,6,29,9,3,1,44.0,30.0,25.0,36.0,34.857142857142854,12.495713550768382,35.714285714285715,10.60064273398678,37.4,10.934286473732776
2024-09-30,101,Wireless Ergonomic Mouse,Electronics,18.5,39.99,7,36,0,30,9,3,0,45.0,28.0,36.0,22.0,37.0,12.80624847486569,37.142857142857146,10.391247373536178,37.43333333333333,10.956601956664391
2024-10-01,101,Wireless Ergonomic Mouse,Electronics,18.5,39.99,7,39,1,1,10,4,0,36.0,24.0,33.0,40.0,38.142857142857146,12.212405870378577,37.142857142857146,10.391247373536178,36.93333333333333,10.654231257024659
2024-10-02,101,Wireless Ergonomic Mouse,Electronics,18.5,39.99,7,31,2,2,10,4,0,39.0,33.0,30.0,28.0,40.285714285714285,10.515294982615986,37.57142857142857,10.330792550684352,37.03333333333333,10.65924670086425
2024-10-03,101,Wireless Ergonomic Mouse,Electronics,18.5,39.99,7,35,3,3,10,4,0,31.0,26.0,37.0,32.0,40.0,10.770329614269022,37.642857142857146,10.277736527653778,37.333333333333336,10.343524822183529
2024-10-04,101,Wireless Ergonomic Mouse,Electronics,18.5,39.99,7,42,4,4,10,4,0,35.0,59.0,54.0,54.0,41.285714285714285,9.250482612892641,37.5,10.30123218917937,37.166666666666664,10.339356790950541
2024-10-05,101,Wireless Ergonomic Mouse,Electronics,18.5,39.99,7,47,5,5,10,4,1,42.0,44.0,41.0,50.0,38.857142857142854,5.145501965424811,36.642857142857146,9.270359240048949,37.63333333333333,10.22668360081922
2024-10-06,101,Wireless Ergonomic Mouse,Electronics,18.5,39.99,7,27,6,6,10,4,1,47.0,45.0,30.0,34.0,39.285714285714285,5.736267244886878,37.07142857142857,9.61940575259031,38.13333333333333,10.308126467228089
2024-10-07,101,Wireless Ergonomic Mouse,Electronics,18.5,39.99,7,35,0,7,10,4,0,27.0,36.0,28.0,26.0,36.714285714285715,6.7011015441315065,36.857142857142854,9.820364577731365,37.233333333333334,10.050504647934911
2024-10-08,101,Wireless Ergonomic Mouse,Electronics,18.5,39.99,7,32,1,8,10,4,0,35.0,39.0,24.0,35.0,36.57142857142857,6.7294661218936245,37.357142857142854,9.507949247924047,36.733333333333334,9.762466242012676
2024-10-09,101,Wireless Ergonomic Mouse,Electronics,18.5,39.99,7,31,2,9,10,4,0,32.0,31.0,33.0,30.0,35.57142857142857,6.827814263660604,37.92857142857143,8.861882815348421,36.666666666666664,9.788569453910172
2024-10-10,101,Wireless Ergonomic Mouse,Electronics,18.5,39.99,7,30,3,10,10,4,0,31.0,35.0,26.0,29.0,35.57142857142857,6.827814263660604,37.785714285714285,8.96298861067922,36.833333333333336,9.642160772763354
2024-10-11,101,Wireless Ergonomic Mouse,Electronics,18.5,39.99,7,58,4,11,10,4,0,30.0,42.0,59.0,53.0,34.857142857142854,7.151423434733576,38.07142857142857,8.61540914439212,36.666666666666664,9.717858900457225
2024-10-12,101,Wireless Ergonomic Mouse,Electronics,18.5,39.99,7,51,5,12,10,4,1,58.0,47.0,44.0,58.0,37.142857142857146,11.216484467493531,38.0,8.430713082350964,37.6,10.37769491381098
2024-10-13,101,Wireless Ergonomic Mouse,Electronics,18.5,39.99,7,32,6,13,10,4,1,51.0,27.0,45.0,25.0,37.714285714285715,11.884363476353926,38.5,9.002136498546454,38.333333333333336,10.525284280978006
2024-10-14,101,Wireless Ergonomic Mouse,Electronics,18.5,39.99,7,27,0,14,10,4,0,32.0,35.0,36.0,36.0,38.42857142857143,11.267314717907766,37.57142857142857,8.950412845779276,37.63333333333333,10.209810472533652
2024-10-15,101,Wireless Ergonomic Mouse,Electronics,18.5,39.99,7,46,1,15,10,4,0,27.0,32.0,39.0,33.0,37.285714285714285,12.051476890327388,36.92857142857143,9.384637903053536,36.6,9.62969545119465
2024-10-16,101,Wireless Ergonomic Mouse,Electronics,18.5,39.99,7,36,2,16,10,4,0,46.0,31.0,31.0,30.0,39.285714285714285,12.188988004400887,37.42857142857143,9.685153473342503,37.3,9.520033323615992
2024-10-17,101,Wireless Ergonomic Mouse,Electronics,18.5,39.99,7,27,3,17,10,4,0,36.0,30.0,35.0,37.0,40.0,11.761519176251579,37.785714285714285,9.5206542392242,37.3,9.520033323615992
2024-10-18,101,Wireless Ergonomic Mouse,Electronics,18.5,39.99,7,45,4,18,10,4,0,27.0,58.0,42.0,54.0,39.57142857142857,12.231886511043497,37.214285714285715,9.931911051900217,37.1,9.675243915663653
2024-10-19,101,Wireless Ergonomic Mouse,Electronics,18.5,39.99,7,44,5,19,10,4,1,45.0,51.0,47.0,41.0,37.714285714285715,9.690446940402794,37.42857142857143,10.074448148385402,37.6,9.683259639262992
2024-10-20,101,Wireless Ergonomic Mouse,Electronics,18.5,39.99,7,38,6,20,10,4,1,44.0,32.0,27.0,30.0,36.714285714285715,8.360906763309927,37.214285714285715,9.885331568530251,37.833333333333336,9.75239434202182
2024-10-21,101,Wireless Ergonomic Mouse,Electronics,18.5,39.99,7,32,0,21,10,4,0,38.0,27.0,35.0,28.0,37.57142857142857,8.100558475750148,38.0,9.438057166436518,37.3,9.263015074794081
2024-10-22,101,Wireless Ergonomic Mouse,Electronics,18.5,39.99,7,33,1,22,10,4,0,32.0,46.0,32.0,24.0,38.285714285714285,7.18132498717532,37.785714285714285,9.54486226220139,37.0,9.28476690885261
2024-10-23,101,Wireless Ergonomic Mouse,Electronics,18.5,39.99,7,34,2,23,10,4,0,33.0,36.0,31.0,33.0,36.42857142857143,6.502746672423431,37.857142857142854,9.501879513323399,37.1,9.222723062613097
2024-10-24,101,Wireless Ergonomic Mouse,Electronics,18.5,39.99,7,34,3,24,10,4,0,34.0,27.0,30.0,26.0,36.142857142857146,6.568322247184346,38.07142857142857,9.36823015642426,37.3,9.082571411680515
2024-10-25,101,Wireless Ergonomic Mouse,Electronics,18.5,39.99,7,58,4,25,10,4,0,34.0,45.0,58.0,59.0,37.142857142857146,5.367450401216918,38.357142857142854,9.16185354824891,37.63333333333333,8.755228323036818
2024-10-26,101,Wireless Ergonomic Mouse,Electronics,18.5,39.99,7,46,5,26,10,4,1,58.0,44.0,51.0,44.0,39.0,9.327379053088825,38.357142857142854,9.16185354824891,38.46666666666667,9.460383215003134
2024-10-27,101,Wireless Ergonomic Mouse,Electronics,18.5,39.99,7,33,6,27,10,4,1,46.0,38.0,32.0,45.0,39.285714285714285,9.534398874851112,38.0,8.717797887081385,39.13333333333333,9.254014351036842
2024-10-28,101,Wireless Ergonomic Mouse,Electronics,18.5,39.99,7,44,0,28,10,4,0,33.0,32.0,27.0,36.0,38.57142857142857,9.829498848824782,38.07142857142857,8.668814892956956,38.266666666666666,8.517460093054854
2024-10-29,101,Wireless Ergonomic Mouse,Electronics,18.5,39.99,7,37,1,29,10,4,0,44.0,33.0,46.0,39.0,40.285714285714285,9.53439887485112,39.285714285714285,8.175277661044037,38.266666666666666,8.517460093054854
2024-10-30,101,Wireless Ergonomic Mouse,Electronics,18.5,39.99,7,27,2,30,10,4,0,37.0,34.0,36.0,31.0,40.857142857142854,9.136530549185014,38.642857142857146,7.957648887967888,38.0,8.424103349400438
2024-10-31,101,Wireless Ergonomic Mouse,Electronics,18.5,39.99,7,37,3,31,10,4,0,27.0,34.0,27.0,35.0,39.857142857142854,10.318730080595714,38.0,8.530488307783525,37.7,8.654877038509818
2024-11-01,101,Wireless Ergonomic Mouse,Electronics,18.5,39.99,7,91,4,1,11,4,0,37.0,58.0,45.0,42.0,40.285714285714285,10.09478884894391,38.714285714285715,7.936561660379874,37.63333333333333,8.652220497665915
2024-11-02,101,Wireless Ergonomic Mouse,Electronics,18.5,39.99,7,68,5,2,11,4,1,91.0,46.0,44.0,47.0,45.0,21.268129521265728,42.0,16.081523081331124,39.63333333333333,12.938803796261901
2024-11-03,101,Wireless Ergonomic Mouse,Electronics,18.5,39.99,7,46,6,3,11,4,1,68.0,33.0,38.0,27.0,48.142857142857146,22.995858840441812,43.714285714285715,17.52549163769332,40.733333333333334,13.898482510402154
2024-11-04,101,Wireless Ergonomic Mouse,Electronics,18.5,39.99,7,49,0,4,11,4,0,46.0,44.0,32.0,35.0,50.0,22.07562758639799,44.285714285714285,17.455122992443222,40.86666666666667,13.930203685253284
2024-11-05,101,Wireless Ergonomic Mouse,Electronics,18.5,39.99,7,42,1,5,11,4,0,49.0,37.0,33.0,32.0,50.714285714285715,21.92954085029517,45.5,17.122859214871482,40.93333333333333,13.965310059482094
2024-11-06,101,Wireless Ergonomic Mouse,Electronics,18.5,39.99,7,43,2,6,11,4,0,42.0,27.0,34.0,31.0,51.42857142857143,21.485321678277252,46.142857142857146,16.783036962073677,41.43333333333333,13.715541985427464
2024-11-07,101,Wireless Ergonomic Mouse,Electronics,18.5,39.99,7,59,3,7,11,4,0,43.0,37.0,34.0,30.0,53.714285714285715,19.180843618171885,46.785714285714285,16.451226615145107,41.7,13.663820841916824
2024-11-08,101,Wireless Ergonomic Mouse,Electronics,18.5,39.99,7,71,4,8,11,4,0,59.0,91.0,58.0,58.0,56.857142857142854,17.73347654793595,48.57142857142857,16.312874979901363,42.6,13.890209898863422
2024-11-09,101,Wireless Ergonomic Mouse,Electronics,18.5,39.99,7,84,5,9,11,4,1,71.0,68.0,46.0,51.0,54.0,12.000000000000139,49.5,17.23480378589972,43.93333333333333,14.63800752724963
2024-11-10,101,Wireless Ergonomic Mouse,Electronics,18.5,39.99,7,57,6,10,11,4,1,84.0,46.0,33.0,32.0,56.285714285714285,15.976172734359723,52.214285714285715,19.48639987837113,45.733333333333334,16.111536524968784
2024-11-11,101,Wireless Ergonomic Mouse,Electronics,18.5,39.99,7,47,0,11,11,4,0,57.0,49.0,44.0,27.0,57.857142857142854,15.323495809035482,53.92857142857143,18.70608410163882,45.7,16.086297445877413
2024-11-12,101,Wireless Ergonomic Mouse,Electronics,18.5,39.99,7,45,1,12,11,4,0,47.0,42.0,37.0,46.0,57.57142857142857,15.533374207998673,54.142857142857146,18.600484455465782,45.56666666666667,16.05740420756289
2024-11-13,101,Wireless Ergonomic Mouse,Electronics,18.5,39.99,7,54,2,13,11,4,0,45.0,43.0,27.0,36.0,58.0,15.066519173319504,54.714285714285715,18.150772695688513,46.0,15.852770888005262
2024-11-14,101,Wireless Ergonomic Mouse,Electronics,18.5,39.99,7,52,3,14,11,4,0,54.0,59.0,37.0,27.0,59.57142857142857,13.758114488756037,56.642857142857146,16.32179827412106,46.9,15.499388197046992
2024-11-15,101,Wireless Ergonomic Mouse,Electronics,18.5,39.99,7,68,4,15,11,4,0,52.0,71.0,91.0,45.0,58.57142857142857,14.057704208691117,57.714285714285715,15.399443403670785,47.1,15.526062626746556
2024-11-16,101,Wireless Ergonomic Mouse,Electronics,18.5,39.99,7,79,5,16,11,4,1,68.0,84.0,68.0,44.0,58.142857142857146,13.655628527321424,56.07142857142857,12.535882563599342,48.166666666666664,15.833363581338352
2024-11-17,101,Wireless Ergonomic Mouse,Electronics,18.5,39.99,7,66,6,17,11,4,1,79.0,57.0,46.0,38.0,57.42857142857143,12.122391717494738,56.857142857142854,13.63737591980306,49.9,16.27638441593137
2024-11-18,101,Wireless Ergonomic Mouse,Electronics,18.5,39.99,7,57,0,18,11,4,0,66.0,47.0,49.0,32.0,58.714285714285715,12.539461521058215,58.285714285714285,13.458932243787382,50.6,16.508305119879378
2024-11-19,101,Wireless Ergonomic Mouse,Electronics,18.5,39.99,7,54,1,19,11,4,0,57.0,45.0,42.0,33.0,60.142857142857146,11.509830167130838,58.857142857142854,13.201731488169152,51.03333333333333,16.49970393325464
2024-11-20,101,Wireless Ergonomic Mouse,Electronics,18.5,39.99,7,51,2,20,11,4,0,54.0,54.0,43.0,34.0,61.42857142857143,9.930712341974894,59.714285714285715,12.387515870849656,51.56666666666667,16.32151812862363
2024-11-21,101,Wireless Ergonomic Mouse,Electronics,18.5,39.99,7,66,3,21,11,4,0,51.0,52.0,59.0,34.0,61.0,10.3601801786136,60.285714285714285,11.7239306314287,52.2,15.899251771594567
2024-11-22,101,Wireless Ergonomic Mouse,Electronics,18.5,39.99,7,77,4,22,11,4,0,66.0,68.0,71.0,58.0,63.0,9.660917830793226,60.785714285714285,11.813802692864682,53.3,15.664917975285258
2024-11-23,101,Wireless Ergonomic Mouse,Electronics,18.5,39.99,7,67,5,23,11,4,1,77.0,79.0,84.0,46.0,64.28571428571429,10.950103282835615,61.214285714285715,12.311211722082309,54.733333333333334,15.804698850251082
2024-11-24,101,Wireless Ergonomic Mouse,Electronics,18.5,39.99,7,62,6,24,11,4,1,67.0,66.0,57.0,33.0,62.57142857142857,9.034326074425957,60.0,10.61203960675738,55.833333333333336,15.456464629745582
2024-11-25,101,Wireless Ergonomic Mouse,Electronics,18.5,39.99,7,54,0,25,11,4,0,62.0,57.0,47.0,44.0,62.0,8.906926143925206,60.357142857142854,10.587417371267145,55.96666666666667,15.493009176184428
2024-11-26,101,Wireless Ergonomic Mouse,Electronics,18.5,39.99,7,37,1,26,11,4,0,54.0,54.0,45.0,37.0,61.57142857142857,9.253056123198029,60.857142857142854,10.060258009056925,56.233333333333334,15.384011703452241
2024-11-27,101,Wireless Ergonomic Mouse,Electronics,18.5,39.99,7,60,2,27,11,4,0,37.0,51.0,54.0,27.0,59.142857142857146,13.031098334734809,60.285714285714285,11.193600997744472,56.36666666666667,15.1918384016876
2024-11-28,101,Wireless Ergonomic Mouse,Electronics,18.5,39.99,7,49,3,28,11,4,0,60.0,66.0,52.0,37.0,60.42857142857143,12.528063735166167,60.714285714285715,11.048345308956307,56.9,15.022626612707551
2024-11-29,101,Wireless Ergonomic Mouse,Electronics,18.5,39.99,7,80,4,29,11,4,0,49.0,77.0,68.0,91.0,58.0,12.909944487358223,60.5,11.257476148354566,57.3,14.629092412982692
2024-11-30,101,Wireless Ergonomic Mouse,Electronics,18.5,39.99,7,75,5,30,11,4,1,80.0,67.0,79.0,68.0,58.42857142857143,13.673053095500848,61.357142857142854,12.282615249312347,59.06666666666667,14.031819341161366
2024-12-01,101,Wireless Ergonomic Mouse,Electronics,18.5,39.99,7,58,6,1,12,4,1,75.0,62.0,66.0,46.0,59.57142857142857,14.797039600960236,61.07142857142857,11.880587176076544,60.333333333333336,13.681937081380411
2024-12-02,101,Wireless Ergonomic Mouse,Electronics,18.5,39.99,7,46,0,2,12,4,0,58.0,54.0,57.0,49.0,59.0,14.764823060233551,60.5,11.817522843381726,59.233333333333334,12.39767312242811
2024-12-03,101,Wireless Ergonomic Mouse,Electronics,18.5,39.99,7,44,1,3,12,4,0,46.0,37.0,54.0,42.0,57.857142857142854,15.507294750413262,59.714285714285715,12.418525686239205,58.5,12.511374135506552
2024-12-04,101,Wireless Ergonomic Mouse,Electronics,18.5,39.99,7,53,2,4,12,4,0,44.0,60.0,51.0,43.0,58.857142857142854,14.099983113802947,59.0,13.044303206911774,58.43333333333333,12.585386526562868
2024-12-05,101,Wireless Ergonomic Mouse,Electronics,18.5,39.99,7,65,3,5,12,4,0,53.0,49.0,66.0,59.0,57.857142857142854,14.2528192699852,59.142857142857146,12.960633548481518,58.56666666666667,12.502919199360953
2024-12-06,101,Wireless Ergonomic Mouse,Electronics,18.5,39.99,7,81,4,6,12,4,0,65.0,80.0,77.0,71.0,60.142857142857146,13.873578863299661,59.07142857142857,12.922635392771403,59.333333333333336,12.15229035694679
2024-12-07,101,Wireless Ergonomic Mouse,Electronics,18.5,39.99,7,68,5,7,12,4,1,81.0,75.0,67.0,84.0,60.285714285714285,14.115172518892567,59.357142857142854,13.385452165329802,60.6,12.369595650292128
2024-12-08,101,Wireless Ergonomic Mouse,Electronics,18.5,39.99,7,53,6,8,12,4,1,68.0,58.0,62.0,57.0,59.285714285714285,13.111245627504903,59.42857142857143,13.431961227519421,60.9,12.438399941449466
2024-12-09,101,Wireless Ergonomic Mouse,Electronics,18.5,39.99,7,39,0,9,12,4,0,53.0,46.0,54.0,47.0,58.57142857142857,13.327379623131174,58.785714285714285,13.514542431871666,60.3,12.368341120334904
2024-12-10,101,Wireless Ergonomic Mouse,Electronics,18.5,39.99,7,46,1,10,12,4,0,39.0,44.0,37.0,45.0,57.57142857142857,14.627111162235186,57.714285714285715,14.48303289225859,58.8,12.121226750252472
2024-12-11,101,Wireless Ergonomic Mouse,Electronics,18.5,39.99,7,54,2,11,12,4,0,46.0,53.0,60.0,54.0,57.857142857142854,14.334440710268217,58.357142857142854,13.669770933071261,58.43333333333333,12.341919968373993
2024-12-12,101,Wireless Ergonomic Mouse,Electronics,18.5,39.99,7,59,3,12,12,4,0,54.0,65.0,49.0,52.0,58.0,14.282856857085852,57.92857142857143,13.708303411348355,58.666666666666664,12.183463448839046
2024-12-13,101,Wireless Ergonomic Mouse,Electronics,18.5,39.99,7,80,4,13,12,4,0,59.0,81.0,80.0,68.0,57.142857142857146,13.969354213522589,58.642857142857146,13.46566655699518,59.13333333333333,11.906918688043511
2024-12-14,101,Wireless Ergonomic Mouse,Electronics,18.5,39.99,7,77,5,14,12,4,1,80.0,68.0,75.0,79.0,57.0,13.686976778432024,58.642857142857146,13.46566655699518,60.0,12.454053487755052
2024-12-15,101,Wireless Ergonomic Mouse,Electronics,18.5,39.99,7,44,6,15,12,4,1,77.0,53.0,58.0,66.0,58.285714285714285,15.228419547174498,58.785714285714285,13.661729654141885,60.833333333333336,12.733565021663074
2024-12-16,101,Wireless Ergonomic Mouse,Electronics,18.5,39.99,7,50,0,16,12,4,0,44.0,39.0,46.0,57.0,57.0,16.10382977224168,57.785714285714285,14.224456574335884,60.03333333333333,13.018510252536732
2024-12-17,101,Wireless Ergonomic Mouse,Electronics,18.5,39.99,7,56,1,17,12,4,0,50.0,46.0,44.0,54.0,58.57142857142857,14.51272020053622,58.07142857142857,14.008043215427245,59.06666666666667,12.632561466124118
2024-12-18,101,Wireless Ergonomic Mouse,Electronics,18.5,39.99,7,58,2,18,12,4,0,56.0,54.0,53.0,51.0,60.0,13.527749258468857,58.92857142857143,13.436255692452779,58.733333333333334,12.575107686749046
2024-12-19,101,Wireless Ergonomic Mouse,Electronics,18.5,39.99,7,47,3,19,12,4,0,58.0,59.0,65.0,66.0,60.57142857142857,13.314868166291362,59.285714285714285,13.332600712473333,58.766666666666666,12.571679539217632
2024-12-20,101,Wireless Ergonomic Mouse,Electronics,18.5,39.99,7,88,4,20,12,4,0,47.0,80.0,81.0,77.0,58.857142857142854,14.287856982167117,58.0,13.604297963398391,58.53333333333333,12.727199581817043
2024-12-21,101,Wireless Ergonomic Mouse,Electronics,18.5,39.99,7,83,5,21,12,4,1,88.0,77.0,68.0,67.0,60.0,16.42153058233828,58.5,14.606373740465374,59.766666666666666,13.725594851334867
2024-12-22,101,Wireless Ergonomic Mouse,Electronics,18.5,39.99,7,42,6,22,12,4,1,83.0,44.0,53.0,62.0,60.857142857142854,17.572977090109937,59.57142857142857,15.853726985811951,60.333333333333336,14.329456840136512
2024-12-23,101,Wireless Ergonomic Mouse,Electronics,18.5,39.99,7,58,0,23,12,4,0,42.0,50.0,39.0,54.0,60.57142857142857,17.905838366830313,58.785714285714285,16.465248118519145,59.166666666666664,14.350497608417523
2024-12-24,101,Wireless Ergonomic Mouse,Electronics,18.5,39.99,7,61,1,24,12,4,0,58.0,56.0,46.0,37.0,61.714285714285715,17.365812061963403,60.142857142857146,15.46140178169327,58.86666666666667,14.274968043525694
2024-12-25,101,Wireless Ergonomic Mouse,Electronics,18.5,39.99,7,57,2,25,12,4,0,61.0,58.0,54.0,60.0,62.42857142857143,17.193575765938068,61.214285714285715,14.91606553314291,58.833333333333336,14.26856524052051
2024-12-26,101,Wireless Ergonomic Mouse,Electronics,18.5,39.99,7,48,3,26,12,4,0,57.0,47.0,59.0,49.0,62.285714285714285,17.240594399210845,61.42857142857143,14.82572756400848,58.93333333333333,14.244014673644163
2024-12-27,101,Wireless Ergonomic Mouse,Electronics,18.5,39.99,7,71,4,27,12,4,0,48.0,88.0,80.0,80.0,62.42857142857143,17.096365528547857,60.642857142857146,15.249752294871806,59.3,13.794426660668194
2024-12-28,101,Wireless Ergonomic Mouse,Electronics,18.5,39.99,7,70,5,28,12,4,1,71.0,83.0,77.0,75.0,60.0,13.735598518691182,60.0,14.544361847068586,59.666666666666664,13.958888734875906
2024-12-29,101,Wireless Ergonomic Mouse,Electronics,18.5,39.99,7,51,6,29,12,4,1,70.0,42.0,44.0,58.0,58.142857142857146,10.636863125135225,59.5,14.02607461946399,60.36666666666667,13.932060107915717
2024-12-30,101,Wireless Ergonomic Mouse,Electronics,18.5,39.99,7,61,0,30,12,4,0,51.0,58.0,50.0,46.0,59.42857142857143,8.734169352933277,60.0,13.547636751052352,59.4,13.522905217343023
2024-12-31,101,Wireless Ergonomic Mouse,Electronics,18.5,39.99,7,48,1,31,12,4,0,61.0,61.0,56.0,44.0,59.857142857142854,8.725987459471956,60.785714285714285,13.238513578126687,58.93333333333333,13.203796040724773
2025-01-01,101,Wireless Ergonomic Mouse,Electronics,18.5,39.99,7,32,2,1,1,1,0,48.0,57.0,58.0,53.0,58.0,9.763879010584763,60.214285714285715,13.62790446913182,58.6,13.353547894822261
2025-01-02,101,Wireless Ergonomic Mouse,Electronics,18.5,39.99,7,32,3,2,1,1,0,32.0,48.0,47.0,65.0,54.42857142857143,13.890730036696581,58.357142857142854,15.584050736655087,58.13333333333333,14.036242088038547
2025-01-03,101,Wireless Ergonomic Mouse,Electronics,18.5,39.99,7,46,4,3,1,1,0,32.0,71.0,88.0,81.0,52.142857142857146,16.24221425205095,57.285714285714285,16.886173549471163,57.733333333333334,14.61207184755682
2025-01-04,101,Wireless Ergonomic Mouse,Electronics,18.5,39.99,7,51,5,4,1,1,1,46.0,70.0,83.0,68.0,48.57142857142857,13.998299216418523,54.285714285714285,14.58359759048914,57.5,14.745542868363994
2025-01-05,101,Wireless Ergonomic Mouse,Electronics,18.5,39.99,7,37,6,5,1,1,1,51.0,51.0,42.0,53.0,45.857142857142854,10.574002260711211,52.0,12.019215384605605,57.03333333333333,14.721514477313423
2025-01-06,101,Wireless Ergonomic Mouse,Electronics,18.5,39.99,7,38,0,6,1,1,0,37.0,61.0,58.0,39.0,43.857142857142854,10.761483346152861,51.642857142857146,12.407238227726667,55.56666666666667,14.440563876022043
2025-01-07,101,Wireless Ergonomic Mouse,Electronics,18.5,39.99,7,29,1,7,1,1,0,38.0,48.0,61.0,46.0,40.57142857142857,7.742892285986022,50.214285714285715,12.765208554917965,54.56666666666667,14.587863007529178
2025-01-08,101,Wireless Ergonomic Mouse,Electronics,18.5,39.99,7,26,2,8,1,1,0,29.0,32.0,57.0,54.0,37.857142857142854,8.029706749078127,47.92857142857143,13.527546174177582,53.766666666666666,15.316620076724304
2025-01-09,101,Wireless Ergonomic Mouse,Electronics,18.5,39.99,7,32,3,9,1,1,0,26.0,32.0,48.0,59.0,37.0,9.018499505645796,45.714285714285715,14.435152454117938,53.333333333333336,15.920780896922656
2025-01-10,101,Wireless Ergonomic Mouse,Electronics,18.5,39.99,7,37,4,10,1,1,0,32.0,46.0,71.0,80.0,37.0,9.018499505645796,44.57142857142857,14.867177507279841,52.86666666666667,16.342737147469073
2025-01-11,101,Wireless Ergonomic Mouse,Electronics,18.5,39.99,7,38,5,11,1,1,1,37.0,51.0,70.0,77.0,35.714285714285715,8.118174789000404,42.142857142857146,12.85934047152643,52.3,16.59486833850799
2025-01-12,101,Wireless Ergonomic Mouse,Electronics,18.5,39.99,7,22,6,12,1,1,1,38.0,37.0,51.0,44.0,33.857142857142854,4.879500364742611,39.857142857142854,10.067901338543068,51.6,16.744736692362554
2025-01-13,101,Wireless Ergonomic Mouse,Electronics,18.5,39.99,7,26,0,13,1,1,0,22.0,38.0,61.0,50.0,31.714285714285715,6.343350474165386,37.785714285714285,10.569757812730616,49.666666666666664,16.7008844146017
2025-01-14,101,Wireless Ergonomic Mouse,Electronics,18.5,39.99,7,33,1,14,1,1,0,26.0,29.0,48.0,56.0,30.0,5.972157622389523,35.285714285714285,8.615090261847499,47.96666666666667,16.415895016580823
2025-01-15,101,Wireless Ergonomic Mouse,Electronics,18.5,39.99,7,25,2,15,1,1,0,33.0,26.0,32.0,58.0,30.571428571428573,6.051367417290605,34.214285714285715,7.807083287025231,47.6,16.62901494169258
2025-01-16,101,Wireless Ergonomic Mouse,Electronics,18.5,39.99,7,38,3,16,1,1,0,25.0,32.0,32.0,47.0,30.428571428571427,6.187545093630672,33.714285714285715,8.175277661043935,46.766666666666666,17.123654406401855
2025-01-17,101,Wireless Ergonomic Mouse,Electronics,18.5,39.99,7,47,4,17,1,1,0,38.0,37.0,46.0,88.0,31.285714285714285,6.824326235712026,34.142857142857146,8.235543444374212,46.166666666666664,17.10431148173958
2025-01-18,101,Wireless Ergonomic Mouse,Electronics,18.5,39.99,7,44,5,18,1,1,1,47.0,38.0,51.0,83.0,32.714285714285715,8.938946353164958,34.214285714285715,8.349837137320671,45.8,16.959180201396787
2025-01-19,101,Wireless Ergonomic Mouse,Electronics,18.5,39.99,7,31,6,19,1,1,1,44.0,22.0,37.0,42.0,33.57142857142857,9.778499251881499,33.714285714285715,7.4258236676382445,45.7,16.96070509269529
2025-01-20,101,Wireless Ergonomic Mouse,Electronics,18.5,39.99,7,24,0,20,1,1,0,31.0,26.0,38.0,58.0,34.857142857142854,8.513294924774435,33.285714285714285,7.3946817836413885,43.8,15.155288140470638
2025-01-21,101,Wireless Ergonomic Mouse,Electronics,18.5,39.99,7,21,1,21,1,1,0,24.0,33.0,29.0,61.0,34.57142857142857,8.88551523280336,32.285714285714285,7.650324994892145,41.833333333333336,13.645975365585304
2025-01-22,101,Wireless Ergonomic Mouse,Electronics,18.5,39.99,7,26,2,22,1,1,0,21.0,25.0,26.0,57.0,32.857142857142854,10.286375640113627,31.714285714285715,8.19407451411421,41.13333333333333,14.16584852269062
2025-01-23,101,Wireless Ergonomic Mouse,Electronics,18.5,39.99,7,27,3,23,1,1,0,26.0,38.0,32.0,48.0,33.0,10.165300454651234,31.714285714285715,8.194074514114211,40.06666666666667,14.056372547545903
2025-01-24,101,Wireless Ergonomic Mouse,Electronics,18.5,39.99,7,50,4,24,1,1,0,27.0,47.0,37.0,71.0,31.428571428571427,10.113640011673008,31.357142857142858,8.289076619792464,38.93333333333333,13.675886993444736
2025-01-25,101,Wireless Ergonomic Mouse,Electronics,18.5,39.99,7,47,5,25,1,1,1,50.0,44.0,38.0,70.0,31.857142857142858,10.915257997081707,32.285714285714285,9.59509948181534,38.7,13.414223022983643
2025-01-26,101,Wireless Ergonomic Mouse,Electronics,18.5,39.99,7,34,6,26,1,1,1,47.0,31.0,22.0,51.0,32.285714285714285,11.513966674062752,32.92857142857143,10.284149758912271,38.666666666666664,13.391539617733764
2025-01-27,101,Wireless Ergonomic Mouse,Electronics,18.5,39.99,7,32,0,27,1,1,0,34.0,24.0,26.0,61.0,32.714285714285715,11.513966674062758,33.785714285714285,9.79150787027338,37.43333333333333,11.935699373737148
2025-01-28,101,Wireless Ergonomic Mouse,Electronics,18.5,39.99,7,30,1,28,1,1,0,32.0,21.0,33.0,48.0,33.857142857142854,10.884676865951967,34.214285714285715,9.552917970873663,36.166666666666664,10.259002214483674
2025-01-29,101,Wireless Ergonomic Mouse,Electronics,18.5,39.99,7,28,2,29,1,1,0,30.0,26.0,25.0,32.0,35.142857142857146,9.56431861013581,34.0,9.615692302769347,35.46666666666667,9.9229213347729
2025-01-30,101,Wireless Ergonomic Mouse,Electronics,18.5,39.99,7,22,3,30,1,1,0,28.0,27.0,38.0,32.0,35.42857142857143,9.271050693011054,34.214285714285715,9.431359894021046,34.36666666666667,8.755228323036745
2025-01-31,101,Wireless Ergonomic Mouse,Electronics,18.5,39.99,7,50,4,31,1,1,0,22.0,50.0,47.0,46.0,34.714285714285715,10.177004891982131,33.07142857142857,9.895331344506939,33.5,8.645309671165272
2025-02-01,101,Wireless Ergonomic Mouse,Electronics,18.5,39.99,7,49,5,1,2,1,1,50.0,47.0,44.0,51.0,34.714285714285715,10.177004891982131,33.285714285714285,10.246414543097995,34.1,9.147639605101778
2025-02-02,101,Wireless Ergonomic Mouse,Electronics,18.5,39.99,7,26,6,2,2,1,1,49.0,34.0,31.0,37.0,35.0,10.598742063723083,33.642857142857146,10.724573815144483,34.666666666666664,9.531556783266982
2025-02-03,101,Wireless Ergonomic Mouse,Electronics,18.5,39.99,7,36,0,3,2,1,0,26.0,32.0,24.0,38.0,33.857142857142854,11.141941354308798,33.285714285714285,10.901154289118375,34.0,9.410192566463774
2025-02-04,101,Wireless Ergonomic Mouse,Electronics,18.5,39.99,7,26,1,4,2,1,0,36.0,30.0,21.0,29.0,34.42857142857143,11.1333903619868,34.142857142857146,10.581966829376343,33.5,8.858076384936984
2025-02-05,101,Wireless Ergonomic Mouse,Electronics,18.5,39.99,7,28,2,5,2,1,0,26.0,28.0,26.0,26.0,33.857142857142854,11.495340671022179,34.5,10.181053292947908,33.13333333333333,8.935528980475553
2025-02-06,101,Wireless Ergonomic Mouse,Electronics,18.5,39.99,7,40,3,6,2,1,0,28.0,22.0,27.0,32.0,33.857142857142854,11.495340671022179,34.642857142857146,10.06599105027295,32.8,8.934242533934889
2025-02-07,101,Wireless Ergonomic Mouse,Electronics,18.5,39.99,7,61,4,7,2,1,0,40.0,50.0,50.0,37.0,36.42857142857143,10.357881747042411,35.57142857142857,9.905043670266654,33.166666666666664,8.998403434377401
2025-02-08,101,Wireless Ergonomic Mouse,Electronics,18.5,39.99,7,39,5,8,2,1,1,61.0,49.0,47.0,38.0,38.0,13.203534880225588,36.357142857142854,11.452961611318235,34.333333333333336,10.22280524740816
2025-02-09,101,Wireless Ergonomic Mouse,Electronics,18.5,39.99,7,38,6,9,2,1,1,39.0,26.0,34.0,22.0,36.57142857142857,12.326896647266134,35.785714285714285,11.074423558039333,34.56666666666667,10.24756769571004
2025-02-10,101,Wireless Ergonomic Mouse,Electronics,18.5,39.99,7,36,0,10,2,1,0,38.0,36.0,32.0,26.0,38.285714285714285,11.412190641506815,36.07142857142857,11.076407955055315,34.6,10.257377496389969
2025-02-11,101,Wireless Ergonomic Mouse,Electronics,18.5,39.99,7,26,1,11,2,1,0,36.0,26.0,30.0,33.0,38.285714285714285,11.412190641506816,36.357142857142854,11.014725408478203,34.53333333333333,10.241003901939463
2025-02-12,101,Wireless Ergonomic Mouse,Electronics,18.5,39.99,7,42,2,12,2,1,0,26.0,28.0,28.0,25.0,38.285714285714285,11.412190641506816,36.07142857142857,11.241846862465275,34.666666666666664,10.097228480553703
2025-02-13,101,Wireless Ergonomic Mouse,Electronics,18.5,39.99,7,25,3,13,2,1,0,42.0,40.0,22.0,38.0,40.285714285714285,10.499433091271937,37.07142857142857,11.090288792204875,35.2,10.04610063313292
2025-02-14,101,Wireless Ergonomic Mouse,Electronics,18.5,39.99,7,57,4,14,2,1,0,25.0,61.0,50.0,47.0,38.142857142857146,11.992060865819697,37.285714285714285,10.801912732535765,34.93333333333333,10.211330195807754
2025-02-15,101,Wireless Ergonomic Mouse,Electronics,18.5,39.99,7,50,5,15,2,1,1,57.0,39.0,49.0,44.0,37.57142857142857,10.752629800148796,37.785714285714285,11.570377105938512,36.0,10.79271785143524
2025-02-16,101,Wireless Ergonomic Mouse,Electronics,18.5,39.99,7,42,6,16,2,1,1,50.0,38.0,26.0,31.0,39.142857142857146,11.753418955472396,37.857142857142854,11.64776071484684,36.4,11.087737868225513
2025-02-17,101,Wireless Ergonomic Mouse,Electronics,18.5,39.99,7,27,0,17,2,1,0,42.0,36.0,36.0,24.0,39.714285714285715,11.785786435565626,39.0,11.170014806133006,36.233333333333334,10.95974871764961
2025-02-18,101,Wireless Ergonomic Mouse,Electronics,18.5,39.99,7,26,1,18,2,1,0,27.0,26.0,26.0,21.0,38.42857142857143,12.71294803021896,38.357142857142854,11.606411642225643,35.666666666666664,10.98379161132069
2025-02-19,101,Wireless Ergonomic Mouse,Electronics,18.5,39.99,7,21,2,19,2,1,0,26.0,42.0,28.0,26.0,38.42857142857143,12.71294803021896,38.357142857142854,11.606411642225643,35.5,11.094422332710746
2025-02-20,101,Wireless Ergonomic Mouse,Electronics,18.5,39.99,7,28,3,20,2,1,0,21.0,25.0,40.0,27.0,35.42857142857143,14.128660503354428,37.857142857142854,12.221400793797617,35.4,11.214522604256434
2025-02-21,101,Wireless Ergonomic Mouse,Electronics,18.5,39.99,7,33,4,21,2,1,0,28.0,57.0,61.0,50.0,35.857142857142854,13.80131118684708,37.0,12.477672366764052,35.63333333333333,10.974840610996628
2025-02-22,101,Wireless Ergonomic Mouse,Electronics,18.5,39.99,7,47,5,22,2,1,1,33.0,50.0,39.0,47.0,32.42857142857143,10.179344164485583,35.0,10.40709816940782,35.86666666666667,10.83650705058925
2025-02-23,101,Wireless Ergonomic Mouse,Electronics,18.5,39.99,7,27,6,23,2,1,1,47.0,42.0,38.0,34.0,32.0,9.345230512584068,35.57142857142857,10.85367208838544,36.53333333333333,10.887301471592153
2025-02-24,101,Wireless Ergonomic Mouse,Electronics,18.5,39.99,7,38,0,24,2,1,0,27.0,27.0,36.0,32.0,29.857142857142858,8.33523787760067,34.785714285714285,11.060522810209475,35.766666666666666,10.714744379892412
2025-02-25,101,Wireless Ergonomic Mouse,Electronics,18.5,39.99,7,26,1,25,2,1,0,38.0,26.0,26.0,30.0,31.428571428571427,8.734169352932946,34.92857142857143,11.090288792204863,35.46666666666667,10.513483406242317
2025-02-26,101,Wireless Ergonomic Mouse,Electronics,18.5,39.99,7,38,2,26,2,1,0,26.0,21.0,42.0,28.0,31.428571428571427,8.734169352932946,34.92857142857143,11.090288792204863,35.2,10.652504966859425
2025-02-27,101,Wireless Ergonomic Mouse,Electronics,18.5,39.99,7,38,3,27,2,1,0,38.0,28.0,25.0,22.0,33.857142857142854,7.6469726347221805,34.642857142857146,10.944666019834209,35.4,10.646676671052345
2025-02-28,101,Wireless Ergonomic Mouse,Electronics,18.5,39.99,7,59,4,28,2,1,0,38.0,33.0,57.0,50.0,35.285714285714285,7.29644401322281,35.57142857142857,10.609968358644053,35.666666666666664,10.606872636476599
2025-03-01,101,Wireless Ergonomic Mouse,Electronics,18.5,39.99,7,60,5,1,3,1,1,59.0,47.0,50.0,49.0,39.0,11.401754250991406,35.714285714285715,10.92934350501204,36.7,11.32025953156854
2025-03-02,101,Wireless Ergonomic Mouse,Electronics,18.5,39.99,7,36,6,2,3,1,1,60.0,27.0,42.0,26.0,40.857142857142854,13.740797786501512,36.42857142857143,12.188988004400862,37.96666666666667,11.737012876552848
2025-03-03,101,Wireless Ergonomic Mouse,Electronics,18.5,39.99,7,41,0,3,3,1,0,36.0,38.0,27.0,36.0,42.142857142857146,12.601965077301442,36.0,12.083045973594551,37.5,11.518351175107615
2025-03-04,101,Wireless Ergonomic Mouse,Electronics,18.5,39.99,7,35,1,4,3,1,0,41.0,26.0,26.0,26.0,42.57142857142857,12.488089563755635,37.0,11.858135798488068,37.233333333333334,11.334060152488574
2025-03-05,101,Wireless Ergonomic Mouse,Electronics,18.5,39.99,7,31,2,5,3,1,0,35.0,38.0,21.0,28.0,43.857142857142854,10.854009572942413,37.642857142857146,11.452961611318244,37.53333333333333,11.143989669195047
2025-03-06,101,Wireless Ergonomic Mouse,Electronics,18.5,39.99,7,33,3,6,3,1,0,31.0,38.0,28.0,40.0,42.857142857142854,11.767590682726519,38.357142857142854,10.616439667270335,37.36666666666667,11.20493528373293
2025-03-07,101,Wireless Ergonomic Mouse,Electronics,18.5,39.99,7,50,4,7,3,1,0,33.0,59.0,33.0,61.0,42.142857142857146,12.253279444412359,38.714285714285715,10.32121468275282,37.6,11.031616006920174
2025-03-08,101,Wireless Ergonomic Mouse,Electronics,18.5,39.99,7,36,5,8,3,1,1,50.0,60.0,47.0,39.0,40.857142857142854,10.542431272854385,39.92857142857143,10.593643128087464,38.333333333333336,11.102448730622067
2025-03-09,101,Wireless Ergonomic Mouse,Electronics,18.5,39.99,7,34,6,9,3,1,1,36.0,36.0,27.0,38.0,37.42857142857143,6.347102826149459,39.142857142857146,10.435568930398516,38.2,11.105761164120285
2025-03-10,101,Wireless Ergonomic Mouse,Electronics,18.5,39.99,7,42,0,10,3,1,0,34.0,41.0,38.0,36.0,37.142857142857146,6.466028441750306,39.642857142857146,9.966151505178708,37.3,10.255864596448664
2025-03-11,101,Wireless Ergonomic Mouse,Electronics,18.5,39.99,7,35,1,11,3,1,0,42.0,35.0,26.0,26.0,37.285714285714285,6.575568054403768,39.92857142857143,9.972765110842829,37.4,10.287588772818447
2025-03-12,101,Wireless Ergonomic Mouse,Electronics,18.5,39.99,7,49,2,12,3,1,0,35.0,31.0,38.0,42.0,37.285714285714285,6.575568054403768,40.57142857142857,9.271248241528433,37.3,10.29613251796934
2025-03-13,101,Wireless Ergonomic Mouse,Electronics,18.5,39.99,7,38,3,13,3,1,0,49.0,33.0,38.0,25.0,39.857142857142854,7.1978832867395495,41.357142857142854,9.499855406649775,37.733333333333334,10.51085919035831
2025-03-14,101,Wireless Ergonomic Mouse,Electronics,18.5,39.99,7,70,4,14,3,1,0,38.0,50.0,59.0,57.0,40.57142857142857,6.62965918825258,41.357142857142854,9.499855406649775,38.13333333333333,10.27461999744777
2025-03-15,101,Wireless Ergonomic Mouse,Electronics,18.5,39.99,7,57,5,15,3,1,1,70.0,36.0,60.0,50.0,43.42857142857143,12.804389128434927,42.142857142857146,11.346684658844321,39.06666666666667,11.796940963315608
2025-03-16,101,Wireless Ergonomic Mouse,Electronics,18.5,39.99,7,31,6,16,3,1,1,57.0,34.0,36.0,42.0,46.42857142857143,13.226956602045055,41.92857142857143,11.006741191122464,40.13333333333333,11.927173649459782
2025-03-17,101,Wireless Ergonomic Mouse,Electronics,18.5,39.99,7,31,0,17,3,1,0,31.0,42.0,41.0,27.0,46.0,13.73559851869109,41.57142857142857,11.291346487222228,39.266666666666666,11.599445091761131
2025-03-18,101,Wireless Ergonomic Mouse,Electronics,18.5,39.99,7,42,1,18,3,1,0,31.0,35.0,35.0,26.0,44.42857142857143,14.853250405855597,40.857142857142854,11.641154732949978,38.63333333333333,11.511563401815701
2025-03-19,101,Wireless Ergonomic Mouse,Electronics,18.5,39.99,7,34,2,19,3,1,0,42.0,49.0,31.0,21.0,45.42857142857143,14.339422848184988,41.357142857142854,11.519930173781065,38.63333333333333,11.511563401815701
2025-03-20,101,Wireless Ergonomic Mouse,Electronics,18.5,39.99,7,40,3,20,3,1,0,34.0,38.0,33.0,28.0,43.285714285714285,14.82918615112655,41.57142857142857,11.338934190276827,38.86666666666667,11.337254223723356
2025-03-21,101,Wireless Ergonomic Mouse,Electronics,18.5,39.99,7,62,4,21,3,1,0,40.0,70.0,50.0,33.0,43.57142857142857,14.729303478181938,42.07142857142857,11.083350546683057,39.333333333333336,11.074460626184887
2025-03-22,101,Wireless Ergonomic Mouse,Electronics,18.5,39.99,7,48,5,22,3,1,1,62.0,57.0,36.0,47.0,42.42857142857143,12.47473637473149,42.92857142857143,12.155810802399678,40.7,11.262234726486694
2025-03-23,101,Wireless Ergonomic Mouse,Electronics,18.5,39.99,7,38,6,23,3,1,1,48.0,31.0,34.0,27.0,41.142857142857146,11.111984092689816,43.785714285714285,12.052312714091114,41.36666666666667,11.074927674188482
2025-03-24,101,Wireless Ergonomic Mouse,Electronics,18.5,39.99,7,27,0,24,3,1,0,38.0,31.0,42.0,38.0,42.142857142857146,10.33486931748656,44.07142857142857,11.84816951596834,41.53333333333333,10.9819077964885
2025-03-25,101,Wireless Ergonomic Mouse,Electronics,18.5,39.99,7,32,1,25,3,1,0,27.0,42.0,35.0,26.0,41.57142857142857,11.13339036198687,43.0,12.697667865823616,40.86666666666667,11.242570982602274
2025-03-26,101,Wireless Ergonomic Mouse,Electronics,18.5,39.99,7,39,2,26,3,1,0,32.0,34.0,49.0,38.0,40.142857142857146,11.696560340951722,42.785714285714285,12.867242675333923,41.03333333333333,11.065582968681845
2025-03-27,101,Wireless Ergonomic Mouse,Electronics,18.5,39.99,7,26,3,27,3,1,0,39.0,40.0,38.0,38.0,40.857142857142854,11.408017231002859,42.07142857142857,12.77295391240225,41.06666666666667,11.057633759888063
2025-03-28,101,Wireless Ergonomic Mouse,Electronics,18.5,39.99,7,52,4,28,3,1,0,26.0,62.0,70.0,59.0,38.857142857142854,12.733532783279653,41.214285714285715,13.4517861063336,41.06666666666667,11.057633759888063
2025-03-29,101,Wireless Ergonomic Mouse,Electronics,18.5,39.99,7,60,5,29,3,1,1,52.0,48.0,57.0,60.0,37.42857142857143,9.964221709983901,39.92857142857143,11.15253876384749,41.53333333333333,11.218006871138906
2025-03-30,101,Wireless Ergonomic Mouse,Electronics,18.5,39.99,7,26,6,30,3,1,1,60.0,38.0,31.0,36.0,39.142857142857146,12.733532783279657,40.142857142857146,11.528273890791239,42.266666666666666,11.688288666610834
2025-03-31,101,Wireless Ergonomic Mouse,Electronics,18.5,39.99,7,40,0,31,3,1,0,26.0,27.0,31.0,41.0,37.42857142857143,13.685237092784124,39.785714285714285,11.904611720664402,41.166666666666664,11.611775632233574
2025-04-01,101,Wireless Ergonomic Mouse,Electronics,18.5,39.99,7,44,1,1,4,2,0,40.0,32.0,42.0,35.0,39.285714285714285,12.893335303097327,40.42857142857143,11.633600446149913,40.5,11.053942969475361
2025-04-02,101,Wireless Ergonomic Mouse,Electronics,18.5,39.99,7,36,2,2,4,2,0,44.0,39.0,34.0,31.0,41.0,12.55653880122495,40.57142857142857,11.666614337925559,40.766666666666666,11.038126194470577
2025-04-03,101,Wireless Ergonomic Mouse,Electronics,18.5,39.99,7,43,3,3,4,2,0,36.0,26.0,40.0,33.0,40.57142857142857,12.686700948330968,40.714285714285715,11.591963870441734,40.6,11.072176996791365
2025-04-04,101,Wireless Ergonomic Mouse,Electronics,18.5,39.99,7,59,4,4,4,2,0,43.0,52.0,62.0,50.0,43.0,10.939226054281361,40.92857142857143,11.6054647983962,40.86666666666667,11.02890663706949
2025-04-05,101,Wireless Ergonomic Mouse,Electronics,18.5,39.99,7,49,5,5,4,2,1,59.0,60.0,48.0,36.0,44.0,12.151817422372195,40.714285714285715,11.20733668649228,41.8,11.345362108778659
2025-04-06,101,Wireless Ergonomic Mouse,Electronics,18.5,39.99,7,42,6,6,4,2,1,49.0,26.0,38.0,34.0,42.42857142857143,10.30949631581076,40.785714285714285,11.260404224391921,42.333333333333336,11.293371059389564
2025-04-07,101,Wireless Ergonomic Mouse,Electronics,18.5,39.99,7,40,0,7,4,2,0,42.0,40.0,27.0,42.0,44.714285714285715,7.432233529572194,41.07142857142857,11.235002212962616,42.06666666666667,11.20016420240881
2025-04-08,101,Wireless Ergonomic Mouse,Electronics,18.5,39.99,7,40,1,8,4,2,0,40.0,44.0,32.0,35.0,44.714285714285715,7.432233529572194,42.0,10.495420246652653,42.2,11.149145629861614
2025-04-09,101,Wireless Ergonomic Mouse,Electronics,18.5,39.99,7,39,2,9,4,2,0,40.0,36.0,39.0,49.0,44.142857142857146,7.646972634722335,42.57142857142857,10.120157232848845,42.4,11.050354963872723
2025-04-10,101,Wireless Ergonomic Mouse,Electronics,18.5,39.99,7,44,3,10,4,2,0,39.0,43.0,26.0,38.0,44.57142857142857,7.184639700016244,42.57142857142857,10.120157232848845,42.3,11.067660251754937
2025-04-11,101,Wireless Ergonomic Mouse,Electronics,18.5,39.99,7,63,4,11,4,2,0,44.0,59.0,52.0,70.0,44.714285714285715,7.158079018710058,43.857142857142854,8.925823753039838,42.6,10.984628758657145
2025-04-12,101,Wireless Ergonomic Mouse,Electronics,18.5,39.99,7,51,5,12,4,2,1,63.0,49.0,60.0,57.0,45.285714285714285,8.51888658050045,44.642857142857146,10.104128195614265,43.06666666666667,11.54879702149443
2025-04-13,101,Wireless Ergonomic Mouse,Electronics,18.5,39.99,7,30,6,13,4,2,1,51.0,42.0,26.0,31.0,45.57142857142857,8.695921320886578,44.0,9.306738666975942,43.5,11.595926752156545
2025-04-14,101,Wireless Ergonomic Mouse,Electronics,18.5,39.99,7,43,0,14,4,2,0,30.0,40.0,40.0,31.0,43.857142857142854,10.510765456244954,44.285714285714285,8.75678700673479,42.166666666666664,10.709593937159843
2025-04-15,101,Wireless Ergonomic Mouse,Electronics,18.5,39.99,7,39,1,15,4,2,0,43.0,40.0,44.0,42.0,44.285714285714285,10.387721689801076,44.5,8.68021623268421,41.7,10.339579128365155
2025-04-16,101,Wireless Ergonomic Mouse,Electronics,18.5,39.99,7,39,2,16,4,2,0,39.0,39.0,36.0,34.0,44.142857142857146,10.463087043324846,44.142857142857146,8.804344581880247,41.96666666666667,10.155628075564586
2025-04-17,101,Wireless Ergonomic Mouse,Electronics,18.5,39.99,7,42,3,17,4,2,0,39.0,44.0,43.0,40.0,44.142857142857146,10.463087043324846,44.357142857142854,8.625607161301717,42.233333333333334,9.960900573235602
2025-04-18,101,Wireless Ergonomic Mouse,Electronics,18.5,39.99,7,61,4,18,4,2,0,42.0,63.0,59.0,62.0,43.857142857142854,10.494896719018193,44.285714285714285,8.641835376892994,42.233333333333334,9.960900573235602
2025-04-19,101,Wireless Ergonomic Mouse,Electronics,18.5,39.99,7,75,5,19,4,2,1,61.0,51.0,49.0,48.0,43.57142857142857,9.897089519266894,44.42857142857143,8.915969128171435,43.13333333333333,10.40137037832645
2025-04-20,101,Wireless Ergonomic Mouse,Electronics,18.5,39.99,7,40,6,20,4,2,1,75.0,30.0,42.0,38.0,47.0,15.48117135964424,46.285714285714285,12.0857740366902,44.3,11.893637824049286
2025-04-21,101,Wireless Ergonomic Mouse,Electronics,18.5,39.99,7,33,0,21,4,2,0,40.0,43.0,40.0,27.0,48.42857142857143,14.045843309880578,46.142857142857146,12.151968139784211,43.56666666666667,11.434018611546684
2025-04-22,101,Wireless Ergonomic Mouse,Electronics,18.5,39.99,7,25,1,22,4,2,0,33.0,39.0,40.0,32.0,47.0,15.154757228892487,45.642857142857146,12.561278369883977,43.06666666666667,11.560734177060043
2025-04-23,101,Wireless Ergonomic Mouse,Electronics,18.5,39.99,7,34,2,23,4,2,0,25.0,39.0,39.0,39.0,45.0,17.175564037317727,44.57142857142857,13.670373838308938,42.63333333333333,11.992766018796898
2025-04-24,101,Wireless Ergonomic Mouse,Electronics,18.5,39.99,7,41,3,24,4,2,0,34.0,42.0,44.0,26.0,44.285714285714285,17.566201313073652,44.214285714285715,13.89066411121333,42.86666666666667,11.743621403900987
2025-04-25,101,Wireless Ergonomic Mouse,Electronics,18.5,39.99,7,61,4,25,4,2,0,41.0,61.0,63.0,52.0,44.142857142857146,17.591935381764916,44.0,13.917338383911925,43.166666666666664,11.57012601884502
2025-04-26,101,Wireless Ergonomic Mouse,Electronics,18.5,39.99,7,55,5,26,4,2,1,61.0,75.0,51.0,60.0,44.142857142857146,17.591935381764916,43.857142857142854,13.716117093837767,43.9,11.986630483368884
2025-04-27,101,Wireless Ergonomic Mouse,Electronics,18.5,39.99,7,40,6,27,4,2,1,55.0,40.0,30.0,26.0,41.285714285714285,12.684824078589466,44.142857142857146,13.916548770091318,44.86666666666667,11.658157816660474
2025-04-28,101,Wireless Ergonomic Mouse,Electronics,18.5,39.99,7,35,0,28,4,2,0,40.0,33.0,43.0,40.0,41.285714285714285,12.684824078589466,44.857142857142854,13.381141395820674,44.46666666666667,11.610736212760136
2025-04-29,101,Wireless Ergonomic Mouse,Electronics,18.5,39.99,7,30,1,29,4,2,0,35.0,25.0,39.0,44.0,41.57142857142857,12.488089563755626,44.285714285714285,13.634958302543078,43.63333333333333,11.351692364587338
2025-04-30,101,Wireless Ergonomic Mouse,Electronics,18.5,39.99,7,40,2,30,4,2,0,30.0,34.0,39.0,36.0,42.285714285714285,11.484979839110007,43.642857142857146,14.107320210319319,43.766666666666666,11.159295903302853
2025-05-01,101,Wireless Ergonomic Mouse,Electronics,18.5,39.99,7,26,3,1,5,2,0,40.0,41.0,42.0,43.0,43.142857142857146,10.976164652381637,43.714285714285715,14.084517257386807,43.766666666666666,11.159295903302853
2025-05-02,101,Wireless Ergonomic Mouse,Electronics,18.5,39.99,7,59,4,2,5,2,0,26.0,61.0,61.0,59.0,41.0,12.78019300845392,42.57142857142857,14.862002586432325,43.166666666666664,11.620681128275484
2025-05-03,101,Wireless Ergonomic Mouse,Electronics,18.5,39.99,7,72,5,3,5,2,1,59.0,55.0,75.0,49.0,40.714285714285715,12.270755012281423,42.42857142857143,14.679731111110506,43.93333333333333,11.88720939188157
2025-05-04,101,Wireless Ergonomic Mouse,Electronics,18.5,39.99,7,36,6,4,5,2,1,72.0,40.0,40.0,42.0,43.142857142857146,16.516946564347947,42.214285714285715,14.181128149917967,44.9,12.941113313509941
2025-05-05,101,Wireless Ergonomic Mouse,Electronics,18.5,39.99,7,35,0,5,5,2,0,36.0,35.0,33.0,40.0,42.57142857142857,16.7118435334261,41.92857142857143,14.269193744213098,44.13333333333333,12.756967895431035
2025-05-06,101,Wireless Ergonomic Mouse,Electronics,18.5,39.99,7,35,1,6,5,2,0,35.0,30.0,25.0,40.0,42.57142857142857,16.7118435334261,42.07142857142857,14.182677872967142,43.666666666666664,12.828667609836913
2025-05-07,101,Wireless Ergonomic Mouse,Electronics,18.5,39.99,7,46,2,7,5,2,0,35.0,40.0,34.0,39.0,43.285714285714285,16.183471874253794,42.785714285714285,13.49175572442196,43.43333333333333,12.923337172656352
2025-05-08,101,Wireless Ergonomic Mouse,Electronics,18.5,39.99,7,31,3,8,5,2,0,46.0,26.0,41.0,44.0,44.142857142857146,16.13927478160628,43.642857142857146,13.270019087906654,43.63333333333333,12.914795934237175
2025-05-09,101,Wireless Ergonomic Mouse,Electronics,18.5,39.99,7,59,4,9,5,2,0,31.0,59.0,61.0,63.0,44.857142857142854,15.290831364236737,42.92857142857143,13.685839316687817,43.333333333333336,13.105232788347642
2025-05-10,101,Wireless Ergonomic Mouse,Electronics,18.5,39.99,7,65,5,10,5,2,1,59.0,72.0,55.0,51.0,44.857142857142854,15.290831364236737,42.785714285714285,13.49175572442196,44.0,13.382953645435027
2025-05-11,101,Wireless Ergonomic Mouse,Electronics,18.5,39.99,7,55,6,11,5,2,1,65.0,36.0,40.0,30.0,43.857142857142854,13.322019009001313,43.5,14.420871626276229,44.7,13.921330693430956
2025-05-12,101,Wireless Ergonomic Mouse,Electronics,18.5,39.99,7,42,0,12,5,2,0,55.0,35.0,35.0,43.0,46.57142857142857,13.389761547007357,44.57142857142857,14.695442965628645,44.43333333333333,13.632322981981398
2025-05-13,101,Wireless Ergonomic Mouse,Electronics,18.5,39.99,7,29,1,13,5,2,0,42.0,35.0,30.0,39.0,47.57142857142857,12.620844436317132,45.07142857142857,14.461962233678811,44.13333333333333,13.581766005055918
2025-05-14,101,Wireless Ergonomic Mouse,Electronics,18.5,39.99,7,47,2,14,5,2,0,29.0,46.0,40.0,39.0,46.714285714285715,13.768494056048075,45.0,14.544361847068508,44.1,13.618825712707542
2025-05-15,101,Wireless Ergonomic Mouse,Electronics,18.5,39.99,7,43,3,15,5,2,0,47.0,31.0,26.0,42.0,46.857142857142854,13.765035069922384,45.5,14.479428378007427,44.233333333333334,13.627263072626704
2025-05-16,101,Wireless Ergonomic Mouse,Electronics,18.5,39.99,7,45,4,16,5,2,0,43.0,59.0,59.0,61.0,48.57142857142857,12.108635250062276,46.714285714285715,13.390171891977491,44.36666666666667,13.59382043514586
2025-05-17,101,Wireless Ergonomic Mouse,Electronics,18.5,39.99,7,59,5,17,5,2,1,45.0,65.0,72.0,75.0,46.57142857142857,11.222850838908247,45.714285714285715,12.916468744791104,44.56666666666667,13.556226037058279
2025-05-18,101,Wireless Ergonomic Mouse,Electronics,18.5,39.99,7,31,6,18,5,2,1,59.0,55.0,36.0,40.0,45.714285714285715,9.70763077367993,44.785714285714285,11.239891673640157,45.13333333333333,13.798384046650224
2025-05-19,101,Wireless Ergonomic Mouse,Electronics,18.5,39.99,7,25,0,19,5,2,0,31.0,42.0,35.0,33.0,42.285714285714285,10.111285538352517,44.42857142857143,11.613747064540425,44.13333333333333,13.695540007314595
2025-05-20,101,Wireless Ergonomic Mouse,Electronics,18.5,39.99,7,33,1,20,5,2,0,25.0,29.0,35.0,25.0,39.857142857142854,12.047524938461759,43.714285714285715,12.51109397804496,42.46666666666667,12.824366175998417
2025-05-21,101,Wireless Ergonomic Mouse,Electronics,18.5,39.99,7,33,2,21,5,2,0,33.0,47.0,46.0,34.0,40.42857142857143,11.53049786229467,43.57142857142857,12.629113408886067,42.233333333333334,12.93400578889335
2025-05-22,101,Wireless Ergonomic Mouse,Electronics,18.5,39.99,7,35,3,22,5,2,0,33.0,43.0,31.0,41.0,38.42857142857143,11.41427677453612,42.642857142857146,12.911575860784438,42.233333333333334,12.93400578889335
2025-05-23,101,Wireless Ergonomic Mouse,Electronics,18.5,39.99,7,58,4,23,5,2,0,35.0,45.0,59.0,61.0,37.285714285714285,11.279986491042237,42.92857142857143,12.676230243523248,42.56666666666667,12.59907860159606
2025-05-24,101,Wireless Ergonomic Mouse,Electronics,18.5,39.99,7,60,5,24,5,2,1,58.0,59.0,65.0,55.0,39.142857142857146,13.594466661459156,42.857142857142854,12.581165060745152,43.36666666666667,12.796775815195337
2025-05-25,101,Wireless Ergonomic Mouse,Electronics,18.5,39.99,7,42,6,25,5,2,1,60.0,31.0,55.0,40.0,39.285714285714285,13.840933081675862,42.5,11.959868792694248,44.0,13.141143602153294
2025-05-26,101,Wireless Ergonomic Mouse,Electronics,18.5,39.99,7,37,0,26,5,2,0,42.0,25.0,42.0,35.0,40.857142857142854,13.359498137137923,41.57142857142857,11.406572233142182,43.36666666666667,12.745474743483747
2025-05-27,101,Wireless Ergonomic Mouse,Electronics,18.5,39.99,7,29,1,27,5,2,0,37.0,33.0,29.0,30.0,42.57142857142857,11.645559137244087,41.214285714285715,11.470219442797688,42.766666666666666,12.601815231403656
2025-05-28,101,Wireless Ergonomic Mouse,Electronics,18.5,39.99,7,39,2,28,5,2,0,29.0,33.0,47.0,40.0,42.0,12.274635093014705,41.214285714285715,11.470219442797688,42.4,12.84281632020341
2025-05-29,101,Wireless Ergonomic Mouse,Electronics,18.5,39.99,7,38,3,29,5,2,0,39.0,35.0,43.0,26.0,42.857142857142854,11.739230119966365,40.642857142857146,11.35854231477277,42.53333333333333,12.783969847331134
2025-05-30,101,Wireless Ergonomic Mouse,Electronics,18.5,39.99,7,52,4,30,5,2,0,38.0,58.0,45.0,59.0,43.285714285714285,11.45591965920227,40.285714285714285,11.357332917063362,42.8,12.595565722192447
2025-05-31,101,Wireless Ergonomic Mouse,Electronics,18.5,39.99,7,43,5,31,5,2,1,52.0,60.0,59.0,72.0,42.42857142857143,10.341778423094478,40.785714285714285,11.728850500621707,43.2,12.693739972236674
2025-06-01,101,Wireless Ergonomic Mouse,Electronics,18.5,39.99,7,20,6,1,6,2,1,43.0,42.0,31.0,36.0,40.0,6.976149845485513,39.642857142857146,10.536435996886395,43.766666666666666,12.27187233370333
2025-06-02,101,Wireless Ergonomic Mouse,Electronics,18.5,39.99,7,35,0,2,6,2,0,20.0,37.0,25.0,35.0,36.857142857142854,10.155927192672127,38.857142857142854,11.588171308956133,42.46666666666667,12.66200761260273
2025-06-03,101,Wireless Ergonomic Mouse,Electronics,18.5,39.99,7,38,1,3,6,2,0,35.0,29.0,33.0,35.0,36.57142857142857,10.179344164485627,39.57142857142857,10.959465776664937,41.233333333333334,11.427985411904965
2025-06-04,101,Wireless Ergonomic Mouse,Electronics,18.5,39.99,7,43,2,4,6,2,0,38.0,39.0,33.0,46.0,37.857142857142854,9.616454152970874,39.92857142857143,10.809285792348135,41.3,11.402207892666501
2025-06-05,101,Wireless Ergonomic Mouse,Electronics,18.5,39.99,7,30,3,5,6,2,0,43.0,38.0,35.0,31.0,38.42857142857143,9.81252843489968,40.642857142857146,10.645382840658002,41.56666666666667,11.343183684131812
2025-06-06,101,Wireless Ergonomic Mouse,Electronics,18.5,39.99,7,59,4,6,6,2,0,30.0,52.0,58.0,59.0,37.285714285714285,10.323343865794103,40.285714285714285,10.929343505012064,41.4,11.478916204998598
2025-06-07,101,Wireless Ergonomic Mouse,Electronics,18.5,39.99,7,39,5,7,6,2,1,59.0,43.0,60.0,65.0,38.285714285714285,12.161610169083792,40.357142857142854,11.056547957986375,41.833333333333336,11.89634349309683
2025-06-08,101,Wireless Ergonomic Mouse,Electronics,18.5,39.99,7,41,6,8,6,2,1,39.0,20.0,42.0,55.0,37.714285714285715,11.996031089688044,38.857142857142854,9.501879513323354,42.1,11.733682727295289
2025-06-09,101,Wireless Ergonomic Mouse,Electronics,18.5,39.99,7,34,0,9,6,2,0,41.0,35.0,37.0,42.0,40.714285714285715,9.105205209371338,38.785714285714285,9.480170165858107,41.5,11.29158979063622
2025-06-10,101,Wireless Ergonomic Mouse,Electronics,18.5,39.99,7,27,1,10,6,2,0,34.0,38.0,29.0,29.0,40.57142857142857,9.21696159004593,38.57142857142857,9.557230735974677,40.46666666666667,10.45427922063441
2025-06-11,101,Wireless Ergonomic Mouse,Electronics,18.5,39.99,7,38,2,11,6,2,0,27.0,43.0,39.0,47.0,39.0,10.5672449894316,38.42857142857143,9.724784242924276,39.53333333333333,10.36151145056693
2025-06-12,101,Wireless Ergonomic Mouse,Electronics,18.5,39.99,7,36,3,12,6,2,0,38.0,30.0,38.0,43.0,38.285714285714285,10.419761445034574,38.357142857142854,9.7239367056221,39.4,10.354409355605366
2025-06-13,101,Wireless Ergonomic Mouse,Electronics,18.5,39.99,7,56,4,13,6,2,0,36.0,59.0,52.0,45.0,39.142857142857146,9.856107606091657,38.214285714285715,9.744257254945044,39.63333333333333,10.18952583693711
2025-06-14,101,Wireless Ergonomic Mouse,Electronics,18.5,39.99,7,43,5,14,6,2,1,56.0,39.0,43.0,59.0,38.714285714285715,8.864052604279214,38.5,10.226285888675458,39.93333333333333,10.54034394954512
2025-06-15,101,Wireless Ergonomic Mouse,Electronics,18.5,39.99,7,32,6,15,6,2,1,43.0,41.0,20.0,31.0,39.285714285714285,9.013217807092866,38.5,10.226285888675458,39.93333333333333,10.54034394954512
2025-06-16,101,Wireless Ergonomic Mouse,Electronics,18.5,39.99,7,45,0,16,6,2,0,32.0,34.0,35.0,25.0,38.0,9.36304793679211,39.357142857142854,8.983807166718965,39.5,10.591961818870642
2025-06-17,101,Wireless Ergonomic Mouse,Electronics,18.5,39.99,7,31,1,17,6,2,0,45.0,27.0,38.0,33.0,39.57142857142857,9.501879513323406,40.07142857142857,9.008237987994741,39.03333333333333,9.994768746641924
2025-06-18,101,Wireless Ergonomic Mouse,Electronics,18.5,39.99,7,40,2,18,6,2,0,31.0,38.0,43.0,33.0,40.142857142857146,8.706866474772927,39.57142857142857,9.320896999705594,39.03333333333333,9.994768746641924
2025-06-19,101,Wireless Ergonomic Mouse,Electronics,18.5,39.99,7,38,3,19,6,2,0,40.0,36.0,30.0,35.0,40.42857142857143,8.657504314314947,39.357142857142854,9.270359240048913,39.53333333333333,9.63733162859616
2025-06-20,101,Wireless Ergonomic Mouse,Electronics,18.5,39.99,7,49,4,20,6,2,0,38.0,56.0,59.0,58.0,40.714285714285715,8.51888658050039,39.92857142857143,8.887885321858365,39.7,9.563400059061363
2025-06-21,101,Wireless Ergonomic Mouse,Electronics,18.5,39.99,7,42,5,21,6,2,1,49.0,43.0,39.0,60.0,39.714285714285715,6.626066850308915,39.214285714285715,7.536358755838466,40.233333333333334,9.62282965528916
2025-06-22,101,Wireless Ergonomic Mouse,Electronics,18.5,39.99,7,33,6,22,6,2,1,42.0,32.0,41.0,42.0,39.57142857142857,6.553806600166175,39.42857142857143,7.572361543181835,40.46666666666667,9.576311770532362
2025-06-23,101,Wireless Ergonomic Mouse,Electronics,18.5,39.99,7,45,0,23,6,2,0,33.0,45.0,34.0,37.0,39.714285714285715,6.369570517030907,38.857142857142854,7.744547887257316,39.63333333333333,9.072441534796383
2025-06-24,101,Wireless Ergonomic Mouse,Electronics,18.5,39.99,7,42,1,24,6,2,0,45.0,31.0,27.0,29.0,39.714285714285715,6.369570517030907,39.642857142857146,7.771814389259355,39.13333333333333,8.290972794856888
2025-06-25,101,Wireless Ergonomic Mouse,Electronics,18.5,39.99,7,34,2,25,6,2,0,42.0,40.0,38.0,39.0,41.285714285714285,5.089672082242932,40.714285714285715,6.877259868341698,39.13333333333333,8.290972794856888
2025-06-26,101,Wireless Ergonomic Mouse,Electronics,18.5,39.99,7,45,3,26,6,2,0,34.0,38.0,36.0,38.0,40.42857142857143,5.798193478925017,40.42857142857143,7.0788339512867555,39.03333333333333,8.335562920127343
2025-06-27,101,Wireless Ergonomic Mouse,Electronics,18.5,39.99,7,55,4,27,6,2,0,45.0,49.0,56.0,52.0,41.42857142857143,5.912053869205032,41.07142857142857,7.054341660547516,39.56666666666667,8.181911644653663
2025-06-28,101,Wireless Ergonomic Mouse,Electronics,18.5,39.99,7,56,5,28,6,2,1,55.0,42.0,43.0,43.0,42.285714285714285,7.432233529572163,41.0,6.894814104706635,40.1,8.651689091612738
2025-06-29,101,Wireless Ergonomic Mouse,Electronics,18.5,39.99,7,47,6,29,6,2,1,56.0,33.0,32.0,20.0,44.285714285714285,9.050124966251234,41.92857142857143,7.975580863478862,40.7,9.112893480459807
2025-06-30,101,Wireless Ergonomic Mouse,Electronics,18.5,39.99,7,33,0,30,6,2,0,47.0,45.0,45.0,35.0,46.285714285714285,7.565586245499933,43.0,7.534535869529789,40.53333333333333,8.943243773676429
2025-07-01,101,Wireless Ergonomic Mouse,Electronics,18.5,39.99,7,47,1,1,7,3,0,33.0,42.0,31.0,38.0,44.57142857142857,9.107819769427973,42.142857142857146,7.96006516070299,40.2,9.034035261357358
2025-07-02,101,Wireless Ergonomic Mouse,Electronics,18.5,39.99,7,40,2,2,7,3,0,47.0,34.0,40.0,43.0,45.285714285714285,9.068522219088262,43.285714285714285,7.363408193206492,41.1,8.264381404557756
2025-07-03,101,Wireless Ergonomic Mouse,Electronics,18.5,39.99,7,42,3,3,7,3,0,40.0,45.0,38.0,30.0,46.142857142857146,8.050436249640532,43.285714285714285,7.363408193206492,41.266666666666666,8.187178088784398
2025-07-04,101,Wireless Ergonomic Mouse,Electronics,18.5,39.99,7,48,4,4,7,3,0,42.0,55.0,49.0,59.0,45.714285714285715,8.199883855159023,43.57142857142857,7.218718037843729,41.4,8.164684253877633
2025-07-05,101,Wireless Ergonomic Mouse,Electronics,18.5,39.99,7,80,5,5,7,3,1,48.0,56.0,42.0,39.0,44.714285714285715,7.250615737399869,43.5,7.165623060568714,41.56666666666667,8.249068216276415
2025-07-06,101,Wireless Ergonomic Mouse,Electronics,18.5,39.99,7,45,6,6,7,3,1,80.0,47.0,33.0,41.0,48.142857142857146,15.004761149143967,46.214285714285715,12.071444827351067,43.233333333333334,10.559138331267901
2025-07-07,101,Wireless Ergonomic Mouse,Electronics,18.5,39.99,7,33,0,7,7,3,0,45.0,33.0,45.0,34.0,47.857142857142854,15.04912590405813,47.07142857142857,11.472135377073043,42.766666666666666,10.139316896440175
2025-07-08,101,Wireless Ergonomic Mouse,Electronics,18.5,39.99,7,36,1,8,7,3,0,33.0,47.0,42.0,27.0,47.857142857142854,15.04912590405813,46.214285714285715,12.071444827351067,42.56666666666667,10.274452190559472
2025-07-09,101,Wireless Ergonomic Mouse,Electronics,18.5,39.99,7,35,2,9,7,3,0,36.0,40.0,34.0,38.0,46.285714285714285,15.713203425933376,45.785714285714285,12.336179257830167,42.4,10.341079780877967
2025-07-10,101,Wireless Ergonomic Mouse,Electronics,18.5,39.99,7,30,3,10,7,3,0,35.0,42.0,45.0,36.0,45.57142857142857,16.154020581650354,45.857142857142854,12.265380566438246,42.43333333333333,10.314647547201448
2025-07-11,101,Wireless Ergonomic Mouse,Electronics,18.5,39.99,7,79,4,11,7,3,0,30.0,48.0,55.0,56.0,43.857142857142854,17.199114041412876,44.785714285714285,12.980331697957931,42.53333333333333,10.173438483360137
2025-07-12,101,Wireless Ergonomic Mouse,Electronics,18.5,39.99,7,60,5,12,7,3,1,79.0,80.0,56.0,43.0,48.285714285714285,21.815241504617017,46.5,15.727242410739223,43.9,12.11254692884403
2025-07-13,101,Wireless Ergonomic Mouse,Electronics,18.5,39.99,7,43,6,13,7,3,1,60.0,45.0,47.0,32.0,45.42857142857143,17.93374048041986,46.785714285714285,15.947889040094477,44.7,12.362763891399187
2025-07-14,101,Wireless Ergonomic Mouse,Electronics,18.5,39.99,7,32,0,14,7,3,0,43.0,33.0,33.0,45.0,45.142857142857146,17.95762207187223,46.5,15.97955424428837,44.266666666666666,12.179500395544071
2025-07-15,101,Wireless Ergonomic Mouse,Electronics,18.5,39.99,7,31,1,15,7,3,0,32.0,36.0,47.0,31.0,45.0,18.07392228230134,46.42857142857143,16.046635332508373,43.9,12.38283015948379
2025-07-16,101,Wireless Ergonomic Mouse,Electronics,18.5,39.99,7,34,2,16,7,3,0,31.0,35.0,40.0,40.0,44.285714285714285,18.580583823930215,45.285714285714285,16.56422730988762,43.86666666666667,12.4172664361818
2025-07-17,101,Wireless Ergonomic Mouse,Electronics,18.5,39.99,7,36,3,17,7,3,0,34.0,30.0,42.0,38.0,44.142857142857146,18.667516987435484,44.857142857142854,16.787619718833767,43.5,12.544403890401401
2025-07-18,101,Wireless Ergonomic Mouse,Electronics,18.5,39.99,7,59,4,18,7,3,0,36.0,79.0,48.0,49.0,45.0,18.036999011291634,44.42857142857143,16.942047309371066,43.666666666666664,12.405041615055751
2025-07-19,101,Wireless Ergonomic Mouse,Electronics,18.5,39.99,7,48,5,19,7,3,1,59.0,60.0,80.0,42.0,42.142857142857146,12.48236851761416,45.214285714285715,17.37008290768299,44.3,12.693060824854225
2025-07-20,101,Wireless Ergonomic Mouse,Electronics,18.5,39.99,7,41,6,20,7,3,1,48.0,43.0,45.0,33.0,40.42857142857143,10.244626930854135,42.92857142857143,14.269193744213101,44.63333333333333,12.653153711647365
2025-07-21,101,Wireless Ergonomic Mouse,Electronics,18.5,39.99,7,39,0,21,7,3,0,41.0,32.0,33.0,45.0,40.142857142857146,10.188695883650892,42.642857142857146,14.264572267615394,44.36666666666667,12.642248090494425
2025-07-22,101,Wireless Ergonomic Mouse,Electronics,18.5,39.99,7,32,1,22,7,3,0,39.0,31.0,36.0,42.0,41.142857142857146,9.581728644118705,43.07142857142857,14.040952661708959,44.266666666666666,12.673440415057929
2025-07-23,101,Wireless Ergonomic Mouse,Electronics,18.5,39.99,7,33,2,23,7,3,0,32.0,34.0,35.0,34.0,41.285714285714285,9.41123948114326,42.785714285714285,14.235268074148003,44.233333333333334,12.705370391358525
2025-07-24,101,Wireless Ergonomic Mouse,Electronics,18.5,39.99,7,38,3,24,7,3,0,33.0,36.0,30.0,45.0,41.142857142857146,9.546876826630697,42.642857142857146,14.329137302160799,43.833333333333336,12.868253728575182
2025-07-25,101,Wireless Ergonomic Mouse,Electronics,18.5,39.99,7,37,4,25,7,3,0,38.0,59.0,79.0,55.0,41.42857142857143,9.396047801374545,43.214285714285715,13.940414801402614,43.7,12.908564385041398
2025-07-26,101,Wireless Ergonomic Mouse,Electronics,18.5,39.99,7,55,5,26,7,3,1,37.0,48.0,60.0,56.0,38.285714285714285,5.345224838248512,40.214285714285715,9.439512466456913,43.8,12.842279312140626
2025-07-27,101,Wireless Ergonomic Mouse,Electronics,18.5,39.99,7,34,6,27,7,3,1,55.0,41.0,43.0,47.0,39.285714285714285,7.631388814501316,39.857142857142854,8.69886944782651,44.13333333333333,13.003271029678071
2025-07-28,101,Wireless Ergonomic Mouse,Electronics,18.5,39.99,7,22,0,28,7,3,0,34.0,39.0,32.0,33.0,38.285714285714285,7.825477316949779,39.214285714285715,8.780910864164111,43.43333333333333,12.963299211110655
2025-07-29,101,Wireless Ergonomic Mouse,Electronics,18.5,39.99,7,40,1,29,7,3,0,22.0,32.0,31.0,47.0,35.857142857142854,9.92351704166371,38.5,9.764535516149934,42.3,13.308410615225567
2025-07-30,101,Wireless Ergonomic Mouse,Electronics,18.5,39.99,7,37,2,30,7,3,0,40.0,33.0,34.0,40.0,37.0,9.865765724632489,39.142857142857146,9.526135247163587,42.06666666666667,13.284508305524161
2025-07-31,101,Wireless Ergonomic Mouse,Electronics,18.5,39.99,7,37,3,31,7,3,0,37.0,38.0,36.0,42.0,37.57142857142857,9.710083124552247,39.357142857142854,9.434854716236135,42.2,13.210236365318618
2025-08-01,101,Wireless Ergonomic Mouse,Electronics,18.5,39.99,7,47,4,1,8,3,0,37.0,37.0,59.0,48.0,37.42857142857143,9.710083124552245,39.42857142857143,9.41123948114319,41.86666666666667,13.211106438649775
2025-08-02,101,Wireless Ergonomic Mouse,Electronics,18.5,39.99,7,52,5,2,8,3,1,47.0,55.0,48.0,80.0,38.857142857142854,10.350983390135333,38.57142857142857,7.919928959610328,42.1,13.238788360019187
2025-08-03,101,Wireless Ergonomic Mouse,Electronics,18.5,39.99,7,32,6,3,8,3,1,52.0,34.0,41.0,45.0,38.42857142857143,9.606545387688259,38.857142857142854,8.34687544356146,42.43333333333333,13.361507589245743
2025-08-04,101,Wireless Ergonomic Mouse,Electronics,18.5,39.99,7,56,0,4,8,3,0,32.0,22.0,39.0,33.0,38.142857142857146,9.788233947425041,38.214285714285715,8.514047861564471,41.9,13.450676178362656
2025-08-05,101,Wireless Ergonomic Mouse,Electronics,18.5,39.99,7,41,1,5,8,3,0,56.0,40.0,32.0,36.0,43.0,8.83176086632794,39.42857142857143,9.756372952425146,41.1,11.707203794658025
2025-08-06,101,Wireless Ergonomic Mouse,Electronics,18.5,39.99,7,46,2,6,8,3,0,41.0,37.0,33.0,35.0,43.142857142857146,8.783100656536893,40.07142857142857,9.522962416538933,40.96666666666667,11.684010097309185
2025-08-07,101,Wireless Ergonomic Mouse,Electronics,18.5,39.99,7,41,3,7,8,3,0,46.0,37.0,38.0,30.0,44.42857142857143,8.383657572069385,41.0,9.413574486632834,41.4,11.619246815165097
2025-08-08,101,Wireless Ergonomic Mouse,Electronics,18.5,39.99,7,73,4,8,8,3,0,41.0,47.0,37.0,79.0,45.0,7.9162280580254185,41.214285714285715,9.374093362753884,41.56666666666667,11.57489355974993
2025-08-09,101,Wireless Ergonomic Mouse,Electronics,18.5,39.99,7,57,5,9,8,3,1,73.0,52.0,55.0,60.0,48.714285714285715,13.28801823340982,43.785714285714285,12.534129231996777,42.833333333333336,12.841429003447207
2025-08-10,101,Wireless Ergonomic Mouse,Electronics,18.5,39.99,7,46,6,10,8,3,1,57.0,32.0,34.0,43.0,49.42857142857143,13.624208146496114,43.92857142857143,12.68229708454505,43.733333333333334,12.85712826125793
2025-08-11,101,Wireless Ergonomic Mouse,Electronics,18.5,39.99,7,41,0,11,8,3,0,46.0,56.0,22.0,32.0,51.42857142857143,11.5015526902118,44.785714285714285,12.361096363053885,42.63333333333333,11.01561065764944
2025-08-12,101,Wireless Ergonomic Mouse,Electronics,18.5,39.99,7,32,1,12,8,3,0,41.0,41.0,40.0,31.0,49.285714285714285,11.898379241368632,46.142857142857146,10.581966829376425,42.0,10.517637075654049
2025-08-13,101,Wireless Ergonomic Mouse,Electronics,18.5,39.99,7,36,2,13,8,3,0,32.0,46.0,37.0,34.0,48.0,13.341664064126448,45.57142857142857,11.140461844550744,41.63333333333333,10.672178891812614
2025-08-14,101,Wireless Ergonomic Mouse,Electronics,18.5,39.99,7,29,3,14,8,3,0,36.0,41.0,37.0,36.0,46.57142857142857,14.105048066291147,45.5,11.202678251204079,41.766666666666666,10.572192978177057
2025-08-15,101,Wireless Ergonomic Mouse,Electronics,18.5,39.99,7,67,4,15,8,3,0,29.0,73.0,47.0,59.0,44.857142857142854,15.550225844325412,44.92857142857143,11.8546601399183,41.7,10.648457877665384
2025-08-16,101,Wireless Ergonomic Mouse,Electronics,18.5,39.99,7,58,5,16,8,3,1,67.0,57.0,52.0,48.0,44.0,13.808210118138721,46.357142857142854,13.246811766535487,42.8,11.496326249779958
2025-08-17,101,Wireless Ergonomic Mouse,Electronics,18.5,39.99,7,46,6,17,8,3,1,58.0,46.0,32.0,41.0,44.142857142857146,13.969354213522507,46.785714285714285,13.537290783544647,43.53333333333333,11.746557333763917
2025-08-18,101,Wireless Ergonomic Mouse,Electronics,18.5,39.99,7,35,0,18,8,3,0,46.0,41.0,56.0,39.0,44.142857142857146,13.969354213522507,47.785714285714285,12.861263076078071,43.1,11.390710068387722
2025-08-19,101,Wireless Ergonomic Mouse,Electronics,18.5,39.99,7,44,1,19,8,3,0,35.0,32.0,41.0,32.0,43.285714285714285,14.372592966178031,46.285714285714285,13.052724863936547,42.666666666666664,11.44502100247644
2025-08-20,101,Wireless Ergonomic Mouse,Electronics,18.5,39.99,7,44,2,20,8,3,0,44.0,36.0,46.0,33.0,45.0,13.490737563232118,46.5,12.983717613877934,42.766666666666666,11.443062446780578
2025-08-21,101,Wireless Ergonomic Mouse,Electronics,18.5,39.99,7,44,3,21,8,3,0,44.0,29.0,41.0,38.0,46.142857142857146,12.928374110570111,46.357142857142854,13.000633965945065,42.93333333333333,11.422703748217437
2025-08-22,101,Wireless Ergonomic Mouse,Electronics,18.5,39.99,7,58,4,22,8,3,0,44.0,67.0,73.0,37.0,48.285714285714285,10.656989658033435,46.57142857142857,12.930073982263762,43.333333333333336,11.235207388271556
2025-08-23,101,Wireless Ergonomic Mouse,Electronics,18.5,39.99,7,53,5,23,8,3,1,58.0,58.0,57.0,55.0,47.0,8.306623862918235,45.5,11.057541804995884,44.166666666666664,11.368690621033817
2025-08-24,101,Wireless Ergonomic Mouse,Electronics,18.5,39.99,7,36,6,24,8,3,1,53.0,46.0,46.0,34.0,46.285714285714285,7.364651739091107,45.214285714285715,10.785878028012633,44.666666666666664,11.417872660524585
2025-08-25,101,Wireless Ergonomic Mouse,Electronics,18.5,39.99,7,36,0,25,8,3,0,36.0,35.0,41.0,22.0,44.857142857142854,8.335237877600886,44.5,11.057541804995877,44.63333333333333,11.442459746814581
2025-08-26,101,Wireless Ergonomic Mouse,Electronics,18.5,39.99,7,33,1,26,8,3,0,36.0,44.0,32.0,40.0,45.0,8.144527815247205,44.142857142857146,11.25820823875866,44.0,11.374502641646721
2025-08-27,101,Wireless Ergonomic Mouse,Electronics,18.5,39.99,7,33,2,27,8,3,0,33.0,44.0,36.0,37.0,43.42857142857143,9.342682392424349,44.214285714285715,11.178128172934416,43.96666666666667,11.406239470157347
2025-08-28,101,Wireless Ergonomic Mouse,Electronics,18.5,39.99,7,40,3,28,8,3,0,33.0,44.0,29.0,37.0,41.857142857142854,10.123052428797934,44.0,11.3747358380147,44.333333333333336,10.838416137416797
2025-08-29,101,Wireless Ergonomic Mouse,Electronics,18.5,39.99,7,60,4,29,8,3,0,40.0,58.0,67.0,47.0,41.285714285714285,10.094788848943944,44.785714285714285,10.613333931562593,44.333333333333336,10.838416137416797
2025-08-30,101,Wireless Ergonomic Mouse,Electronics,18.5,39.99,7,54,5,30,8,3,1,60.0,53.0,58.0,52.0,41.57142857142857,10.659223593632362,44.285714285714285,9.60311304837035,45.1,11.111814154003131
2025-08-31,101,Wireless Ergonomic Mouse,Electronics,18.5,39.99,7,38,6,31,8,3,1,54.0,36.0,46.0,32.0,41.714285714285715,10.843035948083443,44.0,9.215371773459687,45.666666666666664,11.117967233370488
2025-09-01,101,Wireless Ergonomic Mouse,Electronics,18.5,39.99,7,36,0,1,9,3,0,38.0,36.0,35.0,56.0,42.0,10.692676621563688,43.42857142857143,9.329146104170922,45.36666666666667,11.201857399351377
2025-09-02,101,Wireless Ergonomic Mouse,Electronics,18.5,39.99,7,39,1,2,9,3,0,36.0,33.0,44.0,41.0,42.0,10.692676621563688,43.5,9.263244156757004,44.833333333333336,11.255905218988449
2025-09-03,101,Wireless Ergonomic Mouse,Electronics,18.5,39.99,7,40,2,3,9,3,0,39.0,33.0,44.0,46.0,42.857142857142854,10.073539123674063,43.142857142857146,9.338564729592637,45.06666666666667,11.051395085387826
2025-09-04,101,Wireless Ergonomic Mouse,Electronics,18.5,39.99,7,44,3,4,9,3,0,40.0,40.0,44.0,41.0,43.857142857142854,9.245333443212976,42.857142857142854,9.371455373856088,44.53333333333333,10.890468256717682
2025-09-05,101,Wireless Ergonomic Mouse,Electronics,18.5,39.99,7,75,4,5,9,3,0,44.0,60.0,58.0,73.0,44.42857142857143,9.089502055616117,42.857142857142854,9.371455373856088,44.63333333333333,10.870660714409997
2025-09-06,101,Wireless Ergonomic Mouse,Electronics,18.5,39.99,7,50,5,6,9,3,1,75.0,54.0,53.0,57.0,46.57142857142857,13.878726440817625,44.07142857142857,12.168460402673347,45.6,12.204012907010698
2025-09-07,101,Wireless Ergonomic Mouse,Electronics,18.5,39.99,7,35,6,7,9,3,1,50.0,38.0,36.0,46.0,46.0,13.601470508735535,43.857142857142854,12.024699854607897,45.9,12.197653816234116
2025-09-08,101,Wireless Ergonomic Mouse,Electronics,18.5,39.99,7,38,0,8,9,3,0,35.0,36.0,36.0,41.0,45.57142857142857,13.938641048743476,43.785714285714285,12.077815463635257,44.63333333333333,11.220312041064247
2025-09-09,101,Wireless Ergonomic Mouse,Electronics,18.5,39.99,7,34,1,9,9,3,0,38.0,39.0,33.0,32.0,45.857142857142854,13.728663098648497,43.92857142857143,11.990151636394632,44.0,11.032866260905873
2025-09-10,101,Wireless Ergonomic Mouse,Electronics,18.5,39.99,7,44,2,10,9,3,0,34.0,40.0,33.0,36.0,45.142857142857146,14.264508069898266,44.0,11.922828781536989,43.6,11.174478310741936
2025-09-11,101,Wireless Ergonomic Mouse,Electronics,18.5,39.99,7,35,3,11,9,3,0,44.0,44.0,40.0,29.0,45.714285714285715,14.103359950904052,44.785714285714285,11.497013467910676,43.7,11.163827053603043
2025-09-12,101,Wireless Ergonomic Mouse,Electronics,18.5,39.99,7,62,4,12,9,3,0,35.0,75.0,60.0,67.0,44.42857142857143,14.683972474063335,44.42857142857143,11.732363429776303,43.8,11.068439132397431
2025-09-13,101,Wireless Ergonomic Mouse,Electronics,18.5,39.99,7,55,5,13,9,3,1,62.0,50.0,54.0,58.0,42.57142857142857,10.357881747042484,44.57142857142857,11.946768379996135,44.666666666666664,11.448033510798638
2025-09-14,101,Wireless Ergonomic Mouse,Electronics,18.5,39.99,7,32,6,14,9,3,1,55.0,35.0,38.0,46.0,43.285714285714285,11.101265479128811,44.642857142857146,12.010297779291465,45.53333333333333,11.20262694972539
2025-09-15,101,Wireless Ergonomic Mouse,Electronics,18.5,39.99,7,32,0,15,9,3,0,32.0,38.0,36.0,35.0,42.857142857142854,11.52430144562027,44.214285714285715,12.367317795324503,44.36666666666667,10.701219180730003
2025-09-16,101,Wireless Ergonomic Mouse,Electronics,18.5,39.99,7,42,1,16,9,3,0,32.0,34.0,39.0,44.0,42.0,12.151817422372181,43.92857142857143,12.61540136691466,43.5,10.61147719574719
2025-09-17,101,Wireless Ergonomic Mouse,Electronics,18.5,39.99,7,39,2,17,9,3,0,42.0,44.0,40.0,44.0,43.142857142857146,11.639423975274386,44.142857142857146,12.550557099845577,43.36666666666667,10.604108941197376
2025-09-18,101,Wireless Ergonomic Mouse,Electronics,18.5,39.99,7,55,3,18,9,3,0,39.0,35.0,44.0,44.0,42.42857142857143,11.731114508820086,44.07142857142857,12.578762845577279,43.5,10.5200957121646
2025-09-19,101,Wireless Ergonomic Mouse,Electronics,18.5,39.99,7,65,4,19,9,3,0,55.0,62.0,75.0,58.0,45.285714285714285,12.05147689032749,44.857142857142854,12.91306519565566,43.86666666666667,10.727770386770262
2025-09-20,101,Wireless Ergonomic Mouse,Electronics,18.5,39.99,7,75,5,20,9,3,1,65.0,55.0,50.0,53.0,45.714285714285715,12.776466461353767,44.142857142857146,11.292319669425066,44.56666666666667,11.400796503733455
2025-09-21,101,Wireless Ergonomic Mouse,Electronics,18.5,39.99,7,33,6,21,9,3,1,75.0,32.0,35.0,36.0,48.57142857142857,16.80136048913056,45.92857142857143,13.95302165076849,45.6,12.680693987317923
2025-09-22,101,Wireless Ergonomic Mouse,Electronics,18.5,39.99,7,40,0,22,9,3,0,33.0,32.0,38.0,36.0,48.714285714285715,16.64045557984411,45.785714285714285,14.083151807573682,44.766666666666666,12.659147798667433
2025-09-23,101,Wireless Ergonomic Mouse,Electronics,18.5,39.99,7,36,1,23,9,3,0,40.0,42.0,34.0,33.0,49.857142857142854,15.539504190166234,45.92857142857143,14.00804321542719,44.333333333333336,12.58990655749428
2025-09-24,101,Wireless Ergonomic Mouse,Electronics,18.5,39.99,7,44,2,24,9,3,0,36.0,39.0,44.0,33.0,49.0,16.19670748434189,46.07142857142857,13.88670800948376,44.333333333333336,12.58990655749428
2025-09-25,101,Wireless Ergonomic Mouse,Electronics,18.5,39.99,7,45,3,25,9,3,0,44.0,55.0,35.0,40.0,49.714285714285715,15.787276371752624,46.07142857142857,13.88670800948376,44.6,12.491652385106846
2025-09-26,101,Wireless Ergonomic Mouse,Electronics,18.5,39.99,7,61,4,26,9,3,0,45.0,65.0,62.0,60.0,48.285714285714285,15.681350767863238,46.785714285714285,13.525921390077299,45.0,12.29802339038049
2025-09-27,101,Wireless Ergonomic Mouse,Electronics,18.5,39.99,7,60,5,27,9,3,1,61.0,75.0,55.0,54.0,47.714285714285715,15.030128472663328,46.714285714285715,13.441775131332909,45.93333333333333,12.41782182391806
2025-09-28,101,Wireless Ergonomic Mouse,Electronics,18.5,39.99,7,40,6,28,9,3,1,60.0,33.0,32.0,38.0,45.57142857142857,11.028102630056086,47.07142857142857,13.741930699165259,46.6,12.623459277786425
2025-09-29,101,Wireless Ergonomic Mouse,Electronics,18.5,39.99,7,33,0,29,9,3,0,40.0,40.0,32.0,36.0,46.57142857142857,9.964221709984022,47.642857142857146,13.22356371643585,45.93333333333333,12.41782182391806
2025-09-30,101,Wireless Ergonomic Mouse,Electronics,18.5,39.99,7,40,1,30,9,3,0,33.0,36.0,42.0,39.0,45.57142857142857,11.028102630056086,47.714285714285715,13.13497135617257,45.233333333333334,12.538721634596003
2025-10-01,101,Wireless Ergonomic Mouse,Electronics,18.5,39.99,7,33,2,1,10,4,0,40.0,44.0,39.0,40.0,46.142857142857146,10.542431272854458,47.57142857142857,13.212548148310752,45.3,12.504206188870764
2025-10-02,101,Wireless Ergonomic Mouse,Electronics,18.5,39.99,7,40,3,2,10,4,0,33.0,45.0,55.0,44.0,44.57142857142857,11.674147261608294,47.142857142857146,13.603490179176308,45.2,12.592827734263198
2025-10-03,101,Wireless Ergonomic Mouse,Electronics,18.5,39.99,7,62,4,3,10,4,0,40.0,61.0,65.0,75.0,43.857142857142854,11.795883059053237,46.07142857142857,13.527546174177582,45.233333333333334,12.577164126752308
2025-10-04,101,Wireless Ergonomic Mouse,Electronics,18.5,39.99,7,56,5,4,10,4,1,62.0,60.0,75.0,50.0,44.0,12.04159457879238,45.857142857142854,13.225017916853643,45.96666666666667,12.89876586807983
2025-10-05,101,Wireless Ergonomic Mouse,Electronics,18.5,39.99,7,30,6,5,10,4,1,56.0,40.0,33.0,35.0,43.42857142857143,11.222850838908215,44.5,10.747092630102372,46.36666666666667,13.021158731566278
2025-10-06,101,Wireless Ergonomic Mouse,Electronics,18.5,39.99,7,43,0,6,10,4,0,30.0,33.0,40.0,38.0,42.0,12.315302134607506,44.285714285714285,11.020460491764858,44.86666666666667,12.173270133662818
2025-10-07,101,Wireless Ergonomic Mouse,Electronics,18.5,39.99,7,34,1,7,10,4,0,43.0,40.0,36.0,34.0,43.42857142857143,11.659861961120415,44.5,10.959716447763846,44.63333333333333,12.13852042717399
2025-10-08,101,Wireless Ergonomic Mouse,Electronics,18.5,39.99,7,32,2,8,10,4,0,34.0,33.0,44.0,44.0,42.57142857142857,12.163567772343054,44.357142857142854,11.091279615828112,44.6,12.16722562091891
2025-10-09,101,Wireless Ergonomic Mouse,Electronics,18.5,39.99,7,33,3,9,10,4,0,32.0,40.0,45.0,35.0,42.42857142857143,12.299825782738385,43.5,11.57417549813113,44.4,12.327709186750964
2025-10-10,101,Wireless Ergonomic Mouse,Electronics,18.5,39.99,7,44,4,10,10,4,0,33.0,62.0,61.0,62.0,41.42857142857143,12.804389128434917,42.642857142857146,11.894453412327207,44.36666666666667,12.358114277904528
2025-10-11,101,Wireless Ergonomic Mouse,Electronics,18.5,39.99,7,51,5,11,10,4,1,44.0,56.0,60.0,55.0,38.857142857142854,9.317162862670402,41.42857142857143,10.682223088378667,44.36666666666667,12.358114277904528
2025-10-12,101,Wireless Ergonomic Mouse,Electronics,18.5,39.99,7,47,6,12,10,4,1,51.0,30.0,40.0,32.0,38.142857142857146,7.861903319777238,40.785714285714285,9.704706006949346,44.9,12.284978211424438
2025-10-13,101,Wireless Ergonomic Mouse,Electronics,18.5,39.99,7,39,0,13,10,4,0,47.0,43.0,33.0,32.0,40.57142857142857,7.546680127869611,41.285714285714285,9.840486006044872,44.4,11.86301118952348
2025-10-14,101,Wireless Ergonomic Mouse,Electronics,18.5,39.99,7,35,1,14,10,4,0,39.0,34.0,40.0,42.0,40.0,7.483314773547949,41.714285714285715,9.579052236951314,43.86666666666667,11.72893073097265
2025-10-15,101,Wireless Ergonomic Mouse,Electronics,18.5,39.99,7,40,2,15,10,4,0,35.0,32.0,33.0,39.0,40.142857142857146,7.358183005529162,41.357142857142854,9.73974524115685,43.96666666666667,11.63669384654256
2025-10-16,101,Wireless Ergonomic Mouse,Electronics,18.5,39.99,7,38,3,16,10,4,0,40.0,33.0,40.0,55.0,41.285714285714285,6.447590912226819,41.857142857142854,9.453181335541894,44.233333333333334,11.443062446780589
2025-10-17,101,Wireless Ergonomic Mouse,Electronics,18.5,39.99,7,59,4,17,10,4,0,38.0,44.0,62.0,65.0,42.0,5.597618541249019,41.714285714285715,9.498409352085245,44.1,11.493176386372763
2025-10-18,101,Wireless Ergonomic Mouse,Electronics,18.5,39.99,7,50,5,18,10,4,1,59.0,51.0,56.0,75.0,44.142857142857146,8.571825387640162,41.5,9.027735042633905,44.766666666666666,11.764010966629929
2025-10-19,101,Wireless Ergonomic Mouse,Electronics,18.5,39.99,7,32,6,19,10,4,1,50.0,47.0,30.0,33.0,44.0,8.445906306213399,41.07142857142857,8.407545015449712,44.6,11.648886286857582
2025-10-20,101,Wireless Ergonomic Mouse,Electronics,18.5,39.99,7,29,0,20,10,4,0,32.0,39.0,43.0,40.0,41.857142857142854,9.406178314075909,41.214285714285715,8.219850002642032,43.5,11.205755910122345
2025-10-21,101,Wireless Ergonomic Mouse,Electronics,18.5,39.99,7,44,1,21,10,4,0,29.0,35.0,34.0,36.0,40.42857142857143,10.59649537751588,40.214285714285715,8.8158822712069,41.96666666666667,9.806694874819767
2025-10-22,101,Wireless Ergonomic Mouse,Electronics,18.5,39.99,7,42,2,22,10,4,0,44.0,40.0,32.0,44.0,41.714285714285715,10.371664696249585,40.92857142857143,8.677683896190151,42.333333333333336,9.664486476299452
2025-10-23,101,Wireless Ergonomic Mouse,Electronics,18.5,39.99,7,50,3,23,10,4,0,42.0,38.0,33.0,45.0,42.0,10.344080432788672,41.642857142857146,8.289076619792546,42.4,9.654729053860008
2025-10-24,101,Wireless Ergonomic Mouse,Electronics,18.5,39.99,7,56,4,24,10,4,0,50.0,59.0,44.0,61.0,43.714285714285715,10.56273774035077,42.857142857142854,8.169899188316414,42.86666666666667,9.673045853915633
2025-10-25,101,Wireless Ergonomic Mouse,Electronics,18.5,39.99,7,59,5,25,10,4,1,56.0,50.0,51.0,60.0,43.285714285714285,9.877825093178679,43.714285714285715,8.896227129680186,43.266666666666666,9.965226897890346
2025-10-26,101,Wireless Ergonomic Mouse,Electronics,18.5,39.99,7,39,6,26,10,4,1,59.0,32.0,47.0,40.0,44.57142857142857,11.370387604902323,44.285714285714285,9.627113725375814,43.733333333333334,10.368830391040326
2025-10-27,101,Wireless Ergonomic Mouse,Electronics,18.5,39.99,7,44,0,27,10,4,0,39.0,29.0,39.0,33.0,45.57142857142857,10.341778423094516,43.714285714285715,9.690824934549612,43.0,9.871589328070197
2025-10-28,101,Wireless Ergonomic Mouse,Electronics,18.5,39.99,7,34,1,28,10,4,0,44.0,44.0,35.0,40.0,47.714285714285715,7.499206307209989,44.07142857142857,9.595385795861949,42.46666666666667,9.339324842072228
2025-10-29,101,Wireless Ergonomic Mouse,Electronics,18.5,39.99,7,40,2,29,10,4,0,34.0,42.0,40.0,33.0,46.285714285714285,9.105205209371418,44.0,9.671528397231855,42.266666666666666,9.457466794069108
2025-10-30,101,Wireless Ergonomic Mouse,Electronics,18.5,39.99,7,37,3,30,10,4,0,40.0,50.0,38.0,40.0,46.0,9.2915732431777,44.0,9.671528397231855,42.5,9.306097370856506
2025-10-31,101,Wireless Ergonomic Mouse,Electronics,18.5,39.99,7,60,4,31,10,4,0,37.0,56.0,59.0,62.0,44.142857142857146,9.651054716602697,43.92857142857143,9.722806540961702,42.4,9.349903189614997
2025-11-01,101,Wireless Ergonomic Mouse,Electronics,18.5,39.99,7,103,5,1,11,4,1,60.0,59.0,50.0,56.0,44.714285714285715,10.546947199929342,44.0,9.844951849708437,43.3,9.706556618044878
2025-11-02,101,Wireless Ergonomic Mouse,Electronics,18.5,39.99,7,47,6,2,11,4,1,103.0,39.0,32.0,30.0,51.0,24.440403706431223,47.785714285714285,18.614215293399084,45.4,14.566376019615468
2025-11-03,101,Wireless Ergonomic Mouse,Electronics,18.5,39.99,7,55,0,3,11,4,0,47.0,44.0,29.0,43.0,52.142857142857146,23.96823294438275,48.857142857142854,18.059121466225033,44.9,14.230491788821812
2025-11-04,101,Wireless Ergonomic Mouse,Electronics,18.5,39.99,7,68,1,4,11,4,0,55.0,34.0,44.0,34.0,53.714285714285715,23.704530408864176,50.714285714285715,17.17524413186063,44.86666666666667,14.204742610961983
2025-11-05,101,Wireless Ergonomic Mouse,Electronics,18.5,39.99,7,65,2,5,11,4,0,68.0,40.0,42.0,32.0,58.57142857142857,22.441458232901294,52.42857142857143,17.644847954591782,46.13333333333333,14.524018949202137
2025-11-06,101,Wireless Ergonomic Mouse,Electronics,18.5,39.99,7,45,3,6,11,4,0,65.0,37.0,50.0,33.0,62.142857142857146,20.931862247369768,54.07142857142857,17.669897416942675,46.86666666666667,14.910614902867371
2025-11-07,101,Wireless Ergonomic Mouse,Electronics,18.5,39.99,7,77,4,7,11,4,0,45.0,60.0,56.0,44.0,63.285714285714285,19.499694747305714,53.714285714285715,17.808505191139986,47.233333333333334,14.717297665492604
2025-11-08,101,Wireless Ergonomic Mouse,Electronics,18.5,39.99,7,91,5,8,11,4,1,77.0,103.0,59.0,51.0,65.71428571428571,20.07248768600368,55.214285714285715,18.86869027059047,48.733333333333334,15.389054178400597
2025-11-09,101,Wireless Ergonomic Mouse,Electronics,18.5,39.99,7,72,6,9,11,4,1,91.0,47.0,39.0,47.0,64.0,16.56301099840667,57.5,21.161467158675357,50.666666666666664,16.912214181051198
2025-11-10,101,Wireless Ergonomic Mouse,Electronics,18.5,39.99,7,61,0,10,11,4,0,72.0,55.0,44.0,39.0,67.57142857142857,14.89806634944243,59.857142857142854,20.776677541665162,51.6,17.299790710314735
2025-11-11,101,Wireless Ergonomic Mouse,Electronics,18.5,39.99,7,50,1,11,11,4,0,61.0,68.0,34.0,35.0,68.42857142857143,14.210995072562268,61.07142857142857,20.269204704197534,51.93333333333333,17.383966717943782
2025-11-12,101,Wireless Ergonomic Mouse,Electronics,18.5,39.99,7,56,2,12,11,4,0,50.0,65.0,40.0,40.0,65.85714285714286,15.836967001592548,62.214285714285715,19.039144176906046,52.03333333333333,17.36322577159569
2025-11-13,101,Wireless Ergonomic Mouse,Electronics,18.5,39.99,7,55,3,13,11,4,0,56.0,45.0,37.0,38.0,64.57142857142857,16.277357922967354,63.357142857142854,18.058056556379793,52.6,17.19983961432848
2025-11-14,101,Wireless Ergonomic Mouse,Electronics,18.5,39.99,7,82,4,14,11,4,0,55.0,77.0,60.0,59.0,66.0,14.62873883832805,64.64285714285714,16.620687493219332,53.266666666666666,16.87874266712397
2025-11-15,101,Wireless Ergonomic Mouse,Electronics,18.5,39.99,7,86,5,15,11,4,1,82.0,91.0,103.0,50.0,66.71428571428571,15.359191446973036,66.21428571428571,17.178602842035808,54.666666666666664,17.471816385713733
2025-11-16,101,Wireless Ergonomic Mouse,Electronics,18.5,39.99,7,61,6,16,11,4,1,86.0,72.0,47.0,32.0,66.0,14.106735979666151,65.0,14.81683034722563,56.266666666666666,18.08015359511616
2025-11-17,101,Wireless Ergonomic Mouse,Electronics,18.5,39.99,7,61,0,17,11,4,0,61.0,61.0,55.0,29.0,64.42857142857143,13.938641048743648,66.0,13.955974733755998,56.333333333333336,18.09426148950484
2025-11-18,101,Wireless Ergonomic Mouse,Electronics,18.5,39.99,7,49,1,18,11,4,0,61.0,50.0,68.0,44.0,64.42857142857143,13.938641048743648,66.42857142857143,13.68162319269239,56.7,18.07293652074178
2025-11-19,101,Wireless Ergonomic Mouse,Electronics,18.5,39.99,7,65,2,19,11,4,0,49.0,56.0,65.0,42.0,64.28571428571429,14.115172518892653,65.07142857142857,14.435342769713706,57.266666666666666,17.530138251777718
2025-11-20,101,Wireless Ergonomic Mouse,Electronics,18.5,39.99,7,43,3,20,11,4,0,65.0,55.0,45.0,50.0,65.57142857142857,13.636435786245187,65.07142857142857,14.435342769713706,58.46666666666667,16.74295185388804
2025-11-21,101,Wireless Ergonomic Mouse,Electronics,18.5,39.99,7,76,4,21,11,4,0,43.0,82.0,77.0,56.0,63.857142857142854,15.773697214335352,64.92857142857143,14.657443820143545,58.43333333333333,16.77371369924894
2025-11-22,101,Wireless Ergonomic Mouse,Electronics,18.5,39.99,7,82,5,22,11,4,1,76.0,86.0,91.0,59.0,63.0,14.753530650887383,64.85714285714286,14.596401784513533,59.56666666666667,16.773713699248948
2025-11-23,101,Wireless Ergonomic Mouse,Electronics,18.5,39.99,7,63,6,23,11,4,1,82.0,61.0,72.0,39.0,62.42857142857143,13.758114488756116,64.21428571428571,13.514542431871744,60.63333333333333,17.157452052083503
2025-11-24,101,Wireless Ergonomic Mouse,Electronics,18.5,39.99,7,66,0,24,11,4,0,63.0,61.0,61.0,44.0,62.714285714285715,13.744262872368552,63.57142857142857,13.328478969798327,60.86666666666667,17.139857427752496
2025-11-25,101,Wireless Ergonomic Mouse,Electronics,18.5,39.99,7,54,1,25,11,4,0,66.0,49.0,50.0,34.0,63.42857142857143,13.770223223283438,63.92857142857143,13.32126285139846,61.1,17.161203237294533
2025-11-26,101,Wireless Ergonomic Mouse,Electronics,18.5,39.99,7,59,2,26,11,4,0,54.0,65.0,56.0,40.0,64.14285714285714,13.005493344847176,64.21428571428571,13.039458291182086,61.6,16.70762782642142
2025-11-27,101,Wireless Ergonomic Mouse,Electronics,18.5,39.99,7,57,3,27,11,4,0,59.0,43.0,55.0,37.0,63.285714285714285,13.136644494369001,64.42857142857143,12.918170183084198,62.1,16.38407553188422
2025-11-28,101,Wireless Ergonomic Mouse,Electronics,18.5,39.99,7,84,4,28,11,4,0,57.0,76.0,82.0,60.0,65.28571428571429,10.291003930849952,64.57142857142857,12.816541509461162,62.86666666666667,15.54023328572378
2025-11-29,101,Wireless Ergonomic Mouse,Electronics,18.5,39.99,7,98,5,29,11,4,1,84.0,82.0,86.0,103.0,66.42857142857143,11.984116472191648,64.71428571428571,13.03503309976974,64.33333333333333,15.383227169905686
2025-11-30,101,Wireless Ergonomic Mouse,Electronics,18.5,39.99,7,65,6,30,11,4,1,98.0,63.0,61.0,47.0,68.71428571428571,16.224613870231348,65.57142857142857,14.81534695828992,66.36666666666666,15.674453921815964
2025-12-01,101,Wireless Ergonomic Mouse,Electronics,18.5,39.99,7,57,0,1,12,4,0,65.0,66.0,61.0,55.0,69.0,16.124515496597358,65.85714285714286,14.758867701289986,66.53333333333333,15.630944846093426
2025-12-02,101,Wireless Ergonomic Mouse,Electronics,18.5,39.99,7,65,1,2,12,4,0,57.0,54.0,49.0,68.0,67.71428571428571,16.75026652240007,65.57142857142857,14.898189284475105,65.0,14.112845701456123
2025-12-03,101,Wireless Ergonomic Mouse,Electronics,18.5,39.99,7,59,2,3,12,4,0,65.0,59.0,65.0,65.0,69.28571428571429,15.734402707806769,66.71428571428571,14.122696252860306,65.6,13.697721934938738
2025-12-04,101,Wireless Ergonomic Mouse,Electronics,18.5,39.99,7,78,3,4,12,4,0,59.0,57.0,43.0,45.0,69.28571428571429,15.734402707806769,66.28571428571429,14.269001212572679,65.73333333333333,13.610171990434239
2025-12-05,101,Wireless Ergonomic Mouse,Electronics,18.5,39.99,7,74,4,5,12,4,0,78.0,84.0,76.0,77.0,72.28571428571429,14.985707476506999,68.78571428571429,12.873219497071645,66.06666666666666,13.788884412211841
2025-12-06,101,Wireless Ergonomic Mouse,Electronics,18.5,39.99,7,87,5,6,12,4,1,74.0,98.0,82.0,91.0,70.85714285714286,14.135399669253523,68.64285714285714,12.797879288605579,66.36666666666666,13.862585053582952
2025-12-07,101,Wireless Ergonomic Mouse,Electronics,18.5,39.99,7,47,6,7,12,4,1,87.0,65.0,63.0,72.0,69.28571428571429,10.843035948083775,69.0,13.260699598669719,67.76666666666667,13.750694862275433
2025-12-08,101,Wireless Ergonomic Mouse,Electronics,18.5,39.99,7,49,0,8,12,4,0,47.0,57.0,66.0,61.0,66.71428571428571,13.768494056048263,67.85714285714286,14.453411324012892,66.76666666666667,14.141363474557387
2025-12-09,101,Wireless Ergonomic Mouse,Electronics,18.5,39.99,7,64,1,9,12,4,0,49.0,65.0,54.0,50.0,65.57142857142857,14.98729620775726,66.64285714285714,15.310163255207433,65.36666666666666,13.732627478791873
2025-12-10,101,Wireless Ergonomic Mouse,Electronics,18.5,39.99,7,56,2,10,12,4,0,64.0,59.0,59.0,56.0,65.42857142857143,14.998412614419848,67.35714285714286,14.902798616146287,65.1,13.676937547918406
2025-12-11,101,Wireless Ergonomic Mouse,Electronics,18.5,39.99,7,58,3,11,12,4,0,56.0,78.0,57.0,55.0,65.0,15.253414918196976,67.14285714285714,15.053019849631887,64.93333333333334,13.758842506782392
2025-12-12,101,Wireless Ergonomic Mouse,Electronics,18.5,39.99,7,97,4,12,12,4,0,58.0,74.0,84.0,82.0,62.142857142857146,14.252819269985283,67.21428571428571,15.003479449927628,65.2,13.535139452551098
2025-12-13,101,Wireless Ergonomic Mouse,Electronics,18.5,39.99,7,93,5,13,12,4,1,97.0,87.0,98.0,86.0,65.42857142857143,19.22547912586459,68.14285714285714,16.45439919131835,66.56666666666666,14.60203890660104
2025-12-14,101,Wireless Ergonomic Mouse,Electronics,18.5,39.99,7,53,6,14,12,4,1,93.0,47.0,65.0,61.0,66.28571428571429,20.442719043825104,67.78571428571429,15.797655967450968,67.83333333333333,15.200007562006771
2025-12-15,101,Wireless Ergonomic Mouse,Electronics,18.5,39.99,7,58,0,15,12,4,0,53.0,49.0,57.0,61.0,67.14285714285714,19.608064424521825,66.92857142857143,16.278651832830334,66.86666666666666,15.19013594030886
2025-12-16,101,Wireless Ergonomic Mouse,Electronics,18.5,39.99,7,62,1,16,12,4,0,58.0,64.0,65.0,49.0,68.42857142857143,18.482939366319844,67.0,16.233867731950586,65.93333333333334,14.82991695127166
2025-12-17,101,Wireless Ergonomic Mouse,Electronics,18.5,39.99,7,62,2,17,12,4,0,62.0,56.0,59.0,65.0,68.14285714285714,18.578020808010344,66.78571428571429,16.28202676586673,65.96666666666667,14.81956612826065
2025-12-18,101,Wireless Ergonomic Mouse,Electronics,18.5,39.99,7,44,3,18,12,4,0,62.0,58.0,78.0,43.0,69.0,18.05547008526802,67.0,16.191165682366762,66.0,14.809130454810353
2025-12-19,101,Wireless Ergonomic Mouse,Electronics,18.5,39.99,7,77,4,19,12,4,0,44.0,97.0,74.0,76.0,67.0,20.13289182738886,64.57142857142857,16.946587066038337,65.83333333333333,15.033487523739861
2025-12-20,101,Wireless Ergonomic Mouse,Electronics,18.5,39.99,7,89,5,20,12,4,1,77.0,93.0,87.0,82.0,64.14285714285714,16.201116951500527,64.78571428571429,17.09331210389968,66.23333333333333,15.169577843632576
2025-12-21,101,Wireless Ergonomic Mouse,Electronics,18.5,39.99,7,40,6,21,12,4,1,89.0,53.0,47.0,63.0,63.57142857142857,15.042796092672445,64.92857142857143,17.300352534043995,67.76666666666667,15.064649951489915
2025-12-22,101,Wireless Ergonomic Mouse,Electronics,18.5,39.99,7,64,0,22,12,4,0,40.0,58.0,49.0,66.0,61.714285714285715,17.21156864548092,64.42857142857143,17.94742015192977,66.56666666666666,15.801971359630421
2025-12-23,101,Wireless Ergonomic Mouse,Electronics,18.5,39.99,7,45,1,23,12,4,0,64.0,62.0,64.0,54.0,62.57142857142857,17.14503954362275,65.5,17.394738373339447,65.96666666666667,15.535239881022914
2025-12-24,101,Wireless Ergonomic Mouse,Electronics,18.5,39.99,7,56,2,24,12,4,0,45.0,62.0,56.0,59.0,60.142857142857146,18.39772242632758,64.14285714285714,18.241361044265783,65.36666666666666,15.994575229796332
2025-12-25,101,Wireless Ergonomic Mouse,Electronics,18.5,39.99,7,55,3,25,12,4,0,56.0,44.0,58.0,57.0,59.285714285714285,18.436506228262665,64.14285714285714,18.241361044265783,65.03333333333333,16.08486830862324
2025-12-26,101,Wireless Ergonomic Mouse,Electronics,18.5,39.99,7,93,4,26,12,4,0,55.0,77.0,97.0,84.0,60.857142857142854,17.353468158926148,63.92857142857143,18.336446622104276,65.06666666666666,16.062235283386173
2025-12-27,101,Wireless Ergonomic Mouse,Electronics,18.5,39.99,7,78,5,27,12,4,1,93.0,89.0,93.0,98.0,63.142857142857146,20.586634591635683,63.642857142857146,17.804956712008263,66.2,16.801888235429594
2025-12-28,101,Wireless Ergonomic Mouse,Electronics,18.5,39.99,7,63,6,28,12,4,1,78.0,40.0,53.0,65.0,61.57142857142857,18.60875370049593,62.57142857142857,16.289280504081933,66.9,16.84278214383933
2025-12-29,101,Wireless Ergonomic Mouse,Electronics,18.5,39.99,7,53,0,29,12,4,0,63.0,64.0,58.0,57.0,64.85714285714286,16.01487403872406,63.285714285714285,16.05485103506869,66.2,16.54127543762734
2025-12-30,101,Wireless Ergonomic Mouse,Electronics,18.5,39.99,7,54,1,30,12,4,0,53.0,45.0,62.0,65.0,63.285714285714285,16.64045557984423,62.92857142857143,16.236067569146616,64.7,15.569975527631362
2024-01-31,102,Mechanical RGB Keyboard,Electronics,42.0,89.99,10,16,2,31,1,1,0,19.0,18.0,19.0,17.0,16.857142857142858,5.459809869356608,16.428571428571427,4.652778916771314,17.633333333333333,5.524137213540499
2024-02-01,102,Mechanical RGB Keyboard,Electronics,42.0,89.99,10,17,3,1,2,1,0,16.0,16.0,19.0,17.0,16.571428571428573,5.442338432975998,16.214285714285715,4.593952068143027,17.6,5.531103275864216
2024-02-02,102,Mechanical RGB Keyboard,Electronics,42.0,89.99,10,21,4,2,2,1,0,17.0,20.0,18.0,28.0,16.714285714285715,5.437961803049796,16.071428571428573,4.531331706349362,17.8,5.3909246855727115
2024-02-03,102,Mechanical RGB Keyboard,Electronics,42.0,89.99,10,24,5,3,2,1,1,21.0,25.0,11.0,24.0,16.857142857142858,5.550632739564366,16.285714285714285,4.6974390965646435,17.933333333333334,5.419844337587396
2024-02-04,102,Mechanical RGB Keyboard,Electronics,42.0,89.99,10,19,6,4,2,1,1,24.0,11.0,10.0,19.0,16.714285714285715,5.31395288256259,17.214285714285715,4.854475673637067,18.166666666666668,5.527881263591668
2024-02-05,102,Mechanical RGB Keyboard,Electronics,42.0,89.99,10,18,0,5,2,1,0,19.0,9.0,20.0,10.0,17.857142857142858,4.705619740571599,17.857142857142858,4.400299690093545,17.866666666666667,5.210952215143193
2024-02-06,102,Mechanical RGB Keyboard,Electronics,42.0,89.99,10,25,1,6,2,1,0,18.0,19.0,15.0,22.0,19.142857142857142,2.672612419124235,17.714285714285715,4.357638235215377,17.666666666666668,5.080953842933725
2024-02-07,102,Mechanical RGB Keyboard,Electronics,42.0,89.99,10,13,2,7,2,1,0,25.0,16.0,18.0,14.0,20.0,3.4641016151377446,18.428571428571427,4.685727686928034,17.866666666666667,5.250506270061394
2024-02-08,102,Mechanical RGB Keyboard,Electronics,42.0,89.99,10,13,3,8,2,1,0,13.0,17.0,16.0,15.0,19.571428571428573,4.157609203101492,18.071428571428573,4.906264217449826,17.966666666666665,5.122521828656025
2024-02-09,102,Mechanical RGB Keyboard,Electronics,42.0,89.99,10,22,4,9,2,1,0,13.0,21.0,20.0,33.0,19.0,4.795831523312715,17.857142857142858,5.066589550213206,17.666666666666668,5.141671091113802
2024-02-10,102,Mechanical RGB Keyboard,Electronics,42.0,89.99,10,30,5,10,2,1,1,22.0,24.0,25.0,16.0,19.142857142857142,4.87950036474266,18.0,5.159010042186835,17.933333333333334,5.152390361451819
2024-02-11,102,Mechanical RGB Keyboard,Electronics,42.0,89.99,10,14,6,11,2,1,1,30.0,19.0,11.0,21.0,20.0,6.218252702059204,18.357142857142858,5.812548002873979,18.433333333333334,5.5688996828961566
2024-02-12,102,Mechanical RGB Keyboard,Electronics,42.0,89.99,10,18,0,12,2,1,0,14.0,18.0,9.0,13.0,19.285714285714285,6.626066850308851,18.571428571428573,5.570724103109669,17.8,4.8947544054482615
2024-02-13,102,Mechanical RGB Keyboard,Electronics,42.0,89.99,10,17,1,13,2,1,0,18.0,25.0,19.0,22.0,19.285714285714285,6.626066850308851,19.214285714285715,4.854475673637067,17.866666666666667,4.882998890120653
2024-02-14,102,Mechanical RGB Keyboard,Electronics,42.0,89.99,10,19,2,14,2,1,0,17.0,13.0,16.0,19.0,18.142857142857142,6.148944934663489,19.071428571428573,4.89056054226736,17.733333333333334,4.848983777881807
2024-02-15,102,Mechanical RGB Keyboard,Electronics,42.0,89.99,10,17,3,15,2,1,0,19.0,13.0,17.0,19.0,19.0,5.715476066494079,19.285714285714285,4.810702354423638,17.933333333333334,4.770117712227418
2024-02-16,102,Mechanical RGB Keyboard,Electronics,42.0,89.99,10,25,4,16,2,1,0,17.0,22.0,21.0,18.0,19.571428571428573,5.191568255583365,19.285714285714285,4.810702354423638,17.766666666666666,4.710101641288047
2024-02-17,102,Mechanical RGB Keyboard,Electronics,42.0,89.99,10,24,5,17,2,1,1,25.0,30.0,24.0,11.0,20.0,5.537749241945379,19.571428571428573,5.033950669271535,17.966666666666665,4.888292370434748
2024-02-18,102,Mechanical RGB Keyboard,Electronics,42.0,89.99,10,16,6,18,2,1,1,24.0,14.0,19.0,10.0,19.142857142857142,3.9761191895520143,19.571428571428573,5.033950669271535,18.133333333333333,5.00849852463434
2024-02-19,102,Mechanical RGB Keyboard,Electronics,42.0,89.99,10,13,0,19,2,1,0,16.0,18.0,18.0,20.0,19.428571428571427,3.598941643369743,19.357142857142858,5.123207271549019,18.066666666666666,5.023622359333491
2024-02-20,102,Mechanical RGB Keyboard,Electronics,42.0,89.99,10,15,1,20,2,1,0,13.0,17.0,25.0,15.0,18.714285714285715,4.347960660443222,19.0,5.3923022056375025,18.133333333333333,4.939170203470474
2024-02-21,102,Mechanical RGB Keyboard,Electronics,42.0,89.99,10,7,2,21,2,1,0,15.0,19.0,13.0,18.0,18.428571428571427,4.54082014828242,18.285714285714285,5.1950948970168955,18.3,4.735413174268373
2024-02-22,102,Mechanical RGB Keyboard,Electronics,42.0,89.99,10,19,3,22,2,1,0,7.0,17.0,13.0,16.0,16.714285714285715,6.237368187365715,17.857142857142858,5.868522849879724,17.866666666666667,5.151051672555162
2024-02-23,102,Mechanical RGB Keyboard,Electronics,42.0,89.99,10,28,4,23,2,1,0,19.0,25.0,22.0,20.0,17.0,6.298147875897058,18.285714285714285,5.703286116571088,18.0,5.125998641139647
2024-02-24,102,Mechanical RGB Keyboard,Electronics,42.0,89.99,10,22,5,24,2,1,1,28.0,24.0,30.0,25.0,17.428571428571427,6.99659781267874,18.714285714285715,6.207050227561601,18.333333333333332,5.441433212150899
2024-02-25,102,Mechanical RGB Keyboard,Electronics,42.0,89.99,10,13,6,25,2,1,1,22.0,16.0,14.0,11.0,17.142857142857142,6.718843437888482,18.142857142857142,5.40451581631428,18.533333333333335,5.462936770723192
2024-02-26,102,Mechanical RGB Keyboard,Electronics,42.0,89.99,10,9,0,26,2,1,0,13.0,13.0,18.0,9.0,16.714285714285715,6.897204402613318,18.071428571428573,5.469696739087316,18.3,5.546978052709545
2024-02-27,102,Mechanical RGB Keyboard,Electronics,42.0,89.99,10,17,1,27,2,1,0,9.0,15.0,17.0,19.0,16.142857142857142,7.40334544712887,17.428571428571427,5.983493778905247,17.766666666666666,5.648822479269361
2024-02-28,102,Mechanical RGB Keyboard,Electronics,42.0,89.99,10,17,2,28,2,1,0,17.0,7.0,19.0,16.0,16.428571428571427,7.390470053998432,17.428571428571427,5.983493778905247,17.966666666666665,5.505378770102821
2024-02-29,102,Mechanical RGB Keyboard,Electronics,42.0,89.99,10,17,3,29,2,1,0,17.0,19.0,17.0,17.0,17.857142857142858,6.1217800088038485,17.285714285714285,5.966941897186162,18.233333333333334,5.243605848922149
2024-03-01,102,Mechanical RGB Keyboard,Electronics,42.0,89.99,10,20,4,1,3,1,0,17.0,28.0,25.0,21.0,17.571428571428573,6.106202935189287,17.285714285714285,5.966941897186162,18.166666666666668,5.246235650992731
2024-03-02,102,Mechanical RGB Keyboard,Electronics,42.0,89.99,10,34,5,2,3,1,1,20.0,22.0,24.0,24.0,16.428571428571427,4.314979445958876,16.928571428571427,5.608568797478011,18.3,5.240097393145969
2024-03-03,102,Mechanical RGB Keyboard,Electronics,42.0,89.99,10,19,6,3,3,1,1,34.0,13.0,16.0,19.0,18.142857142857142,7.840675383931569,17.642857142857142,7.034061556314528,18.866666666666667,5.963875928618403
2024-03-04,102,Mechanical RGB Keyboard,Electronics,42.0,89.99,10,14,0,4,3,1,0,19.0,9.0,13.0,18.0,19.0,7.505553499465135,17.857142857142858,7.025854920409142,18.8,5.950369446658261
2024-03-05,102,Mechanical RGB Keyboard,Electronics,42.0,89.99,10,16,1,5,3,1,0,14.0,17.0,15.0,25.0,19.714285714285715,6.57556805440376,17.928571428571427,6.977593653030619,18.466666666666665,5.929082811742955
2024-03-06,102,Mechanical RGB Keyboard,Electronics,42.0,89.99,10,15,2,6,3,1,0,16.0,17.0,7.0,13.0,19.571428571428573,6.654751256486924,18.0,6.950373537277856,18.366666666666667,5.945054933381149
2024-03-07,102,Mechanical RGB Keyboard,Electronics,42.0,89.99,10,16,3,7,3,1,0,15.0,17.0,19.0,13.0,19.285714285714285,6.824326235712107,18.571428571428573,6.272213272893335,18.266666666666666,5.976582654819144
2024-03-08,102,Mechanical RGB Keyboard,Electronics,42.0,89.99,10,24,4,8,3,1,0,16.0,20.0,28.0,22.0,19.142857142857142,6.890296835129128,18.357142857142858,6.307591797644665,17.966666666666665,5.851515178571912
2024-03-09,102,Mechanical RGB Keyboard,Electronics,42.0,89.99,10,22,5,9,3,1,1,24.0,34.0,22.0,30.0,19.714285714285715,7.134757312253999,18.071428571428573,5.915615394403652,18.333333333333332,5.874159269753994
2024-03-10,102,Mechanical RGB Keyboard,Electronics,42.0,89.99,10,18,6,10,3,1,1,22.0,19.0,13.0,14.0,18.0,3.785938897200179,18.071428571428573,5.915615394403652,18.633333333333333,5.82197580713374
2024-03-11,102,Mechanical RGB Keyboard,Electronics,42.0,89.99,10,13,0,11,3,1,0,18.0,14.0,9.0,18.0,17.857142857142858,3.7606990231680486,18.428571428571427,5.73403181706562,18.5,5.787918451395113
2024-03-12,102,Mechanical RGB Keyboard,Electronics,42.0,89.99,10,21,1,12,3,1,0,13.0,16.0,17.0,17.0,17.714285714285715,3.9460649476951772,18.714285714285715,5.312229307906446,17.933333333333334,5.445234128358824
2024-03-13,102,Mechanical RGB Keyboard,Electronics,42.0,89.99,10,18,2,13,3,1,0,21.0,15.0,17.0,19.0,18.428571428571427,4.035556254807293,19.0,5.320497374089408,18.166666666666668,5.420798600876477
2024-03-14,102,Mechanical RGB Keyboard,Electronics,42.0,89.99,10,22,3,14,3,1,0,18.0,16.0,17.0,17.0,18.857142857142858,3.7606990231680504,19.071428571428573,5.298247688757912,18.166666666666668,5.420798600876477
2024-03-15,102,Mechanical RGB Keyboard,Electronics,42.0,89.99,10,29,4,15,3,1,0,22.0,24.0,20.0,25.0,19.714285714285715,3.6839419880650364,19.428571428571427,5.3163649483210085,18.333333333333332,5.460411335606778
2024-03-16,102,Mechanical RGB Keyboard,Electronics,42.0,89.99,10,32,5,16,3,1,1,29.0,22.0,34.0,24.0,20.428571428571427,4.928053803045812,20.071428571428573,5.902597677350145,18.666666666666668,5.797343823019198
2024-03-17,102,Mechanical RGB Keyboard,Electronics,42.0,89.99,10,29,6,17,3,1,1,32.0,18.0,19.0,16.0,21.857142857142858,6.618876325292975,19.928571428571427,5.553436714383205,19.166666666666668,6.275751546330078
2024-03-18,102,Mechanical RGB Keyboard,Electronics,42.0,89.99,10,10,0,18,3,1,0,29.0,13.0,14.0,13.0,23.428571428571427,6.852180744287252,20.642857142857142,6.046068561879285,19.3,6.444190112566245
2024-03-19,102,Mechanical RGB Keyboard,Electronics,42.0,89.99,10,15,1,19,3,1,0,10.0,21.0,16.0,15.0,23.0,7.659416862050708,20.357142857142858,6.4641870552850085,18.833333333333332,6.597195503071524
2024-03-20,102,Mechanical RGB Keyboard,Electronics,42.0,89.99,10,25,2,20,3,1,0,15.0,18.0,15.0,7.0,22.142857142857142,8.234653836654209,20.285714285714285,6.521309111480035,18.8,6.6145086089543375
2024-03-21,102,Mechanical RGB Keyboard,Electronics,42.0,89.99,10,15,3,21,3,1,0,25.0,22.0,16.0,19.0,23.142857142857142,8.071112509614595,21.0,6.445033866354896,19.2,6.6145086089543375
2024-03-22,102,Mechanical RGB Keyboard,Electronics,42.0,89.99,10,27,4,22,3,1,0,15.0,29.0,24.0,28.0,22.142857142857142,8.649249898663113,20.928571428571427,6.509924798269246,19.2,6.6145086089543375
2024-03-23,102,Mechanical RGB Keyboard,Electronics,42.0,89.99,10,18,5,23,3,1,1,27.0,32.0,22.0,22.0,21.857142857142858,8.414839499926536,21.142857142857142,6.666300356236617,19.866666666666667,6.344877561022578
2024-03-24,102,Mechanical RGB Keyboard,Electronics,42.0,89.99,10,6,6,24,3,1,1,18.0,29.0,18.0,13.0,19.857142857142858,7.1746909672954216,20.857142857142858,6.712298045747452,19.833333333333332,6.3522102226424835
2024-03-25,102,Mechanical RGB Keyboard,Electronics,42.0,89.99,10,25,0,25,3,1,0,6.0,10.0,13.0,9.0,16.571428571428573,7.546680127869537,20.0,7.78558826392615,19.1,6.640263808635608
2024-03-26,102,Mechanical RGB Keyboard,Electronics,42.0,89.99,10,19,1,26,3,1,0,25.0,15.0,21.0,17.0,18.714285714285715,7.499206307209802,20.857142857142858,7.61433004131171,19.2,6.707689874187377
2024-03-27,102,Mechanical RGB Keyboard,Electronics,42.0,89.99,10,16,2,27,3,1,0,19.0,25.0,18.0,17.0,19.285714285714285,7.319250547114002,20.714285714285715,7.630188740770456,19.4,6.605118182659305
2024-03-28,102,Mechanical RGB Keyboard,Electronics,42.0,89.99,10,27,3,28,3,1,0,16.0,15.0,22.0,17.0,18.0,6.928203230275511,20.571428571428573,7.703288865196433,19.633333333333333,6.343518730567245
2024-03-29,102,Mechanical RGB Keyboard,Electronics,42.0,89.99,10,26,4,29,3,1,0,27.0,27.0,29.0,20.0,19.714285714285715,7.521398046336109,20.928571428571427,7.888299862788859,19.966666666666665,6.462002109591718
2024-03-30,102,Mechanical RGB Keyboard,Electronics,42.0,89.99,10,24,5,30,3,1,1,26.0,18.0,32.0,34.0,19.571428571428573,7.367883976130075,20.714285714285715,7.690439333539869,20.266666666666666,6.528100179533322
2024-03-31,102,Mechanical RGB Keyboard,Electronics,42.0,89.99,10,14,6,31,3,1,1,24.0,6.0,29.0,19.0,20.428571428571427,7.502380574571936,20.142857142857142,7.058624216104426,20.5,6.53241255533539
2024-04-01,102,Mechanical RGB Keyboard,Electronics,42.0,89.99,10,20,0,1,4,2,0,14.0,25.0,10.0,14.0,21.571428571428573,5.191568255583376,19.071428571428573,6.742109755561973,20.3,6.639225131355886
2024-04-02,102,Mechanical RGB Keyboard,Electronics,42.0,89.99,10,12,1,2,4,2,0,20.0,19.0,15.0,16.0,20.857142857142858,4.980915960897541,19.785714285714285,6.216337920581307,19.833333333333332,6.114332136158811
2024-04-03,102,Mechanical RGB Keyboard,Electronics,42.0,89.99,10,15,2,3,4,2,0,12.0,16.0,25.0,15.0,19.857142857142858,6.011892975000236,19.571428571428573,6.441622892913359,19.6,6.278589782361357
2024-04-04,102,Mechanical RGB Keyboard,Electronics,42.0,89.99,10,24,3,4,4,2,0,15.0,27.0,15.0,16.0,19.714285714285715,6.129553700835699,18.857142857142858,6.3471028261494435,19.633333333333333,6.250425272887761
2024-04-05,102,Mechanical RGB Keyboard,Electronics,42.0,89.99,10,28,4,5,4,2,0,24.0,26.0,27.0,24.0,19.285714285714285,5.618845839799184,19.5,6.382066219553759,19.9,6.260714953113418
2024-04-06,102,Mechanical RGB Keyboard,Electronics,42.0,89.99,10,34,5,6,4,2,1,28.0,24.0,18.0,22.0,19.571428571428573,6.051367417290711,19.571428571428573,6.477348528220783,20.333333333333332,6.35899218502393
2024-04-07,102,Mechanical RGB Keyboard,Electronics,42.0,89.99,10,19,6,7,4,2,1,34.0,14.0,6.0,18.0,21.0,8.103497187428815,20.714285714285715,7.508237234772645,20.933333333333334,6.771814473563774
2024-04-08,102,Mechanical RGB Keyboard,Electronics,42.0,89.99,10,18,0,8,4,2,0,19.0,20.0,25.0,13.0,21.714285714285715,7.587583842794003,21.642857142857142,6.246317596511046,20.766666666666666,6.755244875897049
2024-04-09,102,Mechanical RGB Keyboard,Electronics,42.0,89.99,10,24,1,9,4,2,0,18.0,12.0,19.0,21.0,21.428571428571427,7.6997217018353545,21.142857142857142,6.237074546700472,20.633333333333333,6.769522640600976
2024-04-10,102,Mechanical RGB Keyboard,Electronics,42.0,89.99,10,18,2,10,4,2,0,24.0,15.0,16.0,18.0,23.142857142857142,6.491753010001011,21.5,6.248076627127868,20.833333333333332,6.77766785916774
2024-04-11,102,Mechanical RGB Keyboard,Electronics,42.0,89.99,10,21,3,11,4,2,0,18.0,24.0,27.0,22.0,23.571428571428573,5.940177967511945,21.642857142857142,6.134481895960583,21.0,6.638446016745289
2024-04-12,102,Mechanical RGB Keyboard,Electronics,42.0,89.99,10,17,4,12,4,2,0,21.0,28.0,26.0,29.0,23.142857142857142,6.011892975000236,21.214285714285715,5.937865084206761,21.0,6.638446016745289
2024-04-13,102,Mechanical RGB Keyboard,Electronics,42.0,89.99,10,33,5,13,4,2,1,17.0,34.0,24.0,32.0,21.571428571428573,5.96816953672126,20.571428571428573,5.86665001662639,20.966666666666665,6.656515259675956
2024-04-14,102,Mechanical RGB Keyboard,Electronics,42.0,89.99,10,14,6,14,4,2,1,33.0,19.0,14.0,29.0,21.428571428571427,5.623081683476389,21.214285714285715,6.704517093016429,21.333333333333332,7.009025380294267
2024-04-15,102,Mechanical RGB Keyboard,Electronics,42.0,89.99,10,14,0,15,4,2,0,14.0,18.0,20.0,10.0,20.714285714285715,6.264031867582993,21.214285714285715,6.704517093016429,20.833333333333332,6.978209103978655
2024-04-16,102,Mechanical RGB Keyboard,Electronics,42.0,89.99,10,22,1,16,4,2,0,14.0,24.0,12.0,15.0,20.142857142857142,6.718843437888486,20.785714285714285,6.974443142133797,20.233333333333334,6.755244875897049
2024-04-17,102,Mechanical RGB Keyboard,Electronics,42.0,89.99,10,15,2,17,4,2,0,22.0,18.0,15.0,25.0,19.857142857142858,6.568322247184374,21.5,6.501479121648457,20.0,6.5600672830864095
2024-04-18,102,Mechanical RGB Keyboard,Electronics,42.0,89.99,10,18,3,18,4,2,0,15.0,21.0,24.0,15.0,19.428571428571427,6.803360514166093,21.5,6.501479121648457,20.166666666666668,6.357636371316393
2024-04-19,102,Mechanical RGB Keyboard,Electronics,42.0,89.99,10,29,4,19,4,2,0,18.0,17.0,28.0,27.0,19.0,6.782329983125272,21.071428571428573,6.521730371072316,20.266666666666666,6.296870231523251
2024-04-20,102,Mechanical RGB Keyboard,Electronics,42.0,89.99,10,20,5,20,4,2,1,29.0,33.0,34.0,18.0,20.714285714285715,7.653197277702216,21.142857142857142,6.608353022526089,20.4,6.441246398983182
2024-04-21,102,Mechanical RGB Keyboard,Electronics,42.0,89.99,10,23,6,21,4,2,1,20.0,14.0,19.0,6.0,18.857142857142858,5.429197958832456,20.142857142857142,5.475218897726554,20.566666666666666,6.360889838712025
2024-04-22,102,Mechanical RGB Keyboard,Electronics,42.0,89.99,10,14,0,22,4,2,0,23.0,14.0,18.0,25.0,20.142857142857142,5.145501965424804,20.428571428571427,5.5152137236540915,20.433333333333334,6.262550616951936
2024-04-23,102,Mechanical RGB Keyboard,Electronics,42.0,89.99,10,16,1,23,4,2,0,14.0,22.0,24.0,19.0,20.142857142857142,5.145501965424804,20.142857142857142,5.749343010722622,20.3,6.357997949908013
2024-04-24,102,Mechanical RGB Keyboard,Electronics,42.0,89.99,10,20,2,24,4,2,0,16.0,15.0,18.0,16.0,19.285714285714285,5.28249580262606,19.571428571428573,5.734031817065622,20.633333333333333,5.821975807133742
2024-04-25,102,Mechanical RGB Keyboard,Electronics,42.0,89.99,10,23,3,25,4,2,0,20.0,18.0,21.0,27.0,20.0,4.9328828623162515,19.714285714285715,5.716757707067765,20.466666666666665,5.763938627860912
2024-04-26,102,Mechanical RGB Keyboard,Electronics,42.0,89.99,10,37,4,26,4,2,0,23.0,29.0,17.0,26.0,20.714285714285715,4.956957592256425,19.857142857142858,5.776039937763361,20.6,5.77509516267317
2024-04-27,102,Mechanical RGB Keyboard,Electronics,42.0,89.99,10,22,5,27,4,2,1,37.0,20.0,33.0,24.0,21.857142857142858,7.47057720725272,21.285714285714285,7.289914755527473,21.3,6.433479243178903
2024-04-28,102,Mechanical RGB Keyboard,Electronics,42.0,89.99,10,23,6,28,4,2,1,22.0,23.0,14.0,14.0,22.142857142857142,7.425823667638304,20.5,6.477772646638541,21.133333333333333,6.344877561022578
2024-04-29,102,Mechanical RGB Keyboard,Electronics,42.0,89.99,10,13,0,29,4,2,0,23.0,14.0,14.0,20.0,22.142857142857142,7.425823667638304,21.142857142857142,6.224729130432325,21.033333333333335,6.288924766018726
2024-04-30,102,Mechanical RGB Keyboard,Electronics,42.0,89.99,10,21,1,30,4,2,0,13.0,16.0,22.0,12.0,22.0,7.615773105863912,21.071428571428573,6.318036278590243,20.666666666666668,6.429100507328638
2024-05-01,102,Mechanical RGB Keyboard,Electronics,42.0,89.99,10,18,2,1,5,2,0,21.0,20.0,15.0,15.0,22.714285714285715,7.181324987175322,21.0,6.312380996593431,20.9,6.304623371944511
2024-05-02,102,Mechanical RGB Keyboard,Electronics,42.0,89.99,10,23,3,2,5,2,0,18.0,23.0,18.0,24.0,22.428571428571427,7.345228447936866,21.214285714285715,6.141643120515898,20.833333333333332,6.3250096542564105
2024-05-03,102,Mechanical RGB Keyboard,Electronics,42.0,89.99,10,43,4,3,5,2,0,23.0,37.0,29.0,28.0,22.428571428571427,7.345228447936866,21.571428571428573,6.085471800359202,21.2,6.110477152766611
2024-05-04,102,Mechanical RGB Keyboard,Electronics,42.0,89.99,10,30,5,4,5,2,1,43.0,22.0,20.0,34.0,23.285714285714285,9.39351346611561,22.571428571428573,8.187366306265227,22.133333333333333,7.17626996250229
2024-05-05,102,Mechanical RGB Keyboard,Electronics,42.0,89.99,10,25,6,5,5,2,1,30.0,23.0,23.0,19.0,24.428571428571427,9.692903638868025,23.285714285714285,8.37972435225529,22.333333333333332,7.312404827949288
2024-05-06,102,Mechanical RGB Keyboard,Electronics,42.0,89.99,10,14,0,6,5,2,0,25.0,13.0,14.0,18.0,24.714285714285715,9.673232581274402,23.428571428571427,8.39151848103682,22.233333333333334,7.252506502907296
2024-05-07,102,Mechanical RGB Keyboard,Electronics,42.0,89.99,10,19,1,7,5,2,0,14.0,21.0,16.0,24.0,24.857142857142858,9.476788686550094,23.428571428571427,8.39151848103682,21.566666666666666,7.049985734068879
2024-05-08,102,Mechanical RGB Keyboard,Electronics,42.0,89.99,10,23,2,8,5,2,0,19.0,18.0,20.0,18.0,24.571428571428573,9.641181512261918,23.642857142857142,8.22385968580862,21.566666666666666,7.049985734068879
2024-05-09,102,Mechanical RGB Keyboard,Electronics,42.0,89.99,10,22,3,9,5,2,0,23.0,23.0,23.0,21.0,25.285714285714285,9.250482612892617,23.857142857142858,8.160478331164583,21.733333333333334,7.0218051188022
2024-05-10,102,Mechanical RGB Keyboard,Electronics,42.0,89.99,10,28,4,10,5,2,0,22.0,43.0,37.0,17.0,25.142857142857142,9.299257522845064,23.785714285714285,8.1729250147486,21.666666666666668,7.009025380294267
2024-05-11,102,Mechanical RGB Keyboard,Electronics,42.0,89.99,10,28,5,11,5,2,1,28.0,30.0,22.0,33.0,23.0,5.416025603090646,23.142857142857142,7.367883976130079,22.0,7.066189530628131
2024-05-12,102,Mechanical RGB Keyboard,Electronics,42.0,89.99,10,19,6,12,5,2,1,28.0,25.0,23.0,14.0,22.714285714285715,5.023753102820172,23.571428571428573,7.470086867111915,22.233333333333334,7.147139931147443
2024-05-13,102,Mechanical RGB Keyboard,Electronics,42.0,89.99,10,17,0,13,5,2,0,19.0,14.0,13.0,14.0,21.857142857142858,5.080307452263483,23.285714285714285,7.569458586761896,22.3,7.105849945522059
2024-05-14,102,Mechanical RGB Keyboard,Electronics,42.0,89.99,10,12,1,14,5,2,0,17.0,19.0,21.0,22.0,22.285714285714285,4.386125310350277,23.571428571428573,7.218718037843715,21.766666666666666,6.871647562985536
2024-05-15,102,Mechanical RGB Keyboard,Electronics,42.0,89.99,10,13,2,15,5,2,0,12.0,23.0,18.0,15.0,21.285714285714285,5.822779568622015,22.928571428571427,7.839390534731895,21.7,6.958745427951397
2024-05-16,102,Mechanical RGB Keyboard,Electronics,42.0,89.99,10,18,3,16,5,2,0,13.0,22.0,23.0,18.0,19.857142857142858,6.517376042257387,22.571428571428573,8.187366306265227,21.666666666666668,6.999178933784051
2024-05-17,102,Mechanical RGB Keyboard,Electronics,42.0,89.99,10,31,4,17,5,2,0,18.0,28.0,43.0,29.0,19.285714285714285,6.473388749701504,22.214285714285715,8.275808781563953,21.533333333333335,7.03063902198593
2024-05-18,102,Mechanical RGB Keyboard,Electronics,42.0,89.99,10,26,5,18,5,2,1,31.0,28.0,30.0,20.0,19.714285714285715,7.2044959507769875,21.357142857142858,6.356185876852481,22.066666666666666,7.124185777231371
2024-05-19,102,Mechanical RGB Keyboard,Electronics,42.0,89.99,10,21,6,19,5,2,1,26.0,19.0,25.0,23.0,19.428571428571427,6.8521807442872555,21.071428571428573,6.018743616841871,22.333333333333332,7.116437181688568
2024-05-20,102,Mechanical RGB Keyboard,Electronics,42.0,89.99,10,21,0,20,5,2,0,21.0,17.0,14.0,14.0,19.714285714285715,6.872997543873804,20.785714285714285,5.9118989716122075,22.066666666666666,7.007057197905026
2024-05-21,102,Mechanical RGB Keyboard,Electronics,42.0,89.99,10,21,1,21,5,2,0,21.0,12.0,19.0,16.0,20.285714285714285,6.775305299745686,21.285714285714285,5.580578567035606,22.1,6.999261044739922
2024-05-22,102,Mechanical RGB Keyboard,Electronics,42.0,89.99,10,15,2,22,5,2,0,21.0,13.0,23.0,20.0,21.571428571428573,5.711308748355993,21.428571428571427,5.543038401930367,22.033333333333335,6.999917897712274
2024-05-23,102,Mechanical RGB Keyboard,Electronics,42.0,89.99,10,16,3,23,5,2,0,15.0,18.0,22.0,23.0,21.857142857142858,5.2417736002416735,20.857142857142858,5.776039937763363,22.066666666666666,6.962626007444333
2024-05-24,102,Mechanical RGB Keyboard,Electronics,42.0,89.99,10,31,4,24,5,2,0,16.0,31.0,28.0,37.0,21.571428571428573,5.5334480768366925,20.428571428571427,5.9058547966506,22.066666666666666,6.962626007444333
2024-05-25,102,Mechanical RGB Keyboard,Electronics,42.0,89.99,10,25,5,25,5,2,1,31.0,26.0,28.0,22.0,21.571428571428573,5.5334480768366925,20.642857142857142,6.246317596511047,22.433333333333334,7.137484021762817
2024-05-26,102,Mechanical RGB Keyboard,Electronics,42.0,89.99,10,23,6,26,5,2,1,25.0,21.0,19.0,23.0,21.428571428571427,5.411627692821668,20.428571428571427,6.0219379159649495,22.5,7.152284419246279
2024-05-27,102,Mechanical RGB Keyboard,Electronics,42.0,89.99,10,16,0,27,5,2,0,23.0,21.0,17.0,13.0,21.714285714285715,5.437961803049801,20.714285714285715,6.043796201682561,22.033333333333335,6.60972811446329
2024-05-28,102,Mechanical RGB Keyboard,Electronics,42.0,89.99,10,21,1,28,5,2,0,16.0,21.0,12.0,21.0,21.0,5.859465277082322,20.642857142857142,6.096747466504554,21.833333333333332,6.700917761812535
2024-05-29,102,Mechanical RGB Keyboard,Electronics,42.0,89.99,10,13,2,29,5,2,0,21.0,15.0,13.0,18.0,21.0,5.859465277082322,21.285714285714285,5.566777433040684,21.766666666666666,6.698859055367426
2024-05-30,102,Mechanical RGB Keyboard,Electronics,42.0,89.99,10,18,3,30,5,2,0,13.0,16.0,18.0,23.0,20.714285714285715,6.237368187365725,21.285714285714285,5.566777433040684,21.766666666666666,6.698859055367426
2024-05-31,102,Mechanical RGB Keyboard,Electronics,42.0,89.99,10,29,4,31,5,2,0,18.0,31.0,31.0,43.0,21.0,6.027713773341715,21.285714285714285,5.566777433040684,21.666666666666668,6.733003292241386
2024-06-01,102,Mechanical RGB Keyboard,Electronics,42.0,89.99,10,47,5,1,6,2,1,29.0,25.0,26.0,30.0,20.714285714285715,5.498917642417944,21.142857142857142,5.318431562567513,22.033333333333335,6.825324715445
2024-06-02,102,Mechanical RGB Keyboard,Electronics,42.0,89.99,10,18,6,2,6,2,1,47.0,23.0,21.0,25.0,23.857142857142858,11.437199124327767,22.642857142857142,8.687808813390292,22.833333333333332,8.208840202566034
2024-06-03,102,Mechanical RGB Keyboard,Electronics,42.0,89.99,10,16,0,3,6,2,0,18.0,16.0,21.0,14.0,23.142857142857142,11.653734328940395,22.428571428571427,8.76807395492995,22.0,7.310832774866962
2024-06-04,102,Mechanical RGB Keyboard,Electronics,42.0,89.99,10,16,1,4,6,2,0,16.0,21.0,21.0,19.0,23.142857142857142,11.653734328940395,22.071428571428573,8.931054599751157,21.533333333333335,7.228932927090127
2024-06-05,102,Mechanical RGB Keyboard,Electronics,42.0,89.99,10,22,2,5,6,2,0,16.0,13.0,15.0,23.0,22.428571428571427,11.956269524913738,21.714285714285715,9.07599175702724,21.233333333333334,7.266756300195899
2024-06-06,102,Mechanical RGB Keyboard,Electronics,42.0,89.99,10,22,3,6,6,2,0,22.0,18.0,16.0,22.0,23.714285714285715,11.235572759681425,22.214285714285715,8.868080803807395,21.5,7.137806095858094
2024-06-07,102,Mechanical RGB Keyboard,Electronics,42.0,89.99,10,34,4,7,6,2,0,22.0,29.0,31.0,28.0,24.285714285714285,10.995670143504757,22.642857142857142,8.687808813390292,21.6,7.122572181646082
2024-06-08,102,Mechanical RGB Keyboard,Electronics,42.0,89.99,10,36,5,8,6,2,1,34.0,47.0,25.0,28.0,25.0,11.503622617824933,22.857142857142858,8.943043216826252,21.966666666666665,7.471709093748846
2024-06-09,102,Mechanical RGB Keyboard,Electronics,42.0,89.99,10,22,6,9,6,2,1,36.0,18.0,23.0,19.0,23.428571428571427,8.303757038376121,23.642857142857142,9.60454333881902,22.433333333333334,7.8988577669805204
2024-06-10,102,Mechanical RGB Keyboard,Electronics,42.0,89.99,10,12,0,10,6,2,0,22.0,16.0,16.0,17.0,24.0,8.0,23.571428571428573,9.613406389911043,22.233333333333334,7.828697576680711
2024-06-11,102,Mechanical RGB Keyboard,Electronics,42.0,89.99,10,16,1,11,6,2,0,12.0,16.0,21.0,12.0,23.428571428571427,8.772250620700538,23.285714285714285,9.91058929730116,21.7,7.966091933291705
2024-06-12,102,Mechanical RGB Keyboard,Electronics,42.0,89.99,10,16,2,12,6,2,0,16.0,22.0,13.0,13.0,23.428571428571427,8.772250620700538,22.928571428571427,10.087801359252486,21.6,8.019803076092977
2024-06-13,102,Mechanical RGB Keyboard,Electronics,42.0,89.99,10,22,3,13,6,2,0,16.0,22.0,18.0,18.0,22.571428571428573,9.216961590045873,23.142857142857142,9.890610487941373,21.566666666666666,8.041630188708881
2024-06-14,102,Mechanical RGB Keyboard,Electronics,42.0,89.99,10,31,4,14,6,2,0,22.0,34.0,29.0,31.0,22.571428571428573,9.216961590045873,23.428571428571427,9.787859715085718,21.9,7.836035239575053
2024-06-15,102,Mechanical RGB Keyboard,Electronics,42.0,89.99,10,36,5,15,6,2,1,31.0,36.0,47.0,26.0,22.142857142857142,8.64924989866311,23.571428571428573,9.889499370655619,22.5,7.820177262299946
2024-06-16,102,Mechanical RGB Keyboard,Electronics,42.0,89.99,10,11,6,16,6,2,1,36.0,22.0,18.0,21.0,22.142857142857142,8.64924989866311,22.785714285714285,8.172925014748595,23.1,8.146715013871624
2024-06-17,102,Mechanical RGB Keyboard,Electronics,42.0,89.99,10,23,0,17,6,2,0,11.0,12.0,16.0,21.0,20.571428571428573,9.623879031817037,22.285714285714285,8.686227573034769,22.433333333333334,8.294922972905582
2024-06-18,102,Mechanical RGB Keyboard,Electronics,42.0,89.99,10,24,1,18,6,2,0,23.0,16.0,16.0,21.0,22.142857142857142,8.858678822273133,22.785714285714285,8.495958961842902,22.333333333333332,8.268483300579014
2024-06-19,102,Mechanical RGB Keyboard,Electronics,42.0,89.99,10,20,2,19,6,2,0,24.0,16.0,22.0,15.0,23.285714285714285,8.440266301373155,23.357142857142858,8.270495686541343,22.433333333333334,8.269942806512539
2024-06-20,102,Mechanical RGB Keyboard,Electronics,42.0,89.99,10,21,3,20,6,2,0,20.0,22.0,22.0,16.0,23.857142857142858,7.988086367179805,23.214285714285715,8.312905364816544,22.4,8.277930775926704
2024-06-21,102,Mechanical RGB Keyboard,Electronics,42.0,89.99,10,36,4,21,6,2,0,21.0,31.0,34.0,31.0,23.714285714285715,8.035634920242993,23.142857142857142,8.32842346201473,22.4,8.277930775926704
2024-06-22,102,Mechanical RGB Keyboard,Electronics,42.0,89.99,10,29,5,22,6,2,1,36.0,36.0,36.0,25.0,24.428571428571427,8.96022958889527,23.285714285714285,8.543360637887824,23.1,8.515098152794488
2024-06-23,102,Mechanical RGB Keyboard,Electronics,42.0,89.99,10,17,6,23,6,2,1,29.0,11.0,22.0,23.0,23.428571428571427,7.764387566686397,22.785714285714285,7.924437096520064,23.533333333333335,8.471995788695727
2024-06-24,102,Mechanical RGB Keyboard,Electronics,42.0,89.99,10,23,0,24,6,2,0,17.0,23.0,12.0,16.0,24.285714285714285,6.369570517030846,22.428571428571427,8.073835097821433,23.066666666666666,8.432013435396827
2024-06-25,102,Mechanical RGB Keyboard,Electronics,42.0,89.99,10,25,1,25,6,2,0,23.0,24.0,16.0,21.0,24.285714285714285,6.369570517030846,23.214285714285715,7.495419846901089,23.0,8.424103349400413
2024-06-26,102,Mechanical RGB Keyboard,Electronics,42.0,89.99,10,20,2,26,6,2,0,25.0,20.0,16.0,13.0,24.428571428571427,6.373307431706684,23.857142857142858,7.209578488235082,23.066666666666666,8.432013435396827
2024-06-27,102,Mechanical RGB Keyboard,Electronics,42.0,89.99,10,20,3,27,6,2,0,20.0,21.0,22.0,18.0,24.428571428571427,6.373307431706684,24.142857142857142,6.94879228972304,23.2,8.347619937484554
2024-06-28,102,Mechanical RGB Keyboard,Electronics,42.0,89.99,10,24,4,28,6,2,0,20.0,36.0,31.0,29.0,24.285714285714285,6.473388749701499,24.0,7.01646415445624,23.166666666666668,8.35869703314781
2024-06-29,102,Mechanical RGB Keyboard,Electronics,42.0,89.99,10,21,5,29,6,2,1,24.0,29.0,36.0,47.0,22.571428571428573,3.952094080237415,23.5,6.722522420364826,23.533333333333335,8.135631859119881
2024-06-30,102,Mechanical RGB Keyboard,Electronics,42.0,89.99,10,19,6,30,6,2,1,21.0,17.0,11.0,18.0,21.428571428571427,2.7602622373694143,22.428571428571427,5.693644036781933,23.633333333333333,8.083543663574751
2024-07-01,102,Mechanical RGB Keyboard,Electronics,42.0,89.99,10,29,0,1,7,3,0,19.0,23.0,23.0,16.0,21.714285714285715,2.288688541085315,23.0,4.787805021413986,23.3,8.060760638361959
2024-07-02,102,Mechanical RGB Keyboard,Electronics,42.0,89.99,10,22,1,2,7,3,0,29.0,25.0,24.0,16.0,22.571428571428573,3.598941643369749,23.428571428571427,5.049208402760334,22.7,6.808463293122251
2024-07-03,102,Mechanical RGB Keyboard,Electronics,42.0,89.99,10,21,2,3,7,3,0,22.0,20.0,20.0,22.0,22.142857142857142,3.4364987719368973,23.285714285714285,5.06007861642442,22.833333333333332,6.752181426989982
2024-07-04,102,Mechanical RGB Keyboard,Electronics,42.0,89.99,10,16,3,4,7,3,0,21.0,20.0,21.0,22.0,22.285714285714285,3.3523268393901025,23.357142857142858,5.01700405325028,23.0,6.638446016745285
2024-07-05,102,Mechanical RGB Keyboard,Electronics,42.0,89.99,10,28,4,5,7,3,0,16.0,24.0,36.0,34.0,21.714285714285715,4.070801956792858,23.0,5.363695626080103,23.0,6.638446016745285
2024-07-06,102,Mechanical RGB Keyboard,Electronics,42.0,89.99,10,22,5,6,7,3,1,28.0,21.0,29.0,36.0,22.285714285714285,4.680252333449758,22.428571428571427,4.164211731007368,23.2,6.697400422088639
2024-07-07,102,Mechanical RGB Keyboard,Electronics,42.0,89.99,10,19,6,7,7,3,1,22.0,19.0,17.0,22.0,22.428571428571427,4.649628761422531,21.928571428571427,3.7099509786163347,23.2,6.697400422088639
2024-07-08,102,Mechanical RGB Keyboard,Electronics,42.0,89.99,10,21,0,8,7,3,0,19.0,29.0,23.0,12.0,22.428571428571427,4.649628761422531,22.071428571428573,3.540193078486973,22.7,6.417379420035068
2024-07-09,102,Mechanical RGB Keyboard,Electronics,42.0,89.99,10,15,1,9,7,3,0,21.0,22.0,25.0,16.0,21.285714285714285,3.6384193323605802,21.928571428571427,3.5401930784869724,22.2,5.909664790073498
2024-07-10,102,Mechanical RGB Keyboard,Electronics,42.0,89.99,10,15,2,10,7,3,0,15.0,21.0,20.0,16.0,20.285714285714285,4.309458036856666,21.214285714285715,3.8665940374636527,21.966666666666665,6.054256600814481
2024-07-11,102,Mechanical RGB Keyboard,Electronics,42.0,89.99,10,13,3,11,7,3,0,15.0,16.0,20.0,22.0,19.428571428571427,4.7207747548166505,20.857142857142858,4.203609124351321,22.066666666666666,5.906941173144395
2024-07-12,102,Mechanical RGB Keyboard,Electronics,42.0,89.99,10,34,4,12,7,3,0,13.0,28.0,24.0,31.0,19.0,5.196152422706623,20.357142857142858,4.700362389583019,21.966666666666665,6.037145553718378
2024-07-13,102,Mechanical RGB Keyboard,Electronics,42.0,89.99,10,29,5,13,7,3,1,34.0,22.0,21.0,36.0,19.857142857142858,7.081162132224984,21.071428571428573,5.902597677350148,22.566666666666666,6.3119117456644975
2024-07-14,102,Mechanical RGB Keyboard,Electronics,42.0,89.99,10,27,6,14,7,3,1,29.0,19.0,19.0,11.0,20.857142857142858,7.883074092183652,21.642857142857142,6.270899124063139,22.8,6.418722614352482
2024-07-15,102,Mechanical RGB Keyboard,Electronics,42.0,89.99,10,12,0,15,7,3,0,27.0,21.0,29.0,23.0,22.0,8.144527815247079,22.214285714285715,6.375175067624197,22.666666666666668,6.282616044914415
2024-07-16,102,Mechanical RGB Keyboard,Electronics,42.0,89.99,10,13,1,16,7,3,0,12.0,15.0,22.0,24.0,20.714285714285715,8.994707438530831,21.0,6.598368096617644,21.866666666666667,6.049983376057713
2024-07-17,102,Mechanical RGB Keyboard,Electronics,42.0,89.99,10,19,2,17,7,3,0,13.0,15.0,21.0,20.0,20.428571428571427,9.23502649079656,20.357142857142858,6.9238400067852846,21.933333333333334,5.936057749819772
2024-07-18,102,Mechanical RGB Keyboard,Electronics,42.0,89.99,10,19,3,18,7,3,0,19.0,13.0,16.0,21.0,21.0,8.9628864398325,20.214285714285715,6.930185605557223,21.8,5.956161689289965
2024-07-19,102,Mechanical RGB Keyboard,Electronics,42.0,89.99,10,25,4,19,7,3,0,19.0,34.0,28.0,36.0,21.857142857142858,8.335237877600763,20.428571428571427,6.8355888352997605,21.633333333333333,5.962430268996331
2024-07-20,102,Mechanical RGB Keyboard,Electronics,42.0,89.99,10,28,5,20,7,3,1,25.0,29.0,22.0,29.0,20.571428571428573,6.6797490685689365,20.214285714285715,6.623716960561221,21.8,5.985038818184255
2024-07-21,102,Mechanical RGB Keyboard,Electronics,42.0,89.99,10,26,6,21,7,3,1,28.0,27.0,19.0,17.0,20.428571428571427,6.477065767180453,20.642857142857142,6.934940994226743,22.033333333333335,6.08833442675039
2024-07-22,102,Mechanical RGB Keyboard,Electronics,42.0,89.99,10,21,0,22,7,3,0,26.0,12.0,21.0,23.0,20.285714285714285,6.3170216007832245,21.142857142857142,7.058624216104428,21.7,5.546978052709544
2024-07-23,102,Mechanical RGB Keyboard,Electronics,42.0,89.99,10,24,1,23,7,3,0,21.0,13.0,15.0,25.0,21.571428571428573,5.159365040297847,21.142857142857142,7.058624216104428,21.433333333333334,5.373519576932622
2024-07-24,102,Mechanical RGB Keyboard,Electronics,42.0,89.99,10,21,2,24,7,3,0,24.0,19.0,15.0,20.0,23.142857142857142,3.5321651258386133,21.785714285714285,6.863264209135158,21.666666666666668,5.326144580459115
2024-07-25,102,Mechanical RGB Keyboard,Electronics,42.0,89.99,10,16,3,25,7,3,0,21.0,19.0,13.0,20.0,23.428571428571427,3.207134902949099,22.214285714285715,6.5887850103101675,21.6,5.321394683662387
2024-07-26,102,Mechanical RGB Keyboard,Electronics,42.0,89.99,10,31,4,26,7,3,0,16.0,25.0,34.0,24.0,23.0,4.0000000000000036,22.428571428571427,6.308898303364689,21.3,5.376513419654424
2024-07-27,102,Mechanical RGB Keyboard,Electronics,42.0,89.99,10,21,5,27,7,3,1,31.0,28.0,29.0,21.0,23.857142857142858,5.014265364224075,22.214285714285715,5.9248962526271844,21.666666666666668,5.652788956657211
2024-07-28,102,Mechanical RGB Keyboard,Electronics,42.0,89.99,10,19,6,28,7,3,1,21.0,26.0,27.0,19.0,22.857142857142858,4.7409060817728195,21.642857142857142,5.596800498872178,21.7,5.645565852339641
2024-07-29,102,Mechanical RGB Keyboard,Electronics,42.0,89.99,10,13,0,29,7,3,0,19.0,21.0,12.0,29.0,21.857142857142858,4.705619740571603,21.071428571428573,5.413150450726253,21.533333333333335,5.649127691791087
2024-07-30,102,Mechanical RGB Keyboard,Electronics,42.0,89.99,10,23,1,30,7,3,0,13.0,24.0,13.0,22.0,20.714285714285715,5.794085654478071,21.142857142857142,5.289425486574323,21.266666666666666,5.860053744212372
2024-07-31,102,Mechanical RGB Keyboard,Electronics,42.0,89.99,10,12,2,31,7,3,0,23.0,21.0,19.0,21.0,20.571428571428573,5.711308748355986,21.857142857142858,4.753252212265475,21.4,5.852202650461528
2024-08-01,102,Mechanical RGB Keyboard,Electronics,42.0,89.99,10,28,3,1,8,3,0,12.0,16.0,19.0,16.0,19.285714285714285,6.5501726622098975,21.357142857142858,5.400956366267895,20.833333333333332,5.9136506802326485
2024-08-02,102,Mechanical RGB Keyboard,Electronics,42.0,89.99,10,32,4,2,8,3,0,28.0,31.0,25.0,28.0,21.0,7.094598884597588,22.0,5.629592142625231,21.033333333333335,6.054256600814481
2024-08-03,102,Mechanical RGB Keyboard,Electronics,42.0,89.99,10,30,5,3,8,3,1,32.0,21.0,28.0,22.0,21.142857142857142,7.335497516155521,22.5,6.198635085490756,21.4,6.376681657846596
2024-08-04,102,Mechanical RGB Keyboard,Electronics,42.0,89.99,10,21,6,4,8,3,1,30.0,19.0,26.0,19.0,22.428571428571427,8.059303999253347,22.642857142857142,6.356185876852483,21.866666666666667,6.479321661671249
2024-08-05,102,Mechanical RGB Keyboard,Electronics,42.0,89.99,10,22,0,5,8,3,0,21.0,13.0,21.0,21.0,22.714285714285715,7.952238379104041,22.285714285714285,6.293202333025347,21.633333333333333,6.3760507360360394
2024-08-06,102,Mechanical RGB Keyboard,Electronics,42.0,89.99,10,26,1,6,8,3,0,22.0,23.0,24.0,15.0,24.0,6.757711644237768,22.357142857142858,6.283153824157263,21.633333333333333,6.3760507360360394
2024-08-07,102,Mechanical RGB Keyboard,Electronics,42.0,89.99,10,20,2,7,8,3,0,26.0,12.0,21.0,15.0,24.428571428571427,6.778818551368741,22.5,6.34580418617143,21.866666666666667,6.404380684658195
2024-08-08,102,Mechanical RGB Keyboard,Electronics,42.0,89.99,10,16,3,8,8,3,0,20.0,28.0,16.0,13.0,25.571428571428573,4.685336802448787,22.428571428571427,6.369570517030849,21.833333333333332,6.411645296045222
2024-08-09,102,Mechanical RGB Keyboard,Electronics,42.0,89.99,10,30,4,9,8,3,0,16.0,32.0,31.0,34.0,23.857142857142858,5.727959829601098,22.428571428571427,6.369570517030849,21.866666666666667,6.37740263491463
2024-08-10,102,Mechanical RGB Keyboard,Electronics,42.0,89.99,10,22,5,10,8,3,1,30.0,30.0,21.0,29.0,23.571428571428573,5.287001130355561,22.357142857142858,6.270899124063143,22.366666666666667,6.408417596564224
2024-08-11,102,Mechanical RGB Keyboard,Electronics,42.0,89.99,10,17,6,11,8,3,1,22.0,21.0,19.0,27.0,22.428571428571427,4.4668088108157225,22.428571428571427,6.259937155180813,22.666666666666668,6.160683646195908
2024-08-12,102,Mechanical RGB Keyboard,Electronics,42.0,89.99,10,21,0,12,8,3,0,17.0,22.0,13.0,12.0,21.857142857142858,4.913538149119955,22.285714285714285,6.366119110374277,22.1,5.856620185738526
2024-08-13,102,Mechanical RGB Keyboard,Electronics,42.0,89.99,10,22,1,13,8,3,0,21.0,26.0,23.0,13.0,21.714285714285715,4.923220007078217,22.857142857142858,5.802614037684201,21.833333333333332,5.711955600458495
2024-08-14,102,Mechanical RGB Keyboard,Electronics,42.0,89.99,10,22,2,14,8,3,0,22.0,20.0,12.0,19.0,21.142857142857142,4.561745697594706,22.785714285714285,5.806873532270209,21.666666666666668,5.6283355372205905
2024-08-15,102,Mechanical RGB Keyboard,Electronics,42.0,89.99,10,17,3,15,8,3,0,22.0,16.0,28.0,19.0,21.428571428571427,4.540820148282425,23.5,4.9263811027194055,22.0,5.323986061796824
2024-08-16,102,Mechanical RGB Keyboard,Electronics,42.0,89.99,10,28,4,16,8,3,0,17.0,30.0,32.0,25.0,21.571428571428573,4.3534332373864375,22.714285714285715,5.029582815373792,22.133333333333333,5.137645598798202
2024-08-17,102,Mechanical RGB Keyboard,Electronics,42.0,89.99,10,38,5,17,8,3,1,28.0,22.0,30.0,28.0,21.285714285714285,3.7289089429432174,22.428571428571427,4.552502029134614,22.433333333333334,5.21062133652443
2024-08-18,102,Mechanical RGB Keyboard,Electronics,42.0,89.99,10,17,6,18,8,3,1,38.0,17.0,21.0,26.0,23.571428571428573,7.367883976130075,23.0,5.883484054145527,23.066666666666666,5.889402131903061
2024-08-19,102,Mechanical RGB Keyboard,Electronics,42.0,89.99,10,18,0,19,8,3,0,17.0,21.0,22.0,21.0,23.571428571428573,7.367883976130075,22.714285714285715,6.081859172079789,22.8,5.979274549469274
2024-08-20,102,Mechanical RGB Keyboard,Electronics,42.0,89.99,10,22,1,20,8,3,0,18.0,22.0,26.0,24.0,23.142857142857142,7.6251463686185845,22.428571428571427,6.210590034081193,22.466666666666665,5.958091185498306
2024-08-21,102,Mechanical RGB Keyboard,Electronics,42.0,89.99,10,18,2,21,8,3,0,22.0,22.0,20.0,21.0,23.142857142857142,7.6251463686185845,22.142857142857142,6.125070082577307,22.333333333333332,5.920934999167596
2024-08-22,102,Mechanical RGB Keyboard,Electronics,42.0,89.99,10,18,3,22,8,3,0,18.0,17.0,16.0,16.0,22.571428571428573,7.870983480631946,22.0,6.2017367294604275,22.233333333333334,5.969366242184616
2024-08-23,102,Mechanical RGB Keyboard,Electronics,42.0,89.99,10,37,4,23,8,3,0,18.0,28.0,30.0,31.0,22.714285714285715,7.76132045711909,22.142857142857142,6.074627470149833,22.033333333333335,6.0085188566380205
2024-08-24,102,Mechanical RGB Keyboard,Electronics,42.0,89.99,10,23,5,24,8,3,1,37.0,38.0,22.0,21.0,24.0,9.363047936792096,22.642857142857142,6.990181497117041,22.566666666666666,6.595104419101379
2024-08-25,102,Mechanical RGB Keyboard,Electronics,42.0,89.99,10,21,6,25,8,3,1,23.0,17.0,17.0,19.0,21.857142857142858,7.057586259446201,22.714285714285715,6.988216141131076,22.8,6.4775474285917145
2024-08-26,102,Mechanical RGB Keyboard,Electronics,42.0,89.99,10,17,0,26,8,3,0,21.0,18.0,21.0,13.0,22.428571428571427,6.754187413675138,23.0,6.816270128269459,22.466666666666665,6.295774901407717
2024-08-27,102,Mechanical RGB Keyboard,Electronics,42.0,89.99,10,18,1,27,8,3,0,17.0,22.0,22.0,23.0,22.285714285714285,6.872997543873798,22.714285714285715,6.988216141131076,22.333333333333332,6.369828305667125
2024-08-28,102,Mechanical RGB Keyboard,Electronics,42.0,89.99,10,22,2,28,8,3,0,18.0,18.0,22.0,12.0,21.714285714285715,7.064330251677219,22.428571428571427,7.100533952991316,22.3,6.390456246191089
2024-08-29,102,Mechanical RGB Keyboard,Electronics,42.0,89.99,10,18,3,29,8,3,0,22.0,18.0,17.0,28.0,22.285714285714285,6.872997543873798,22.428571428571427,7.100533952991316,22.6,6.145365509176754
2024-08-30,102,Mechanical RGB Keyboard,Electronics,42.0,89.99,10,32,4,30,8,3,0,18.0,37.0,28.0,32.0,22.285714285714285,6.872997543873798,22.5,7.046548527743651,22.433333333333334,6.201686830228517
2024-08-31,102,Mechanical RGB Keyboard,Electronics,42.0,89.99,10,29,5,31,8,3,1,32.0,23.0,38.0,30.0,21.571428571428573,5.126959555693246,22.785714285714285,7.360796063016469,23.1,6.115835860768504
2024-09-01,102,Mechanical RGB Keyboard,Electronics,42.0,89.99,10,18,6,1,9,3,1,29.0,21.0,17.0,21.0,22.428571428571427,5.8554004376912,22.142857142857142,6.237074546700477,23.133333333333333,6.146113621116853
2024-09-02,102,Mechanical RGB Keyboard,Electronics,42.0,89.99,10,14,0,2,9,3,0,18.0,17.0,18.0,22.0,22.0,6.08276253029822,22.214285714285715,6.179103388139636,22.666666666666668,5.978890067293557
2024-09-03,102,Mechanical RGB Keyboard,Electronics,42.0,89.99,10,23,1,3,9,3,0,14.0,18.0,22.0,26.0,21.571428571428573,6.579187965525403,21.928571428571427,6.474378921377901,22.133333333333333,6.015688302025495
2024-09-04,102,Mechanical RGB Keyboard,Electronics,42.0,89.99,10,17,2,4,9,3,0,23.0,22.0,18.0,20.0,22.285714285714285,6.395683067879608,22.0,6.480740698407864,22.2,6.013777285648285
2024-09-05,102,Mechanical RGB Keyboard,Electronics,42.0,89.99,10,17,3,5,9,3,0,17.0,18.0,18.0,16.0,21.571428571428573,6.704653678780207,21.928571428571427,6.533514612122119,22.033333333333335,6.088334426750388
2024-09-06,102,Mechanical RGB Keyboard,Electronics,42.0,89.99,10,31,4,6,9,3,0,17.0,32.0,37.0,30.0,21.428571428571427,6.80336051416609,21.857142857142858,6.585031310680109,21.733333333333334,6.10784308299065
2024-09-07,102,Mechanical RGB Keyboard,Electronics,42.0,89.99,10,43,5,7,9,3,1,31.0,29.0,23.0,22.0,21.285714285714285,6.550172662209898,21.428571428571427,5.652967712276799,22.1,6.326463303539698
2024-09-08,102,Mechanical RGB Keyboard,Electronics,42.0,89.99,10,18,6,8,9,3,1,43.0,18.0,21.0,17.0,23.285714285714285,10.339475900874373,22.857142857142858,8.084716282136155,23.0,7.277741218357468
2024-09-09,102,Mechanical RGB Keyboard,Electronics,42.0,89.99,10,20,0,9,9,3,0,18.0,14.0,17.0,21.0,23.285714285714285,10.339475900874373,22.642857142857142,8.176957708257849,22.6,7.20918953788173
2024-09-10,102,Mechanical RGB Keyboard,Electronics,42.0,89.99,10,20,1,10,9,3,0,20.0,23.0,18.0,22.0,24.142857142857142,9.668308563352253,22.857142857142858,8.05612182759788,22.533333333333335,7.2241612486936075
2024-09-11,102,Mechanical RGB Keyboard,Electronics,42.0,89.99,10,19,2,11,9,3,0,20.0,17.0,22.0,22.0,23.714285714285715,9.793097666456816,23.0,7.980746061134122,22.633333333333333,7.165450311105331
2024-09-12,102,Mechanical RGB Keyboard,Electronics,42.0,89.99,10,16,3,12,9,3,0,19.0,17.0,18.0,17.0,24.0,9.591663046625442,22.785714285714285,8.049639948264977,22.566666666666666,7.190431061527164
2024-09-13,102,Mechanical RGB Keyboard,Electronics,42.0,89.99,10,18,4,13,9,3,0,16.0,31.0,32.0,28.0,23.857142857142858,9.719886340703297,22.642857142857142,8.158121417026418,22.366666666666667,7.2894980354751
2024-09-14,102,Mechanical RGB Keyboard,Electronics,42.0,89.99,10,30,5,14,9,3,1,18.0,43.0,29.0,38.0,22.0,9.363047936792094,21.642857142857142,7.771814389259367,22.233333333333334,7.3328892237518515
2024-09-15,102,Mechanical RGB Keyboard,Electronics,42.0,89.99,10,21,6,15,9,3,1,30.0,18.0,18.0,17.0,20.142857142857142,4.561745697594709,21.714285714285715,7.848846769073509,22.666666666666668,7.396799556440668
2024-09-16,102,Mechanical RGB Keyboard,Electronics,42.0,89.99,10,19,0,16,9,3,0,21.0,20.0,14.0,18.0,20.571428571428573,4.466808810815724,21.928571428571427,7.780293505579793,22.433333333333334,7.332889223751852
2024-09-17,102,Mechanical RGB Keyboard,Electronics,42.0,89.99,10,19,1,17,9,3,0,19.0,20.0,23.0,22.0,20.428571428571427,4.5039665058384175,22.285714285714285,7.49798507732446,21.8,6.738463960853696
2024-09-18,102,Mechanical RGB Keyboard,Electronics,42.0,89.99,10,21,2,18,9,3,0,19.0,19.0,17.0,18.0,20.285714285714285,4.53557367611073,22.0,7.544738360147221,21.866666666666667,6.69911642827173
2024-09-19,102,Mechanical RGB Keyboard,Electronics,42.0,89.99,10,21,3,19,9,3,0,21.0,16.0,17.0,18.0,20.571428571428573,4.5039665058384175,22.285714285714285,7.415457571115289,21.966666666666665,6.661693547405208
2024-09-20,102,Mechanical RGB Keyboard,Electronics,42.0,89.99,10,28,4,20,9,3,0,21.0,18.0,31.0,37.0,21.285714285714285,4.029651999626677,22.571428571428573,7.271803138088996,21.933333333333334,6.66402246412021
2024-09-21,102,Mechanical RGB Keyboard,Electronics,42.0,89.99,10,29,5,21,9,3,1,28.0,30.0,43.0,23.0,22.714285714285715,4.423960733486296,22.357142857142858,7.044988866695831,22.266666666666666,6.7104310634616615
2024-09-22,102,Mechanical RGB Keyboard,Electronics,42.0,89.99,10,27,6,22,9,3,1,29.0,21.0,18.0,21.0,22.571428571428573,4.1576092031015035,21.357142857142858,4.378393503367384,22.633333333333333,6.769522640600971
2024-09-23,102,Mechanical RGB Keyboard,Electronics,42.0,89.99,10,20,0,23,9,3,0,27.0,19.0,20.0,17.0,23.428571428571427,4.391550328268402,22.0,4.506405697192872,22.3,6.265119642746735
2024-09-24,102,Mechanical RGB Keyboard,Electronics,42.0,89.99,10,14,1,24,9,3,0,20.0,19.0,20.0,18.0,23.571428571428573,4.237025012007951,22.0,4.506405697192872,22.2,6.277491262576483
2024-09-25,102,Mechanical RGB Keyboard,Electronics,42.0,89.99,10,14,2,25,9,3,0,14.0,21.0,19.0,22.0,22.857142857142858,5.398412465054626,21.571428571428573,4.972451580988475,21.966666666666665,6.451320812816938
2024-09-26,102,Mechanical RGB Keyboard,Electronics,42.0,89.99,10,29,3,26,9,3,0,14.0,21.0,16.0,18.0,21.857142857142858,6.36209010280352,21.214285714285715,5.337509811607941,21.866666666666667,6.55340571281693
2024-09-27,102,Mechanical RGB Keyboard,Electronics,42.0,89.99,10,29,4,27,9,3,0,29.0,28.0,18.0,32.0,23.0,6.879922480183432,22.142857142857142,5.489250234036358,22.233333333333334,6.636800918875114
2024-09-28,102,Mechanical RGB Keyboard,Electronics,42.0,89.99,10,31,5,28,9,3,1,29.0,29.0,30.0,29.0,23.142857142857142,7.010196655077315,22.928571428571427,5.6359325992897,22.466666666666665,6.75039377310346
2024-09-29,102,Mechanical RGB Keyboard,Electronics,42.0,89.99,10,17,6,29,9,3,1,31.0,27.0,21.0,18.0,23.428571428571427,7.322502824789325,23.0,5.737863445837397,22.9,6.86997465236502
2024-09-30,102,Mechanical RGB Keyboard,Electronics,42.0,89.99,10,23,0,30,9,3,0,17.0,20.0,19.0,14.0,22.0,7.483314773547884,22.714285714285715,5.941102868719189,22.4,6.729246512105913
2024-10-01,102,Mechanical RGB Keyboard,Electronics,42.0,89.99,10,20,1,1,10,4,0,23.0,14.0,19.0,23.0,22.428571428571427,7.435436388384633,23.0,5.844129204068493,22.2,6.614508608954332
2024-10-02,102,Mechanical RGB Keyboard,Electronics,42.0,89.99,10,21,2,2,10,4,0,20.0,14.0,21.0,17.0,23.285714285714285,6.600865744084529,23.071428571428573,5.797403738734279,22.266666666666666,6.580710229636063
2024-10-03,102,Mechanical RGB Keyboard,Electronics,42.0,89.99,10,15,3,3,10,4,0,21.0,29.0,21.0,17.0,24.285714285714285,5.3763149000743935,23.071428571428573,5.797403738734279,22.5,6.399083986170904
2024-10-04,102,Mechanical RGB Keyboard,Electronics,42.0,89.99,10,36,4,4,10,4,0,15.0,29.0,28.0,31.0,22.285714285714285,5.908025211926734,22.642857142857142,6.171985628094631,22.233333333333334,6.542610115728793
2024-10-05,102,Mechanical RGB Keyboard,Electronics,42.0,89.99,10,29,5,5,10,4,1,36.0,31.0,29.0,43.0,23.285714285714285,7.587583842794003,23.214285714285715,7.018421600206264,22.866666666666667,6.926875861122547
2024-10-06,102,Mechanical RGB Keyboard,Electronics,42.0,89.99,10,22,6,6,10,4,1,29.0,17.0,27.0,18.0,23.0,7.28010988928052,23.214285714285715,7.018421600206264,23.266666666666666,6.92289222663542
2024-10-07,102,Mechanical RGB Keyboard,Electronics,42.0,89.99,10,22,0,7,10,4,0,22.0,23.0,20.0,20.0,23.714285714285715,6.8243262357121095,22.857142857142858,6.937713465679325,22.966666666666665,6.76952264060097
2024-10-08,102,Mechanical RGB Keyboard,Electronics,42.0,89.99,10,17,1,8,10,4,0,22.0,20.0,14.0,20.0,23.571428571428573,6.852180744287251,23.0,6.894814104706641,22.266666666666666,5.613612355530159
2024-10-09,102,Mechanical RGB Keyboard,Electronics,42.0,89.99,10,24,2,9,10,4,0,17.0,21.0,14.0,19.0,23.142857142857142,7.1978832867395015,23.214285714285715,6.635320077243646,22.233333333333334,5.642714761979149
2024-10-10,102,Mechanical RGB Keyboard,Electronics,42.0,89.99,10,22,3,10,10,4,0,24.0,15.0,29.0,16.0,23.571428571428573,7.13809364973457,23.928571428571427,6.082310867960106,22.366666666666667,5.635376763302322
2024-10-11,102,Mechanical RGB Keyboard,Electronics,42.0,89.99,10,26,4,11,10,4,0,22.0,36.0,29.0,18.0,24.571428571428573,6.160550377391698,23.428571428571427,5.918865350129798,22.433333333333334,5.618217494552155
2024-10-12,102,Mechanical RGB Keyboard,Electronics,42.0,89.99,10,34,5,12,10,4,1,26.0,29.0,31.0,30.0,23.142857142857142,3.760699023168058,23.214285714285715,5.753641942665159,22.666666666666668,5.616068899600271
2024-10-13,102,Mechanical RGB Keyboard,Electronics,42.0,89.99,10,23,6,13,10,4,1,34.0,22.0,17.0,21.0,23.857142857142858,5.241773600241671,23.428571428571427,6.1107003968988245,23.266666666666666,5.836468779672507
2024-10-14,102,Mechanical RGB Keyboard,Electronics,42.0,89.99,10,22,0,14,10,4,0,23.0,22.0,23.0,19.0,24.0,5.196152422706637,23.857142857142858,5.829066990352924,23.433333333333334,5.751661429135257
2024-10-15,102,Mechanical RGB Keyboard,Electronics,42.0,89.99,10,25,1,15,10,4,0,22.0,17.0,20.0,19.0,24.0,5.196152422706637,23.785714285714285,5.84647916966432,23.166666666666668,5.620672025922561
2024-10-16,102,Mechanical RGB Keyboard,Electronics,42.0,89.99,10,12,2,16,10,4,0,25.0,24.0,21.0,21.0,25.142857142857142,4.180453381654977,24.142857142857142,5.749343010722632,23.3,5.614943116977809
2024-10-17,102,Mechanical RGB Keyboard,Electronics,42.0,89.99,10,12,3,17,10,4,0,12.0,22.0,15.0,21.0,23.428571428571427,6.528326555791129,23.5,6.572085490337736,23.066666666666666,5.936057749819769
2024-10-18,102,Mechanical RGB Keyboard,Electronics,42.0,89.99,10,28,4,18,10,4,0,12.0,26.0,36.0,28.0,22.0,7.852812659593167,23.285714285714285,6.910733807508568,22.833333333333332,6.2316396986133
2024-10-19,102,Mechanical RGB Keyboard,Electronics,42.0,89.99,10,27,5,19,10,4,1,28.0,34.0,29.0,29.0,22.285714285714285,8.056349167256961,22.714285714285715,6.056510437646317,23.066666666666666,6.2913916739782
2024-10-20,102,Mechanical RGB Keyboard,Electronics,42.0,89.99,10,20,6,20,10,4,1,27.0,23.0,22.0,27.0,21.285714285714285,6.676183683170244,22.571428571428573,5.918865350129797,23.266666666666666,6.318736960944736
2024-10-21,102,Mechanical RGB Keyboard,Electronics,42.0,89.99,10,12,0,21,10,4,0,20.0,22.0,22.0,20.0,20.857142857142858,6.644009116704851,22.428571428571427,5.957726537405487,23.0,6.2807862455323935
2024-10-22,102,Mechanical RGB Keyboard,Electronics,42.0,89.99,10,24,1,22,10,4,0,12.0,25.0,17.0,14.0,19.428571428571427,7.390470053998435,21.714285714285715,6.580023046821597,22.433333333333334,6.484375562595179
2024-10-23,102,Mechanical RGB Keyboard,Electronics,42.0,89.99,10,10,2,23,10,4,0,24.0,12.0,24.0,14.0,19.285714285714285,7.273565968956485,22.214285714285715,6.459085091542014,22.333333333333332,6.43446181514621
2024-10-24,102,Mechanical RGB Keyboard,Electronics,42.0,89.99,10,18,3,24,10,4,0,10.0,12.0,22.0,29.0,19.0,7.6376261582597325,21.214285714285715,7.202334786277741,22.0,6.807703547174101
2024-10-25,102,Mechanical RGB Keyboard,Electronics,42.0,89.99,10,25,4,25,10,4,0,18.0,28.0,26.0,29.0,19.857142857142858,7.033931367037247,20.928571428571427,7.247962957477576,22.133333333333333,6.683656511806694
2024-10-26,102,Mechanical RGB Keyboard,Electronics,42.0,89.99,10,28,5,26,10,4,1,25.0,27.0,34.0,31.0,19.428571428571427,6.528326555791124,20.857142857142858,7.198901015028327,22.5,6.52184657582656
2024-10-27,102,Mechanical RGB Keyboard,Electronics,42.0,89.99,10,17,6,27,10,4,1,28.0,20.0,23.0,17.0,19.571428571428573,6.729466121893644,20.428571428571427,6.501056549802987,22.466666666666665,6.489956874270044
2024-10-28,102,Mechanical RGB Keyboard,Electronics,42.0,89.99,10,16,0,28,10,4,0,17.0,12.0,22.0,23.0,19.142857142857142,6.792853387410708,20.0,6.516251872168425,22.066666666666666,6.443030628373643
2024-10-29,102,Mechanical RGB Keyboard,Electronics,42.0,89.99,10,18,1,29,10,4,0,16.0,24.0,25.0,20.0,19.714285714285715,6.2373681873657185,19.571428571428573,6.5716674586297525,21.566666666666666,6.306446255048562
2024-10-30,102,Mechanical RGB Keyboard,Electronics,42.0,89.99,10,14,2,30,10,4,0,18.0,10.0,12.0,21.0,18.857142857142858,5.956189257922422,19.071428571428573,6.39066970987074,21.6,6.2840795008031005
2024-10-31,102,Mechanical RGB Keyboard,Electronics,42.0,89.99,10,20,3,31,10,4,0,14.0,18.0,12.0,15.0,19.428571428571427,5.094347941825425,19.214285714285715,6.241037529974442,21.3,6.428117115856894
2024-11-01,102,Mechanical RGB Keyboard,Electronics,42.0,89.99,10,46,4,1,11,4,0,20.0,25.0,28.0,36.0,19.714285714285715,5.0568200058365305,19.785714285714285,5.885818306986479,21.3,6.428117115856894
2024-11-02,102,Mechanical RGB Keyboard,Electronics,42.0,89.99,10,32,5,2,11,4,1,46.0,28.0,27.0,29.0,22.714285714285715,11.205865810879079,21.071428571428573,8.974016215327843,22.133333333333333,7.8509096039373265
2024-11-03,102,Mechanical RGB Keyboard,Electronics,42.0,89.99,10,25,6,3,11,4,1,32.0,17.0,20.0,22.0,23.285714285714285,11.614850920470825,21.428571428571427,9.320896999705603,22.7,7.931386798771327
2024-11-04,102,Mechanical RGB Keyboard,Electronics,42.0,89.99,10,31,0,4,11,4,0,25.0,16.0,12.0,22.0,24.428571428571427,11.282097069504161,21.785714285714285,9.357667127331155,22.333333333333332,7.539932009815713
2024-11-05,102,Mechanical RGB Keyboard,Electronics,42.0,89.99,10,23,1,5,11,4,0,31.0,18.0,24.0,17.0,26.571428571428573,10.829852920779416,23.142857142857142,9.205827108264243,22.4,7.609431534343549
2024-11-06,102,Mechanical RGB Keyboard,Electronics,42.0,89.99,10,26,2,6,11,4,0,23.0,14.0,10.0,24.0,27.285714285714285,10.323343865794103,23.071428571428573,9.202543843243193,22.433333333333334,7.609809156759373
2024-11-07,102,Mechanical RGB Keyboard,Electronics,42.0,89.99,10,26,3,7,11,4,0,26.0,20.0,18.0,22.0,29.0,8.60232526704264,24.214285714285715,8.41407768544499,22.566666666666666,7.636948900296969
2024-11-08,102,Mechanical RGB Keyboard,Electronics,42.0,89.99,10,47,4,8,11,4,0,26.0,46.0,25.0,26.0,29.857142857142858,7.819389819088019,24.785714285714285,8.22920289091114,22.866666666666667,7.587345787029478
2024-11-09,102,Mechanical RGB Keyboard,Electronics,42.0,89.99,10,50,5,9,11,4,1,47.0,32.0,28.0,34.0,30.0,8.164965809277275,26.357142857142858,10.149703617174422,23.633333333333333,8.774898892563526
2024-11-10,102,Mechanical RGB Keyboard,Electronics,42.0,89.99,10,17,6,10,11,4,1,50.0,25.0,17.0,23.0,32.57142857142857,11.178210096092364,27.928571428571427,11.964462029207652,24.566666666666666,9.99890798635232
2024-11-11,102,Mechanical RGB Keyboard,Electronics,42.0,89.99,10,33,0,11,11,4,0,17.0,31.0,16.0,22.0,31.428571428571427,12.421180068162387,27.928571428571427,11.964462029207652,24.266666666666666,10.08902897939769
2024-11-12,102,Mechanical RGB Keyboard,Electronics,42.0,89.99,10,36,1,12,11,4,0,33.0,23.0,18.0,25.0,31.714285714285715,12.432675841162629,29.142857142857142,11.514921041561973,24.233333333333334,10.057364203042646
2024-11-13,102,Mechanical RGB Keyboard,Electronics,42.0,89.99,10,25,2,13,11,4,0,36.0,26.0,14.0,12.0,33.57142857142857,11.87233679409329,30.428571428571427,11.174932701324021,24.666666666666668,10.27998837156639
2024-11-14,102,Mechanical RGB Keyboard,Electronics,42.0,89.99,10,27,3,14,11,4,0,25.0,26.0,20.0,12.0,33.42857142857143,11.984116472191348,31.214285714285715,10.28201245961997,24.766666666666666,10.26773766618573
2024-11-15,102,Mechanical RGB Keyboard,Electronics,42.0,89.99,10,42,4,15,11,4,0,27.0,47.0,46.0,28.0,33.57142857142857,11.886366740333845,31.714285714285715,9.85610760609163,24.833333333333332,10.275794568936677
2024-11-16,102,Mechanical RGB Keyboard,Electronics,42.0,89.99,10,53,5,16,11,4,1,42.0,50.0,32.0,27.0,32.857142857142854,11.066896153673387,31.428571428571427,9.460153566116443,25.833333333333332,10.442232993237484
2024-11-17,102,Mechanical RGB Keyboard,Electronics,42.0,89.99,10,29,6,17,11,4,1,53.0,17.0,25.0,20.0,33.285714285714285,11.870331162388108,32.92857142857143,11.08335054668305,27.2,11.223128827989777
2024-11-18,102,Mechanical RGB Keyboard,Electronics,42.0,89.99,10,28,0,18,11,4,0,29.0,33.0,31.0,12.0,35.0,9.814954576223661,33.214285714285715,10.913496030346815,27.233333333333334,11.22707114241206
2024-11-19,102,Mechanical RGB Keyboard,Electronics,42.0,89.99,10,21,1,19,11,4,0,28.0,36.0,23.0,24.0,34.285714285714285,10.160614904526971,33.0,10.989505483379626,27.266666666666666,11.227838964649072
2024-11-20,102,Mechanical RGB Keyboard,Electronics,42.0,89.99,10,30,2,20,11,4,0,21.0,25.0,26.0,10.0,32.142857142857146,11.260973484096484,32.857142857142854,11.141448206219344,27.3,11.206986737037656
2024-11-21,102,Mechanical RGB Keyboard,Electronics,42.0,89.99,10,32,3,21,11,4,0,30.0,27.0,26.0,18.0,32.857142857142854,10.884676865952006,33.142857142857146,11.002497219038284,27.9,10.835287180128734
2024-11-22,102,Mechanical RGB Keyboard,Electronics,42.0,89.99,10,49,4,22,11,4,0,32.0,42.0,47.0,25.0,33.57142857142857,10.596495377515845,33.57142857142857,10.81817762069782,28.166666666666668,10.834438493584445
2024-11-23,102,Mechanical RGB Keyboard,Electronics,42.0,89.99,10,60,5,23,11,4,1,49.0,53.0,50.0,28.0,34.57142857142857,11.78780645210895,33.714285714285715,11.020460491764833,29.466666666666665,10.918927992515894
2024-11-24,102,Mechanical RGB Keyboard,Electronics,42.0,89.99,10,27,6,24,11,4,1,60.0,29.0,17.0,17.0,35.57142857142857,13.745995087747612,34.42857142857143,12.395497232799974,30.866666666666667,12.033669241021167
2024-11-25,102,Mechanical RGB Keyboard,Electronics,42.0,89.99,10,35,0,25,11,4,0,27.0,28.0,33.0,16.0,35.285714285714285,13.924969009113177,35.142857142857146,11.574887557899737,30.933333333333334,12.00555427014236
2024-11-26,102,Mechanical RGB Keyboard,Electronics,42.0,89.99,10,18,1,26,11,4,0,35.0,21.0,36.0,18.0,36.285714285714285,13.561148989107172,35.285714285714285,11.558736765079296,31.166666666666668,12.014598399973416
2024-11-27,102,Mechanical RGB Keyboard,Electronics,42.0,89.99,10,43,2,27,11,4,0,18.0,30.0,25.0,14.0,35.857142857142854,14.15896149003136,34.0,12.440628230488642,31.2,11.975261857334237
2024-11-28,102,Mechanical RGB Keyboard,Electronics,42.0,89.99,10,29,3,28,11,4,0,43.0,32.0,27.0,20.0,37.714285714285715,14.115172518892425,35.285714285714285,12.368872664435154,32.1,11.806923743120482
2024-11-29,102,Mechanical RGB Keyboard,Electronics,42.0,89.99,10,39,4,29,11,4,0,29.0,49.0,42.0,46.0,37.285714285714285,14.360992139754687,35.42857142857143,12.277022225494052,32.46666666666667,11.521294627126657
2024-11-30,102,Mechanical RGB Keyboard,Electronics,42.0,89.99,10,42,5,30,11,4,1,39.0,60.0,53.0,32.0,35.857142857142854,13.471309902017362,35.214285714285715,12.179292460367515,33.3,11.033335069625178
2024-12-01,102,Mechanical RGB Keyboard,Electronics,42.0,89.99,10,35,6,1,12,4,1,42.0,27.0,29.0,25.0,33.285714285714285,9.105205209371299,34.42857142857143,11.26406324907318,34.03333333333333,10.848433331459736
2024-12-02,102,Mechanical RGB Keyboard,Electronics,42.0,89.99,10,25,0,2,12,4,0,35.0,35.0,28.0,31.0,34.42857142857143,8.676734079463003,34.857142857142854,11.155248111967776,33.666666666666664,10.613372610104655
2024-12-03,102,Mechanical RGB Keyboard,Electronics,42.0,89.99,10,30,1,3,12,4,0,25.0,18.0,21.0,23.0,33.0,9.36304793679211,34.642857142857146,11.324630358084669,33.43333333333333,10.727609668299944
2024-12-04,102,Mechanical RGB Keyboard,Electronics,42.0,89.99,10,25,2,4,12,4,0,30.0,43.0,30.0,26.0,34.714285714285715,6.945365018348256,35.285714285714285,10.73046397612225,33.6,10.630470194291703
2024-12-05,102,Mechanical RGB Keyboard,Electronics,42.0,89.99,10,32,3,5,12,4,0,25.0,29.0,32.0,26.0,32.142857142857146,6.6939916200667655,34.92857142857143,10.999750246914957,33.4,10.736980889462819
2024-12-06,102,Mechanical RGB Keyboard,Electronics,42.0,89.99,10,37,4,6,12,4,0,32.0,39.0,49.0,47.0,32.57142857142857,6.553806600166139,34.92857142857143,10.999750246914957,33.7,10.560662204942297
2024-12-07,102,Mechanical RGB Keyboard,Electronics,42.0,89.99,10,50,5,7,12,4,1,37.0,42.0,60.0,50.0,32.285714285714285,6.264031867583012,34.07142857142857,10.261685914224717,34.06666666666667,10.474709553485729
2024-12-08,102,Mechanical RGB Keyboard,Electronics,42.0,89.99,10,32,6,8,12,4,1,50.0,35.0,27.0,17.0,33.42857142857143,8.618916073713367,33.357142857142854,8.517919056609143,34.86666666666667,10.750247257247352
2024-12-09,102,Mechanical RGB Keyboard,Electronics,42.0,89.99,10,34,0,9,12,4,0,32.0,25.0,35.0,33.0,33.0,8.602325267042646,33.714285714285715,8.33369962564944,34.36666666666667,10.512663409147235
2024-12-10,102,Mechanical RGB Keyboard,Electronics,42.0,89.99,10,38,1,10,12,4,0,34.0,30.0,18.0,36.0,34.285714285714285,7.8467463684911465,33.642857142857146,8.32611408906796,33.833333333333336,10.089541643440139
2024-12-11,102,Mechanical RGB Keyboard,Electronics,42.0,89.99,10,28,2,11,12,4,0,38.0,25.0,43.0,25.0,35.42857142857143,7.699721701835385,35.07142857142857,7.05434166054753,34.53333333333333,9.597892488973047
2024-12-12,102,Mechanical RGB Keyboard,Electronics,42.0,89.99,10,22,3,12,12,4,0,28.0,32.0,29.0,27.0,35.857142857142854,7.081162132225026,34.0,6.894814104706647,34.36666666666667,9.668588790273503
2024-12-13,102,Mechanical RGB Keyboard,Electronics,42.0,89.99,10,40,4,13,12,4,0,22.0,37.0,39.0,42.0,34.42857142857143,8.791229395580274,33.5,7.511529599427609,33.9,9.921589138564592
2024-12-14,102,Mechanical RGB Keyboard,Electronics,42.0,89.99,10,42,5,14,12,4,1,40.0,50.0,42.0,53.0,34.857142857142854,9.007933011676853,33.57142857142857,7.572361543181858,34.4,9.835193667780963
2024-12-15,102,Mechanical RGB Keyboard,Electronics,42.0,89.99,10,23,6,15,12,4,1,42.0,32.0,35.0,29.0,33.714285714285715,7.0643302516772435,33.57142857142857,7.572361543181858,34.9,9.827301871264853
2024-12-16,102,Mechanical RGB Keyboard,Electronics,42.0,89.99,10,30,0,16,12,4,0,23.0,34.0,25.0,28.0,32.42857142857143,8.162049229148758,32.714285714285715,8.061576209961123,34.266666666666666,9.96522689789033
2024-12-17,102,Mechanical RGB Keyboard,Electronics,42.0,89.99,10,31,1,17,12,4,0,30.0,38.0,30.0,21.0,31.857142857142858,8.173709305420886,33.07142857142857,7.800042265312382,33.5,9.339386378720745
2024-12-18,102,Mechanical RGB Keyboard,Electronics,42.0,89.99,10,45,2,18,12,4,0,31.0,28.0,25.0,30.0,30.857142857142858,7.712080813644951,33.142857142857146,7.774288420142425,33.56666666666667,9.313258377667589
2024-12-19,102,Mechanical RGB Keyboard,Electronics,42.0,89.99,10,33,3,19,12,4,0,45.0,22.0,32.0,32.0,33.285714285714285,9.196272536817776,34.57142857142857,7.997252275378347,34.13333333333333,9.478590515520738
2024-12-20,102,Mechanical RGB Keyboard,Electronics,42.0,89.99,10,51,4,20,12,4,0,33.0,40.0,37.0,49.0,34.857142857142854,7.776643908280159,34.642857142857146,7.976958576542085,34.53333333333333,9.152852705232304
2024-12-21,102,Mechanical RGB Keyboard,Electronics,42.0,89.99,10,36,5,21,12,4,1,51.0,42.0,50.0,60.0,36.42857142857143,9.829498848824805,35.642857142857146,9.094437377253824,35.233333333333334,9.586928361174868
2024-12-22,102,Mechanical RGB Keyboard,Electronics,42.0,89.99,10,23,6,22,12,4,1,36.0,23.0,32.0,27.0,35.57142857142857,9.519403742832221,34.642857142857146,8.110839308340074,35.36666666666667,9.568206452237737
2024-12-23,102,Mechanical RGB Keyboard,Electronics,42.0,89.99,10,35,0,23,12,4,0,23.0,30.0,34.0,35.0,35.57142857142857,9.519403742832221,34.0,8.673567272510741,34.5,9.467731039403416
2024-12-24,102,Mechanical RGB Keyboard,Electronics,42.0,89.99,10,28,1,24,12,4,0,35.0,31.0,38.0,18.0,36.285714285714285,9.214377998799618,34.07142857142857,8.677683896190157,33.666666666666664,8.15510558646771
2024-12-25,102,Mechanical RGB Keyboard,Electronics,42.0,89.99,10,37,2,25,12,4,0,28.0,45.0,28.0,43.0,35.857142857142854,9.564318610135851,33.357142857142854,8.740772214232507,33.7,8.128918153409325
2024-12-26,102,Mechanical RGB Keyboard,Electronics,42.0,89.99,10,35,3,26,12,4,0,37.0,33.0,22.0,29.0,34.714285714285715,8.73144290699399,34.0,8.646920305474714,33.766666666666666,8.148125798181358
2024-12-27,102,Mechanical RGB Keyboard,Electronics,42.0,89.99,10,43,4,27,12,4,0,35.0,51.0,40.0,39.0,35.0,8.698658900466617,34.92857142857143,7.927210060333934,34.333333333333336,7.585527660292169
2024-12-28,102,Mechanical RGB Keyboard,Electronics,42.0,89.99,10,33,5,28,12,4,1,43.0,36.0,42.0,42.0,33.857142857142854,6.491753010001032,35.142857142857146,8.113209958097721,34.333333333333336,7.585527660292169
2024-12-29,102,Mechanical RGB Keyboard,Electronics,42.0,89.99,10,26,6,29,12,4,1,33.0,23.0,23.0,35.0,33.42857142857143,6.425396041156885,34.5,7.8813313986524385,34.46666666666667,7.523449930090241
2024-12-30,102,Mechanical RGB Keyboard,Electronics,42.0,89.99,10,35,0,30,12,4,0,26.0,35.0,30.0,25.0,33.857142857142854,5.669467095138436,34.714285714285715,7.579614070026893,34.03333333333333,7.627008874245276
2024-12-31,102,Mechanical RGB Keyboard,Electronics,42.0,89.99,10,45,1,31,12,4,0,35.0,28.0,31.0,30.0,33.857142857142854,5.669467095138436,35.07142857142857,7.457203906954021,33.8,7.480549491157403
2025-01-01,102,Mechanical RGB Keyboard,Electronics,42.0,89.99,10,15,2,1,1,1,0,45.0,37.0,45.0,25.0,36.285714285714285,6.343350474165504,36.07142857142857,7.800042265312386,34.13333333333333,7.7536791415356605
2025-01-02,102,Mechanical RGB Keyboard,Electronics,42.0,89.99,10,13,3,2,1,1,0,15.0,35.0,33.0,32.0,33.142857142857146,10.205040771249147,33.92857142857143,9.160654038745411,33.8,8.351749765045115
2025-01-03,102,Mechanical RGB Keyboard,Electronics,42.0,89.99,10,28,4,3,1,1,0,13.0,43.0,51.0,37.0,30.0,12.635927614016577,32.5,10.739932674190932,33.233333333333334,9.15643106701828
2025-01-04,102,Mechanical RGB Keyboard,Electronics,42.0,89.99,10,27,5,4,1,1,1,28.0,33.0,36.0,50.0,27.857142857142858,11.260973484096462,30.857142857142858,9.36324354432425,33.333333333333336,9.079470337480897
2025-01-05,102,Mechanical RGB Keyboard,Electronics,42.0,89.99,10,21,6,5,1,1,1,27.0,26.0,23.0,32.0,27.0,11.030261405182852,30.214285714285715,9.291671799798188,33.166666666666664,9.150403546154196
2025-01-06,102,Mechanical RGB Keyboard,Electronics,42.0,89.99,10,16,0,6,1,1,0,21.0,35.0,35.0,34.0,26.285714285714285,11.265201369916188,30.071428571428573,9.425532310732345,32.63333333333333,9.382608024069498
2025-01-07,102,Mechanical RGB Keyboard,Electronics,42.0,89.99,10,14,1,7,1,1,0,16.0,45.0,28.0,38.0,23.571428571428573,11.103410029613142,28.714285714285715,10.010982979696863,31.5,9.26524838232666
2025-01-08,102,Mechanical RGB Keyboard,Electronics,42.0,89.99,10,24,2,8,1,1,0,14.0,15.0,37.0,28.0,19.142857142857142,6.256425268702262,27.714285714285715,10.759100415845266,30.9,9.799190677348529
2025-01-09,102,Mechanical RGB Keyboard,Electronics,42.0,89.99,10,17,3,9,1,1,0,24.0,13.0,35.0,22.0,20.428571428571427,6.187545093630707,26.785714285714285,10.452666729511746,30.566666666666666,9.859996969060633
2025-01-10,102,Mechanical RGB Keyboard,Electronics,42.0,89.99,10,29,4,10,1,1,0,17.0,28.0,43.0,40.0,21.0,5.53774924194531,25.5,10.471573241583432,29.866666666666667,10.057535631977922
2025-01-11,102,Mechanical RGB Keyboard,Electronics,42.0,89.99,10,20,5,11,1,1,1,29.0,27.0,33.0,42.0,21.142857142857142,5.756983337031326,24.5,9.271544556412293,29.9,10.05279168637523
2025-01-12,102,Mechanical RGB Keyboard,Electronics,42.0,89.99,10,19,6,12,1,1,1,20.0,21.0,26.0,23.0,20.142857142857142,5.145501965424715,23.571428571428573,9.001831315513916,29.833333333333332,10.113437061424868
2025-01-13,102,Mechanical RGB Keyboard,Electronics,42.0,89.99,10,18,0,13,1,1,0,19.0,16.0,35.0,30.0,19.857142857142858,5.145501965424712,23.071428571428573,9.050833244380451,29.133333333333333,10.112243631576899
2025-01-14,102,Mechanical RGB Keyboard,Electronics,42.0,89.99,10,17,1,14,1,1,0,18.0,14.0,45.0,31.0,20.142857142857142,4.9473417585800155,21.857142857142858,8.447640934760265,28.333333333333332,10.008042742725948
2025-01-15,102,Mechanical RGB Keyboard,Electronics,42.0,89.99,10,10,2,15,1,1,0,17.0,24.0,15.0,45.0,20.571428571428573,4.429339411136471,19.857142857142858,5.260259467966342,28.133333333333333,10.176827407986913
2025-01-16,102,Mechanical RGB Keyboard,Electronics,42.0,89.99,10,21,3,16,1,1,0,10.0,17.0,13.0,33.0,18.571428571428573,5.623081683476297,19.5,5.761276567941132,27.466666666666665,10.692354127207382
2025-01-17,102,Mechanical RGB Keyboard,Electronics,42.0,89.99,10,27,4,17,1,1,0,21.0,29.0,28.0,51.0,19.142857142857142,5.6399932455210315,20.071428571428573,5.455615113232983,27.133333333333333,10.734197152360611
2025-01-18,102,Mechanical RGB Keyboard,Electronics,42.0,89.99,10,14,5,18,1,1,1,27.0,20.0,27.0,36.0,18.857142857142858,5.080307452263381,20.0,5.34933496945036,26.533333333333335,10.190371836244202
2025-01-19,102,Mechanical RGB Keyboard,Electronics,42.0,89.99,10,17,6,19,1,1,1,14.0,19.0,21.0,23.0,18.0,5.354126134736239,19.071428571428573,5.1659281050758965,25.9,10.363563493116713
2025-01-20,102,Mechanical RGB Keyboard,Electronics,42.0,89.99,10,22,0,20,1,1,0,17.0,18.0,16.0,35.0,17.714285714285715,5.345224838248388,18.785714285714285,5.161671932897033,24.766666666666666,9.331752739726959
2025-01-21,102,Mechanical RGB Keyboard,Electronics,42.0,89.99,10,28,1,21,1,1,0,22.0,17.0,14.0,28.0,18.285714285714285,5.589105048046084,19.214285714285715,5.1616719328970335,24.3,9.097745078712673
2025-01-22,102,Mechanical RGB Keyboard,Electronics,42.0,89.99,10,18,2,22,1,1,0,28.0,10.0,24.0,37.0,19.857142857142858,6.618876325292906,20.214285714285715,5.423291243524339,24.466666666666665,9.118882770850004
2025-01-23,102,Mechanical RGB Keyboard,Electronics,42.0,89.99,10,16,3,23,1,1,0,18.0,21.0,17.0,35.0,21.0,5.163977794943146,19.785714285714285,5.337509811607923,23.9,8.968719587236631
2025-01-24,102,Mechanical RGB Keyboard,Electronics,42.0,89.99,10,17,4,24,1,1,0,16.0,27.0,29.0,43.0,20.285714285714285,5.498917642417859,19.714285714285715,5.384144406403941,23.5,9.046813117678848
2025-01-25,102,Mechanical RGB Keyboard,Electronics,42.0,89.99,10,30,5,25,1,1,1,17.0,14.0,20.0,33.0,18.857142857142858,4.705619740571498,18.857142857142858,4.704451948087893,22.833333333333332,8.749712638959462
2025-01-26,102,Mechanical RGB Keyboard,Electronics,42.0,89.99,10,17,6,26,1,1,1,30.0,17.0,19.0,26.0,21.142857142857142,5.727959829601027,19.571428571428573,5.570724103109656,22.666666666666668,8.555431157975015
2025-01-27,102,Mechanical RGB Keyboard,Electronics,42.0,89.99,10,14,0,27,1,1,0,17.0,22.0,18.0,35.0,21.142857142857142,5.727959829601027,19.428571428571427,5.611996569359727,21.8,7.698634003330749
2025-01-28,102,Mechanical RGB Keyboard,Electronics,42.0,89.99,10,19,1,28,1,1,0,14.0,28.0,17.0,45.0,20.0,6.2981478758969915,19.142857142857142,5.789342235218382,21.166666666666668,7.525053938783973
2025-01-29,102,Mechanical RGB Keyboard,Electronics,42.0,89.99,10,18,2,29,1,1,0,19.0,18.0,10.0,15.0,18.714285714285715,5.219012860502861,19.285714285714285,5.756983337031382,20.933333333333334,7.478398009039648
2025-01-30,102,Mechanical RGB Keyboard,Electronics,42.0,89.99,10,17,3,30,1,1,0,18.0,16.0,21.0,13.0,18.714285714285715,5.219012860502861,19.857142857142858,5.126959555693232,20.366666666666667,7.004842331698333
2025-01-31,102,Mechanical RGB Keyboard,Electronics,42.0,89.99,10,35,4,31,1,1,0,17.0,17.0,27.0,28.0,18.857142857142858,5.145501965424705,19.571428571428573,5.169649381270898,19.433333333333334,5.256741703121066
2025-02-01,102,Mechanical RGB Keyboard,Electronics,42.0,89.99,10,28,5,1,2,1,1,35.0,30.0,14.0,27.0,21.428571428571427,7.849780100044004,20.142857142857142,6.359210677400168,20.1,5.903534884959174
2025-02-02,102,Mechanical RGB Keyboard,Electronics,42.0,89.99,10,15,6,2,2,1,1,28.0,17.0,17.0,21.0,21.142857142857142,7.515064236331563,21.142857142857142,6.419407387663684,20.6,5.916662619393055
2025-02-03,102,Mechanical RGB Keyboard,Electronics,42.0,89.99,10,20,0,3,2,1,0,15.0,14.0,22.0,16.0,20.857142857142858,7.733661733585392,21.0,6.539818863640693,20.166666666666668,5.831444686047847
2025-02-04,102,Mechanical RGB Keyboard,Electronics,42.0,89.99,10,16,1,4,2,1,0,20.0,19.0,28.0,14.0,21.714285714285715,7.1580790187098735,20.857142857142858,6.538138324267284,19.933333333333334,5.686847095276639
2025-02-05,102,Mechanical RGB Keyboard,Electronics,42.0,89.99,10,17,2,5,2,1,0,16.0,18.0,18.0,24.0,21.285714285714285,7.432233529572014,20.0,6.312380996593418,19.766666666666666,5.727630149235864
2025-02-06,102,Mechanical RGB Keyboard,Electronics,42.0,89.99,10,12,3,6,2,1,0,17.0,17.0,16.0,17.0,21.142857142857142,7.515064236331563,19.928571428571427,6.342339846245594,19.8,5.707828864360463
2025-02-07,102,Mechanical RGB Keyboard,Electronics,42.0,89.99,10,24,4,7,2,1,0,12.0,35.0,17.0,29.0,20.428571428571427,8.18244345855076,19.642857142857142,6.617077473153397,19.733333333333334,5.789010595789213
2025-02-08,102,Mechanical RGB Keyboard,Electronics,42.0,89.99,10,30,5,8,2,1,1,24.0,28.0,30.0,20.0,18.857142857142858,5.550632739564276,20.142857142857142,6.666300356236606,19.733333333333334,5.789010595789213
2025-02-09,102,Mechanical RGB Keyboard,Electronics,42.0,89.99,10,16,6,9,2,1,1,30.0,15.0,17.0,19.0,19.142857142857142,6.121780008803771,20.142857142857142,6.666300356236606,20.166666666666668,6.057673010228389
2025-02-10,102,Mechanical RGB Keyboard,Electronics,42.0,89.99,10,24,0,10,2,1,0,16.0,20.0,14.0,18.0,19.285714285714285,6.019808571548956,20.071428571428573,6.707794383737873,19.733333333333334,5.865935168606768
2025-02-11,102,Mechanical RGB Keyboard,Electronics,42.0,89.99,10,18,1,11,2,1,0,24.0,16.0,19.0,17.0,19.857142857142858,6.283008075451563,20.785714285714285,6.541918930765128,19.866666666666667,5.9174396451524425
2025-02-12,102,Mechanical RGB Keyboard,Electronics,42.0,89.99,10,21,2,12,2,1,0,18.0,17.0,18.0,10.0,20.142857142857142,6.1217800088037775,20.714285714285715,6.56832224718436,19.833333333333332,5.925301292111459
2025-02-13,102,Mechanical RGB Keyboard,Electronics,42.0,89.99,10,18,3,13,2,1,0,21.0,12.0,17.0,21.0,20.714285714285715,5.964178784327957,20.928571428571427,6.521730371072305,19.933333333333334,5.918604992518942
2025-02-14,102,Mechanical RGB Keyboard,Electronics,42.0,89.99,10,29,4,14,2,1,0,18.0,24.0,35.0,27.0,21.571428571428573,4.825527358301213,21.0,6.480740698407851,19.966666666666665,5.904313638368881
2025-02-15,102,Mechanical RGB Keyboard,Electronics,42.0,89.99,10,18,5,15,2,1,1,29.0,30.0,28.0,14.0,22.285714285714285,5.559205150447424,20.571428571428573,5.625686771261933,20.6,5.816741592904023
2025-02-16,102,Mechanical RGB Keyboard,Electronics,42.0,89.99,10,14,6,16,2,1,1,18.0,16.0,15.0,17.0,20.571428571428573,4.540820148282328,19.857142857142858,5.230930831375735,20.5,5.83538551750696
2025-02-17,102,Mechanical RGB Keyboard,Electronics,42.0,89.99,10,23,0,17,2,1,0,14.0,24.0,20.0,22.0,20.285714285714285,4.923220007078125,19.785714285714285,5.308607979623148,20.066666666666666,5.818717321228684
2025-02-18,102,Mechanical RGB Keyboard,Electronics,42.0,89.99,10,27,1,18,2,1,0,23.0,18.0,16.0,28.0,20.142857142857142,4.810702354423544,20.0,5.378017936291846,20.366666666666667,5.7264259379640485
2025-02-19,102,Mechanical RGB Keyboard,Electronics,42.0,89.99,10,17,2,19,2,1,0,27.0,21.0,17.0,18.0,21.428571428571427,5.318431562567433,20.785714285714285,5.549477749906129,20.7,5.81407329467569
2025-02-20,102,Mechanical RGB Keyboard,Electronics,42.0,89.99,10,18,3,20,2,1,0,17.0,18.0,12.0,16.0,20.857142857142858,5.580578567035526,20.785714285714285,5.549477749906129,20.533333333333335,5.847093786414357
2025-02-21,102,Mechanical RGB Keyboard,Electronics,42.0,89.99,10,23,4,21,2,1,0,18.0,29.0,24.0,17.0,20.857142857142858,5.580578567035526,21.214285714285715,5.025757829247412,20.2,5.689676071016904
2025-02-22,102,Mechanical RGB Keyboard,Electronics,42.0,89.99,10,34,5,22,2,1,1,23.0,18.0,30.0,30.0,20.0,4.472135954999475,21.142857142857142,4.990100089286666,20.366666666666667,5.69623791960804
2025-02-23,102,Mechanical RGB Keyboard,Electronics,42.0,89.99,10,21,6,23,2,1,1,34.0,14.0,16.0,17.0,22.285714285714285,6.775305299745625,21.428571428571427,5.611996569359731,20.966666666666665,6.150320055217304
2025-02-24,102,Mechanical RGB Keyboard,Electronics,42.0,89.99,10,17,0,24,2,1,0,21.0,23.0,24.0,14.0,23.285714285714285,5.794085654478012,21.785714285714285,5.39484898809925,21.1,6.104548897451663
2025-02-25,102,Mechanical RGB Keyboard,Electronics,42.0,89.99,10,19,1,25,2,1,0,17.0,27.0,18.0,19.0,22.428571428571427,6.267831705280028,21.285714285714285,5.497252060782743,20.666666666666668,5.9092757787976025
2025-02-26,102,Mechanical RGB Keyboard,Electronics,42.0,89.99,10,15,2,26,2,1,0,19.0,17.0,21.0,18.0,21.285714285714285,6.019808571548967,21.357142857142858,5.457628998540867,20.733333333333334,5.877680361909839
2025-02-27,102,Mechanical RGB Keyboard,Electronics,42.0,89.99,10,13,3,27,2,1,0,15.0,18.0,18.0,17.0,21.0,6.298147875896994,20.928571428571427,5.71723824821155,20.766666666666666,5.840898214660307
2025-02-28,102,Mechanical RGB Keyboard,Electronics,42.0,89.99,10,26,4,28,2,1,0,13.0,23.0,29.0,35.0,20.285714285714285,6.94536501834816,20.571428571428573,6.060138177077698,20.566666666666666,6.003925918661935
2025-03-01,102,Mechanical RGB Keyboard,Electronics,42.0,89.99,10,28,5,1,3,1,1,26.0,34.0,18.0,28.0,20.714285714285715,7.2275926308899265,20.357142857142858,5.786019527967552,20.833333333333332,6.063362748186102
2025-03-02,102,Mechanical RGB Keyboard,Electronics,42.0,89.99,10,25,6,2,3,1,1,28.0,21.0,14.0,15.0,19.857142857142858,5.550632739564282,21.071428571428573,6.0823108679600875,21.2,6.155457348760756
2025-03-03,102,Mechanical RGB Keyboard,Electronics,42.0,89.99,10,21,0,3,3,1,0,25.0,17.0,23.0,20.0,20.428571428571427,5.883795341363152,21.857142857142858,5.8026140376841875,20.866666666666667,5.630785658008636
2025-03-04,102,Mechanical RGB Keyboard,Electronics,42.0,89.99,10,20,1,4,3,1,0,21.0,19.0,27.0,16.0,21.0,5.686240703077252,21.714285714285715,5.796929842976842,20.633333333333333,5.46766881759032
2025-03-05,102,Mechanical RGB Keyboard,Electronics,42.0,89.99,10,15,2,5,3,1,0,20.0,15.0,17.0,17.0,21.142857142857142,5.63999324552104,21.214285714285715,5.604648776871555,20.8,5.365277895556827
2025-03-06,102,Mechanical RGB Keyboard,Electronics,42.0,89.99,10,21,3,6,3,1,0,15.0,13.0,18.0,12.0,21.142857142857142,5.63999324552104,21.071428571428573,5.744084391311238,20.633333333333333,5.46766881759032
2025-03-07,102,Mechanical RGB Keyboard,Electronics,42.0,89.99,10,49,4,7,3,1,0,21.0,26.0,23.0,24.0,22.285714285714285,4.386125310350181,21.285714285714285,5.676247018918408,20.8,5.3973173413055475
2025-03-08,102,Mechanical RGB Keyboard,Electronics,42.0,89.99,10,28,5,8,3,1,1,49.0,28.0,34.0,30.0,25.571428571428573,11.103410029613144,23.142857142857142,9.346798241250173,21.866666666666667,7.407979543677162
2025-03-09,102,Mechanical RGB Keyboard,Electronics,42.0,89.99,10,17,6,9,3,1,1,28.0,25.0,21.0,16.0,25.571428571428573,11.103410029613144,22.714285714285715,8.9393561240219,22.4,7.247353857169775
2025-03-10,102,Mechanical RGB Keyboard,Electronics,42.0,89.99,10,17,0,10,3,1,0,17.0,21.0,17.0,24.0,24.428571428571427,11.573779890441166,22.428571428571427,9.061450772911037,22.166666666666668,7.306507884842352
2025-03-11,102,Mechanical RGB Keyboard,Electronics,42.0,89.99,10,20,1,11,3,1,0,17.0,20.0,19.0,18.0,23.857142857142858,11.866318882008992,22.428571428571427,9.061450772911037,21.733333333333334,7.210783750664669
2025-03-12,102,Mechanical RGB Keyboard,Electronics,42.0,89.99,10,18,2,12,3,1,0,20.0,15.0,15.0,21.0,23.857142857142858,11.866318882008992,22.5,9.03625177570026,21.866666666666667,7.137725578696668
2025-03-13,102,Mechanical RGB Keyboard,Electronics,42.0,89.99,10,25,3,13,3,1,0,18.0,21.0,13.0,18.0,24.285714285714285,11.542880716618994,22.714285714285715,8.87891687286038,21.666666666666668,7.159913953120596
2025-03-14,102,Mechanical RGB Keyboard,Electronics,42.0,89.99,10,29,4,14,3,1,0,25.0,49.0,26.0,29.0,24.857142857142858,11.451762185046308,23.571428571428573,8.437227814087583,21.9,7.150355669957658
2025-03-15,102,Mechanical RGB Keyboard,Electronics,42.0,89.99,10,35,5,15,3,1,1,29.0,28.0,28.0,18.0,22.0,5.228129047119297,23.785714285714285,8.541109380551768,22.166666666666668,7.263908577074125
2025-03-16,102,Mechanical RGB Keyboard,Electronics,42.0,89.99,10,22,6,16,3,1,1,35.0,17.0,25.0,14.0,23.0,6.952217871538018,24.285714285714285,8.999389478681927,22.733333333333334,7.583709097675099
2025-03-17,102,Mechanical RGB Keyboard,Electronics,42.0,89.99,10,13,0,17,3,1,0,22.0,17.0,21.0,23.0,23.714285714285715,6.473388749701446,24.071428571428573,9.016773136893141,22.5,7.491374350222498
2025-03-18,102,Mechanical RGB Keyboard,Electronics,42.0,89.99,10,24,1,18,3,1,0,13.0,20.0,20.0,27.0,23.142857142857142,7.289914755527422,23.5,9.46857149489014,22.333333333333332,7.648904962570518
2025-03-19,102,Mechanical RGB Keyboard,Electronics,42.0,89.99,10,25,2,19,3,1,0,24.0,18.0,15.0,17.0,23.714285714285715,7.158079018709879,23.785714285714285,9.415033570989383,22.666666666666668,7.489456190070655
2025-03-20,102,Mechanical RGB Keyboard,Electronics,42.0,89.99,10,31,3,20,3,1,0,25.0,25.0,21.0,18.0,24.714285714285715,6.7011015441314825,24.5,9.070238738270936,22.733333333333334,7.501417490569049
2025-03-21,102,Mechanical RGB Keyboard,Electronics,42.0,89.99,10,27,4,21,3,1,0,31.0,29.0,49.0,23.0,25.571428571428573,7.114706432386871,25.214285714285715,9.166650016634893,22.866666666666667,7.614565594661423
2025-03-22,102,Mechanical RGB Keyboard,Electronics,42.0,89.99,10,28,5,22,3,1,1,27.0,35.0,28.0,34.0,25.285714285714285,6.993193970194262,23.642857142857142,6.171985628094621,23.2,7.567626148089015
2025-03-23,102,Mechanical RGB Keyboard,Electronics,42.0,89.99,10,24,6,23,3,1,1,28.0,22.0,17.0,21.0,24.285714285714285,5.765248931147261,23.642857142857142,6.171985628094621,23.533333333333335,7.550900075754029
2025-03-24,102,Mechanical RGB Keyboard,Electronics,42.0,89.99,10,21,0,24,3,1,0,24.0,13.0,17.0,17.0,24.571428571428573,5.682051943243189,24.142857142857142,5.868522849879721,23.566666666666666,7.550671736882761
2025-03-25,102,Mechanical RGB Keyboard,Electronics,42.0,89.99,10,19,1,25,3,1,0,21.0,24.0,20.0,19.0,25.714285714285715,3.2513733362116497,24.428571428571427,5.584515483621936,23.133333333333333,7.3001338359640835
2025-03-26,102,Mechanical RGB Keyboard,Electronics,42.0,89.99,10,26,2,26,3,1,0,19.0,25.0,18.0,15.0,25.0,4.123105625617594,24.357142857142858,5.651509571748101,23.066666666666666,7.329361515840533
2025-03-27,102,Mechanical RGB Keyboard,Electronics,42.0,89.99,10,24,3,27,3,1,0,26.0,31.0,25.0,13.0,25.142857142857142,4.1403933560540604,24.928571428571427,5.356007205634916,23.366666666666667,7.256309185013064
2025-03-28,102,Mechanical RGB Keyboard,Electronics,42.0,89.99,10,41,4,28,3,1,0,24.0,27.0,29.0,26.0,24.142857142857142,3.236694374850654,24.857142857142858,5.3616464586218955,23.533333333333335,7.209827265295717
2025-03-29,102,Mechanical RGB Keyboard,Electronics,42.0,89.99,10,27,5,29,3,1,1,41.0,28.0,35.0,28.0,26.142857142857142,7.197883286739466,25.714285714285715,6.832372844138311,24.4,7.695049909093999
2025-03-30,102,Mechanical RGB Keyboard,Electronics,42.0,89.99,10,16,6,30,3,1,1,27.0,24.0,22.0,25.0,26.0,7.164728420068193,25.142857142857142,6.310639890231083,24.866666666666667,7.398664060832657
2025-03-31,102,Mechanical RGB Keyboard,Electronics,42.0,89.99,10,26,0,31,3,1,0,16.0,21.0,13.0,21.0,24.857142857142858,8.112306935115514,24.714285714285715,6.730282556973612,24.533333333333335,7.569144867353762
2025-04-01,102,Mechanical RGB Keyboard,Electronics,42.0,89.99,10,24,1,1,4,2,0,26.0,19.0,24.0,20.0,25.571428571428573,7.9342536480995145,25.642857142857142,5.825766940031191,24.466666666666665,7.546331985592795
2025-04-02,102,Mechanical RGB Keyboard,Electronics,42.0,89.99,10,31,2,2,4,2,0,24.0,26.0,25.0,15.0,26.285714285714285,7.4546246432283985,25.642857142857142,5.825766940031191,24.433333333333334,7.546103508494886
2025-04-03,102,Mechanical RGB Keyboard,Electronics,42.0,89.99,10,19,3,3,4,2,0,31.0,24.0,31.0,21.0,27.0,7.659416862050678,26.071428571428573,5.993127932689438,24.766666666666666,7.609809156759331
2025-04-04,102,Mechanical RGB Keyboard,Electronics,42.0,89.99,10,36,4,4,4,2,0,19.0,41.0,27.0,49.0,26.285714285714285,8.199883855158852,25.214285714285715,6.091337751626941,24.733333333333334,7.633561709177139
2025-04-05,102,Mechanical RGB Keyboard,Electronics,42.0,89.99,10,29,5,5,4,2,1,36.0,27.0,28.0,28.0,25.571428571428573,6.803360514166054,25.857142857142858,6.73517908912876,25.433333333333334,7.67298590143873
2025-04-06,102,Mechanical RGB Keyboard,Electronics,42.0,89.99,10,26,6,6,4,2,1,29.0,16.0,24.0,17.0,25.857142857142858,6.914443130832977,25.928571428571427,6.76488996686097,25.7,7.652585769889589
2025-04-07,102,Mechanical RGB Keyboard,Electronics,42.0,89.99,10,20,0,7,4,2,0,26.0,26.0,21.0,17.0,27.285714285714285,5.407226205560007,26.071428571428573,6.742109755561971,24.933333333333334,6.263927011802957
2025-04-08,102,Mechanical RGB Keyboard,Electronics,42.0,89.99,10,11,1,8,4,2,0,20.0,24.0,19.0,20.0,26.428571428571427,6.078847008469659,26.0,6.804975555260449,24.666666666666668,6.299060320360453
2025-04-09,102,Mechanical RGB Keyboard,Electronics,42.0,89.99,10,16,2,9,4,2,0,11.0,31.0,26.0,18.0,24.571428571428573,8.46280376819923,25.428571428571427,7.713268146156041,24.466666666666665,6.637060698279243
2025-04-10,102,Mechanical RGB Keyboard,Electronics,42.0,89.99,10,22,3,10,4,2,0,16.0,19.0,24.0,25.0,22.428571428571427,8.462803768199224,24.714285714285715,8.109145562773042,24.433333333333334,6.678237085841736
2025-04-11,102,Mechanical RGB Keyboard,Electronics,42.0,89.99,10,24,4,11,4,2,0,22.0,36.0,41.0,29.0,22.857142857142858,8.335237877600727,24.571428571428573,8.140254066289101,24.5,6.642340675934327
2025-04-12,102,Mechanical RGB Keyboard,Electronics,42.0,89.99,10,25,5,12,4,2,1,24.0,29.0,27.0,35.0,21.142857142857142,6.1217800088037935,23.357142857142858,6.628692211859021,24.7,6.529244556819565
2025-04-13,102,Mechanical RGB Keyboard,Electronics,42.0,89.99,10,18,6,13,4,2,1,25.0,26.0,16.0,22.0,20.571428571428573,5.411627692821592,23.214285714285715,6.565393788981404,24.7,6.529244556819565
2025-04-14,102,Mechanical RGB Keyboard,Electronics,42.0,89.99,10,23,0,14,4,2,0,18.0,20.0,26.0,13.0,19.428571428571427,4.894116973712435,23.357142857142858,6.4164109648875876,24.333333333333332,6.588042110564715
2025-04-15,102,Mechanical RGB Keyboard,Electronics,42.0,89.99,10,17,1,15,4,2,0,23.0,11.0,24.0,24.0,19.857142857142858,5.0803074522634,23.142857142857142,6.371295519233634,23.933333333333334,6.274927301863935
2025-04-16,102,Mechanical RGB Keyboard,Electronics,42.0,89.99,10,22,2,16,4,2,0,17.0,16.0,31.0,25.0,20.714285714285715,3.6384193323604834,22.642857142857142,6.570413203926345,23.766666666666666,6.393333453189923
2025-04-17,102,Mechanical RGB Keyboard,Electronics,42.0,89.99,10,28,3,17,4,2,0,22.0,22.0,19.0,31.0,21.571428571428573,2.992052966172268,22.0,6.114295984380817,24.066666666666666,6.0738747124868935
2025-04-18,102,Mechanical RGB Keyboard,Electronics,42.0,89.99,10,34,4,18,4,2,0,28.0,24.0,36.0,27.0,22.428571428571427,3.8668308667926397,22.642857142857142,6.2463175965110445,24.2,6.116117767973684
2025-04-19,102,Mechanical RGB Keyboard,Electronics,42.0,89.99,10,32,5,19,4,2,1,34.0,25.0,29.0,28.0,23.857142857142858,5.87164291116123,22.5,5.9323104851573385,24.5,6.372083511369052
2025-04-20,102,Mechanical RGB Keyboard,Electronics,42.0,89.99,10,18,6,20,4,2,1,32.0,18.0,26.0,24.0,24.857142857142858,6.644009116704812,22.714285714285715,6.231786648719999,24.533333333333335,6.4097626688718865
2025-04-21,102,Mechanical RGB Keyboard,Electronics,42.0,89.99,10,23,0,21,4,2,0,18.0,23.0,20.0,21.0,24.857142857142858,6.644009116704812,22.142857142857142,6.273965043147544,24.233333333333334,6.500309453287974
2025-04-22,102,Mechanical RGB Keyboard,Electronics,42.0,89.99,10,24,1,22,4,2,0,23.0,17.0,11.0,19.0,24.857142857142858,6.644009116704812,22.357142857142858,6.246317596511045,24.066666666666666,6.464402969116767
2025-04-23,102,Mechanical RGB Keyboard,Electronics,42.0,89.99,10,18,2,23,4,2,0,24.0,22.0,16.0,26.0,25.857142857142858,5.7279598296010565,23.285714285714285,5.326690001645146,24.066666666666666,6.464402969116767
2025-04-24,102,Mechanical RGB Keyboard,Electronics,42.0,89.99,10,24,3,24,4,2,0,18.0,28.0,22.0,24.0,25.285714285714285,6.343350474165429,23.428571428571427,5.139803733371773,23.966666666666665,6.536282468326041
2025-04-25,102,Mechanical RGB Keyboard,Electronics,42.0,89.99,10,20,4,25,4,2,0,24.0,34.0,24.0,41.0,24.714285714285715,6.237368187365678,23.571428571428573,5.1248157297347054,24.133333333333333,6.468668963621402
2025-04-26,102,Mechanical RGB Keyboard,Electronics,42.0,89.99,10,43,5,26,4,2,1,20.0,32.0,25.0,27.0,22.714285714285715,4.855041562276059,23.285714285714285,5.209880722517277,23.933333333333334,6.501635514838964
2025-04-27,102,Mechanical RGB Keyboard,Electronics,42.0,89.99,10,23,6,27,4,2,1,43.0,18.0,18.0,16.0,24.285714285714285,8.654753717163844,24.571428571428573,7.418420791042189,24.566666666666666,7.375090102703004
2025-04-28,102,Mechanical RGB Keyboard,Electronics,42.0,89.99,10,16,0,28,4,2,0,23.0,23.0,23.0,26.0,25.0,8.246211251235291,24.928571428571427,7.194701957950465,23.966666666666665,6.692679136413737
2025-04-29,102,Mechanical RGB Keyboard,Electronics,42.0,89.99,10,25,1,29,4,2,0,16.0,24.0,17.0,24.0,24.0,8.925618559330559,24.428571428571427,7.572361543181845,23.6,6.820860497842898
2025-04-30,102,Mechanical RGB Keyboard,Electronics,42.0,89.99,10,18,2,30,4,2,0,25.0,18.0,22.0,31.0,24.142857142857142,8.933617621631411,25.0,7.264243303278791,23.9,6.67134893044303
2025-05-01,102,Mechanical RGB Keyboard,Electronics,42.0,89.99,10,12,3,1,5,2,0,18.0,24.0,28.0,19.0,24.142857142857142,8.933617621631411,24.714285714285715,7.467144150091235,23.633333333333333,6.744005426703146
2025-05-02,102,Mechanical RGB Keyboard,Electronics,42.0,89.99,10,23,4,2,5,2,0,12.0,20.0,34.0,36.0,22.428571428571427,10.0475062056403,23.571428571428573,8.121332646557704,23.233333333333334,7.069523387014105
2025-05-03,102,Mechanical RGB Keyboard,Electronics,42.0,89.99,10,36,5,3,5,2,1,23.0,43.0,32.0,29.0,22.857142857142858,9.99047165100443,22.785714285714285,7.54655878202439,22.966666666666665,6.915666040346969
2025-05-04,102,Mechanical RGB Keyboard,Electronics,42.0,89.99,10,20,6,4,5,2,1,36.0,23.0,18.0,26.0,21.857142857142858,7.7336617335854,23.071428571428573,7.985219863205788,23.533333333333335,7.266993560083705
2025-05-05,102,Mechanical RGB Keyboard,Electronics,42.0,89.99,10,20,0,5,5,2,0,20.0,16.0,23.0,20.0,21.428571428571427,7.742892285985919,23.214285714285715,7.904999113789387,23.0,6.898275646605524
2025-05-06,102,Mechanical RGB Keyboard,Electronics,42.0,89.99,10,17,1,6,5,2,0,20.0,25.0,24.0,11.0,22.0,7.416198487095618,23.0,7.951777740277279,22.7,6.823640448141765
2025-05-07,102,Mechanical RGB Keyboard,Electronics,42.0,89.99,10,18,2,7,5,2,0,17.0,18.0,18.0,16.0,20.857142857142858,7.492853738253299,22.5,8.102706100670698,22.4,6.871229373514419
2025-05-08,102,Mechanical RGB Keyboard,Electronics,42.0,89.99,10,22,3,8,5,2,0,18.0,12.0,24.0,22.0,20.857142857142858,7.492853738253299,22.5,8.102706100670698,22.333333333333332,6.904937430530366
2025-05-09,102,Mechanical RGB Keyboard,Electronics,42.0,89.99,10,22,4,9,5,2,0,22.0,23.0,20.0,24.0,22.285714285714285,6.395683067879555,22.357142857142858,8.091849107467464,22.7,6.566109434318574
2025-05-10,102,Mechanical RGB Keyboard,Electronics,42.0,89.99,10,28,5,10,5,2,1,22.0,36.0,43.0,25.0,22.142857142857142,6.388233230676784,22.5,8.064642678907822,22.9,6.445260220529808
2025-05-11,102,Mechanical RGB Keyboard,Electronics,42.0,89.99,10,22,6,11,5,2,1,28.0,20.0,23.0,18.0,21.0,3.6055512754638914,21.428571428571427,5.8139657551621164,23.1,6.509144760814628
2025-05-12,102,Mechanical RGB Keyboard,Electronics,42.0,89.99,10,23,0,12,5,2,0,22.0,20.0,16.0,23.0,21.285714285714285,3.59231985000796,21.357142857142858,5.799298934515114,23.033333333333335,6.5098510673854415
2025-05-13,102,Mechanical RGB Keyboard,Electronics,42.0,89.99,10,17,1,13,5,2,0,23.0,17.0,25.0,17.0,21.714285714285715,3.5923198500079625,21.857142857142858,5.600235473856198,22.966666666666665,6.4992484092436875
2025-05-14,102,Mechanical RGB Keyboard,Electronics,42.0,89.99,10,24,2,14,5,2,0,17.0,18.0,18.0,22.0,21.714285714285715,3.5923198500079625,21.285714285714285,5.662679053763692,22.933333333333334,6.528100179533255
2025-05-15,102,Mechanical RGB Keyboard,Electronics,42.0,89.99,10,18,3,15,5,2,0,24.0,22.0,12.0,28.0,22.571428571428573,3.2586880211285916,21.714285714285715,5.621778686892219,22.966666666666665,6.531004745711404
2025-05-16,102,Mechanical RGB Keyboard,Electronics,42.0,89.99,10,33,4,16,5,2,0,18.0,22.0,23.0,34.0,22.0,3.6968455021363824,22.142857142857142,5.020835708205477,23.0,6.501989085577171
2025-05-17,102,Mechanical RGB Keyboard,Electronics,42.0,89.99,10,44,5,17,5,2,1,33.0,28.0,36.0,32.0,23.571428571428573,5.563486402641814,22.857142857142858,5.802614037684193,23.366666666666667,6.749116587572247
2025-05-18,102,Mechanical RGB Keyboard,Electronics,42.0,89.99,10,17,6,18,5,2,1,44.0,22.0,20.0,18.0,25.857142857142858,9.546876826630616,23.428571428571427,7.3768273951328425,23.9,7.693929537247996
2025-05-19,102,Mechanical RGB Keyboard,Electronics,42.0,89.99,10,24,0,19,5,2,0,17.0,23.0,20.0,23.0,25.142857142857142,10.056980518170283,23.214285714285715,7.526144905783911,23.333333333333332,7.549073171398301
2025-05-20,102,Mechanical RGB Keyboard,Electronics,42.0,89.99,10,20,1,20,5,2,0,24.0,17.0,17.0,24.0,25.285714285714285,10.028530728448112,23.5,7.470454625234818,23.066666666666666,7.371582590262189
2025-05-21,102,Mechanical RGB Keyboard,Electronics,42.0,89.99,10,22,2,21,5,2,0,20.0,24.0,18.0,18.0,25.714285714285715,9.673232581274373,23.714285714285715,7.3109882677070015,23.133333333333333,7.333124343939445
2025-05-22,102,Mechanical RGB Keyboard,Electronics,42.0,89.99,10,20,3,22,5,2,0,22.0,18.0,22.0,24.0,25.428571428571427,9.761440174775123,24.0,7.14681209189965,23.1,7.336023539991505
2025-05-23,102,Mechanical RGB Keyboard,Electronics,42.0,89.99,10,26,4,23,5,2,0,20.0,33.0,22.0,20.0,25.714285714285715,9.534398874851073,23.857142857142858,7.209578488235075,22.966666666666665,7.355426490053031
2025-05-24,102,Mechanical RGB Keyboard,Electronics,42.0,89.99,10,52,5,24,5,2,1,26.0,44.0,28.0,43.0,24.714285714285715,8.994707438530803,24.142857142857142,7.209578488235074,23.233333333333334,7.314055120030867
2025-05-25,102,Mechanical RGB Keyboard,Electronics,42.0,89.99,10,14,6,25,5,2,1,52.0,17.0,22.0,23.0,25.857142857142858,11.894376422334632,25.857142857142858,10.3615943446285,24.166666666666668,9.006064368096538
2025-05-26,102,Mechanical RGB Keyboard,Electronics,42.0,89.99,10,29,0,26,5,2,0,14.0,24.0,23.0,16.0,25.428571428571427,12.313368654395397,25.285714285714285,10.801912732535781,23.966666666666665,9.166969691961054
2025-05-27,102,Mechanical RGB Keyboard,Electronics,42.0,89.99,10,18,1,27,5,2,0,29.0,20.0,17.0,25.0,26.142857142857142,12.361614935336053,25.714285714285715,10.823255385643318,23.5,8.49644956275343
2025-05-28,102,Mechanical RGB Keyboard,Electronics,42.0,89.99,10,24,2,28,5,2,0,18.0,22.0,24.0,18.0,25.857142857142858,12.548951768023894,25.785714285714285,10.764461267226814,23.333333333333332,8.555431157975017
2025-05-29,102,Mechanical RGB Keyboard,Electronics,42.0,89.99,10,22,3,29,5,2,0,24.0,20.0,18.0,12.0,26.142857142857142,12.469009201864838,25.785714285714285,10.764461267226814,23.6,8.442911738297923
2025-05-30,102,Mechanical RGB Keyboard,Electronics,42.0,89.99,10,34,4,30,5,2,0,22.0,26.0,33.0,23.0,26.428571428571427,12.326896647266112,26.071428571428573,10.593643128087459,23.5,8.443524349954528
2025-05-31,102,Mechanical RGB Keyboard,Electronics,42.0,89.99,10,35,5,31,5,2,1,34.0,52.0,44.0,36.0,27.571428571428573,12.647228192468917,26.142857142857142,10.647189176615456,24.033333333333335,8.58821700147167
2025-06-01,102,Mechanical RGB Keyboard,Electronics,42.0,89.99,10,17,6,1,6,2,1,35.0,14.0,17.0,20.0,25.142857142857142,7.925245977856036,25.5,9.71715374598328,24.8,8.503143434981052
2025-06-02,102,Mechanical RGB Keyboard,Electronics,42.0,89.99,10,25,0,2,6,2,0,17.0,29.0,24.0,20.0,25.571428571428573,7.276838664721132,25.5,9.71715374598328,24.6,8.616743924596356
2025-06-03,102,Mechanical RGB Keyboard,Electronics,42.0,89.99,10,17,1,3,6,2,0,25.0,18.0,20.0,17.0,25.0,7.118052168020835,25.571428571428573,9.708951347274134,24.233333333333334,8.344658970463236
2025-06-04,102,Mechanical RGB Keyboard,Electronics,42.0,89.99,10,18,2,4,6,2,0,17.0,24.0,22.0,18.0,24.857142857142858,7.289914755527431,25.357142857142858,9.873095865939009,24.133333333333333,8.41481998632758
2025-06-05,102,Mechanical RGB Keyboard,Electronics,42.0,89.99,10,12,3,5,6,2,0,18.0,22.0,20.0,22.0,24.0,7.745966692414793,25.071428571428573,10.034281896917845,24.066666666666666,8.456514865957496
2025-06-06,102,Mechanical RGB Keyboard,Electronics,42.0,89.99,10,36,4,6,6,2,0,12.0,34.0,26.0,22.0,22.571428571428573,8.997354108424332,24.5,10.559356040971437,23.9,8.64770250532989
2025-06-07,102,Mechanical RGB Keyboard,Electronics,42.0,89.99,10,35,5,7,6,2,1,36.0,35.0,52.0,28.0,22.857142857142858,9.44154950963328,25.214285714285715,10.997752018051209,24.5,8.846390263246045
2025-06-08,102,Mechanical RGB Keyboard,Electronics,42.0,89.99,10,30,6,8,6,2,1,35.0,17.0,14.0,22.0,22.857142857142858,9.44154950963328,24.0,8.458041235325204,24.933333333333334,9.036070756287987
2025-06-09,102,Mechanical RGB Keyboard,Electronics,42.0,89.99,10,17,0,9,6,2,0,30.0,25.0,29.0,23.0,24.714285714285715,9.375753937938075,25.142857142857142,8.07519604770009,25.2,9.064519691708911
2025-06-10,102,Mechanical RGB Keyboard,Electronics,42.0,89.99,10,25,1,10,6,2,0,17.0,17.0,18.0,17.0,23.571428571428573,9.812528434899622,24.285714285714285,8.268834644230488,24.833333333333332,9.169226392868563
2025-06-11,102,Mechanical RGB Keyboard,Electronics,42.0,89.99,10,21,2,11,6,2,0,25.0,18.0,24.0,24.0,24.714285714285715,9.375753937938075,24.785714285714285,8.068729491338495,24.933333333333334,9.153606160804916
2025-06-12,102,Mechanical RGB Keyboard,Electronics,42.0,89.99,10,19,3,12,6,2,0,21.0,12.0,22.0,18.0,25.142857142857142,9.081640296564817,24.571428571428573,8.130798860498892,24.866666666666667,9.175429458457284
2025-06-13,102,Mechanical RGB Keyboard,Electronics,42.0,89.99,10,33,4,13,6,2,0,19.0,36.0,34.0,33.0,26.142857142857142,7.668736780560624,24.357142857142858,8.242545749922192,24.933333333333334,9.123419403337472
2025-06-14,102,Mechanical RGB Keyboard,Electronics,42.0,89.99,10,28,5,14,6,2,1,33.0,35.0,35.0,44.0,25.714285714285715,7.0878836924779405,24.285714285714285,8.156437489950653,25.233333333333334,9.238910718497454
2025-06-15,102,Mechanical RGB Keyboard,Electronics,42.0,89.99,10,28,6,15,6,2,1,28.0,30.0,17.0,17.0,24.714285714285715,5.96417878432798,23.785714285714285,7.647810862528634,25.566666666666666,9.148896045456745
2025-06-16,102,Mechanical RGB Keyboard,Electronics,42.0,89.99,10,26,0,16,6,2,0,28.0,17.0,25.0,24.0,24.428571428571427,5.711308748355932,24.571428571428573,7.45978227888399,25.4,9.053861816545622
2025-06-17,102,Mechanical RGB Keyboard,Electronics,42.0,89.99,10,23,1,17,6,2,0,26.0,25.0,17.0,20.0,25.714285714285715,4.680252333449702,24.642857142857142,7.468983484097033,24.8,8.347619937484513
2025-06-18,102,Mechanical RGB Keyboard,Electronics,42.0,89.99,10,24,2,18,6,2,0,23.0,21.0,18.0,22.0,25.428571428571427,4.790864322059267,25.071428571428573,7.162555256484781,25.0,8.225276433883083
2025-06-19,102,Mechanical RGB Keyboard,Electronics,42.0,89.99,10,20,3,19,6,2,0,24.0,19.0,12.0,20.0,25.857142857142858,4.450789122113436,25.5,6.880854150914246,25.0,8.225276433883083
2025-06-20,102,Mechanical RGB Keyboard,Electronics,42.0,89.99,10,43,4,20,6,2,0,20.0,33.0,36.0,26.0,26.0,4.203173404306104,26.071428571428573,5.9415652653318345,25.0,8.225276433883083
2025-06-21,102,Mechanical RGB Keyboard,Electronics,42.0,89.99,10,38,5,21,6,2,1,43.0,28.0,35.0,52.0,27.428571428571427,7.435436388384604,26.571428571428573,7.0352331513962945,25.7,8.832346507445548
2025-06-22,102,Mechanical RGB Keyboard,Electronics,42.0,89.99,10,20,6,22,6,2,1,38.0,28.0,30.0,14.0,28.857142857142858,8.454359258760546,26.785714285714285,7.350338259391364,26.3,9.04071251387965
2025-06-23,102,Mechanical RGB Keyboard,Electronics,42.0,89.99,10,18,0,23,6,2,0,20.0,26.0,17.0,29.0,27.714285714285715,9.10520520937126,26.071428571428573,7.498351467174279,26.1,9.11365023959415
2025-06-24,102,Mechanical RGB Keyboard,Electronics,42.0,89.99,10,12,1,24,6,2,0,18.0,23.0,25.0,18.0,26.571428571428573,9.829498848824755,26.142857142857142,7.409527576107591,24.966666666666665,7.801340880914585
2025-06-25,102,Mechanical RGB Keyboard,Electronics,42.0,89.99,10,30,2,25,6,2,0,12.0,24.0,21.0,24.0,25.0,11.269427669584621,25.214285714285715,8.322153673072956,24.9,7.906130314618107
2025-06-26,102,Mechanical RGB Keyboard,Electronics,42.0,89.99,10,25,3,26,6,2,0,30.0,20.0,19.0,22.0,25.857142857142858,11.408017231002795,25.857142857142858,8.319182123790243,24.933333333333334,7.926095413616114
2025-06-27,102,Mechanical RGB Keyboard,Electronics,42.0,89.99,10,35,4,27,6,2,0,25.0,43.0,33.0,34.0,26.571428571428573,11.133390361986796,26.285714285714285,8.09015138613298,25.166666666666668,7.8172370695980655
2025-06-28,102,Mechanical RGB Keyboard,Electronics,42.0,89.99,10,25,5,28,6,2,1,35.0,38.0,28.0,35.0,25.428571428571427,9.449111825230654,26.428571428571427,8.234208996752374,25.533333333333335,8.016075802059705
2025-06-29,102,Mechanical RGB Keyboard,Electronics,42.0,89.99,10,13,6,29,6,2,1,25.0,20.0,28.0,17.0,23.571428571428573,7.6780453861891385,26.214285714285715,8.229202890911132,25.633333333333333,7.989144934322354
2025-06-30,102,Mechanical RGB Keyboard,Electronics,42.0,89.99,10,26,0,30,6,2,0,13.0,18.0,26.0,25.0,22.571428571428573,8.618916073713306,25.142857142857142,8.925823753039806,24.933333333333334,8.14918372613467
2025-07-01,102,Mechanical RGB Keyboard,Electronics,42.0,89.99,10,15,1,1,7,3,0,26.0,12.0,23.0,17.0,23.714285714285715,8.440266301373114,25.142857142857142,8.925823753039806,24.633333333333333,7.928487847012767
2025-07-02,102,Mechanical RGB Keyboard,Electronics,42.0,89.99,10,19,2,2,7,3,0,15.0,30.0,24.0,18.0,24.142857142857142,7.798046153333744,24.571428571428573,9.320896999705598,24.566666666666666,8.002944860286172
2025-07-03,102,Mechanical RGB Keyboard,Electronics,42.0,89.99,10,22,3,3,7,3,0,19.0,25.0,20.0,12.0,22.571428571428573,7.52456295202897,24.214285714285715,9.439512466456916,24.366666666666667,8.066462427356447
2025-07-04,102,Mechanical RGB Keyboard,Electronics,42.0,89.99,10,30,4,4,7,3,0,22.0,35.0,43.0,36.0,22.142857142857142,7.4482340508465334,24.357142857142858,9.385808787387825,24.533333333333335,7.959957257437325
2025-07-05,102,Mechanical RGB Keyboard,Electronics,42.0,89.99,10,38,5,5,7,3,1,30.0,25.0,38.0,35.0,21.428571428571427,6.13343685212841,23.428571428571427,7.929635608218123,24.933333333333334,7.92174368359044
2025-07-06,102,Mechanical RGB Keyboard,Electronics,42.0,89.99,10,19,6,6,7,3,1,38.0,13.0,20.0,30.0,23.285714285714285,8.7885206512868,23.428571428571427,7.929635608218123,25.8,7.880136529536609
2025-07-07,102,Mechanical RGB Keyboard,Electronics,42.0,89.99,10,32,0,7,7,3,0,19.0,26.0,18.0,17.0,24.142857142857142,7.861903319777165,23.357142857142858,7.967309582162721,25.233333333333334,7.73118777212243
2025-07-08,102,Mechanical RGB Keyboard,Electronics,42.0,89.99,10,19,1,8,7,3,0,32.0,15.0,12.0,25.0,25.0,8.406346808612295,24.357142857142858,8.120317754839423,25.133333333333333,7.619092774907191
2025-07-09,102,Mechanical RGB Keyboard,Electronics,42.0,89.99,10,14,2,9,7,3,0,19.0,19.0,30.0,21.0,25.571428571428573,7.721337165222555,24.857142857142858,7.492120402921196,24.766666666666666,7.641462819577661
2025-07-10,102,Mechanical RGB Keyboard,Electronics,42.0,89.99,10,22,3,10,7,3,0,14.0,22.0,25.0,19.0,24.857142857142858,8.61062466623976,23.714285714285715,7.858641215772717,24.666666666666668,7.765233452685882
2025-07-11,102,Mechanical RGB Keyboard,Electronics,42.0,89.99,10,35,4,11,7,3,0,22.0,30.0,35.0,33.0,24.857142857142858,8.61062466623976,23.5,7.8617868393700565,24.566666666666666,7.780095440126074
2025-07-12,102,Mechanical RGB Keyboard,Electronics,42.0,89.99,10,39,5,12,7,3,1,35.0,38.0,25.0,28.0,25.571428571428573,9.289010404005033,23.5,7.8617868393700565,25.033333333333335,7.976185819668719
2025-07-13,102,Mechanical RGB Keyboard,Electronics,42.0,89.99,10,21,6,13,7,3,1,39.0,19.0,13.0,28.0,25.714285714285715,9.516902257112239,24.5,8.890357784614828,25.7,8.284384979149506
2025-07-14,102,Mechanical RGB Keyboard,Electronics,42.0,89.99,10,16,0,14,7,3,0,21.0,32.0,26.0,26.0,26.0,9.309493362512601,25.071428571428573,8.334029274969215,25.3,8.209120243510453
2025-07-15,102,Mechanical RGB Keyboard,Electronics,42.0,89.99,10,16,1,15,7,3,0,16.0,19.0,15.0,23.0,23.714285714285715,9.551863443229003,24.357142857142858,8.670082448877265,24.9,8.363920875629587
2025-07-16,102,Mechanical RGB Keyboard,Electronics,42.0,89.99,10,17,2,16,7,3,0,16.0,14.0,19.0,24.0,23.285714285714285,9.860937847795949,24.428571428571427,8.590820554650046,24.5,8.496449562753435
2025-07-17,102,Mechanical RGB Keyboard,Electronics,42.0,89.99,10,16,3,17,7,3,0,17.0,22.0,22.0,20.0,23.714285714285715,9.446591726019212,24.285714285714285,8.703921056526287,24.2,8.599919807164158
2025-07-18,102,Mechanical RGB Keyboard,Electronics,42.0,89.99,10,36,4,18,7,3,0,16.0,35.0,30.0,43.0,22.857142857142858,9.889869756954495,23.857142857142858,8.96881042499842,23.966666666666665,8.727615044662276
2025-07-19,102,Mechanical RGB Keyboard,Electronics,42.0,89.99,10,32,5,19,7,3,1,36.0,39.0,38.0,38.0,23.0,10.099504938362047,24.285714285714285,9.417075909289391,24.366666666666667,8.99993614281301
2025-07-20,102,Mechanical RGB Keyboard,Electronics,42.0,89.99,10,14,6,20,7,3,1,32.0,21.0,19.0,20.0,22.0,8.465616732800155,23.857142857142858,8.865292245234023,24.766666666666666,9.065597469073047
2025-07-21,102,Mechanical RGB Keyboard,Electronics,42.0,89.99,10,18,0,21,7,3,0,14.0,16.0,32.0,18.0,21.0,8.99999999999996,23.5,9.17144397657122,23.8,8.587882401263435
2025-07-22,102,Mechanical RGB Keyboard,Electronics,42.0,89.99,10,15,1,22,7,3,0,18.0,16.0,19.0,12.0,21.285714285714285,8.845230083954545,22.5,8.93351511487456,23.133333333333333,8.215768410484305
2025-07-23,102,Mechanical RGB Keyboard,Electronics,42.0,89.99,10,22,2,23,7,3,0,15.0,17.0,14.0,30.0,21.142857142857142,8.952254305081844,22.214285714285715,9.116161231812187,22.966666666666665,8.331425068867874
2025-07-24,102,Mechanical RGB Keyboard,Electronics,42.0,89.99,10,18,3,24,7,3,0,22.0,16.0,22.0,25.0,21.857142857142858,8.764104278791024,22.785714285714285,8.807152437986637,23.1,8.281054405627623
2025-07-25,102,Mechanical RGB Keyboard,Electronics,42.0,89.99,10,30,4,25,7,3,0,18.0,36.0,35.0,35.0,22.142857142857142,8.571825387640011,22.5,8.8990059946214,23.3,8.073584000968147
2025-07-26,102,Mechanical RGB Keyboard,Electronics,42.0,89.99,10,34,5,26,7,3,1,30.0,32.0,39.0,25.0,21.285714285714285,7.134757312253949,22.142857142857142,8.447640934760264,23.3,8.073584000968147
2025-07-27,102,Mechanical RGB Keyboard,Electronics,42.0,89.99,10,20,6,27,7,3,1,34.0,14.0,21.0,13.0,21.571428571428573,7.65630770143461,21.785714285714285,7.757661933941088,23.6,8.302886909652686
2025-07-28,102,Mechanical RGB Keyboard,Electronics,42.0,89.99,10,22,0,28,7,3,0,20.0,18.0,16.0,26.0,22.428571428571427,6.972736021035571,21.714285714285715,7.770046742049,23.1,8.040200718029746
2025-07-29,102,Mechanical RGB Keyboard,Electronics,42.0,89.99,10,24,1,29,7,3,0,22.0,15.0,16.0,15.0,23.0,6.708203932499322,22.142857142857142,7.594098344789167,23.0,8.03440876094378
2025-07-30,102,Mechanical RGB Keyboard,Electronics,42.0,89.99,10,21,2,30,7,3,0,24.0,22.0,17.0,19.0,24.285714285714285,5.707138387268002,22.714285714285715,7.394681783641442,23.366666666666667,7.8101760911462055
2025-07-31,102,Mechanical RGB Keyboard,Electronics,42.0,89.99,10,28,3,31,7,3,0,21.0,18.0,16.0,22.0,24.142857142857142,5.785861256216736,23.0,7.232405706795782,23.2,7.805391593701986
2025-08-01,102,Mechanical RGB Keyboard,Electronics,42.0,89.99,10,33,4,1,8,3,0,28.0,30.0,36.0,30.0,25.571428571428573,5.223572942509159,23.857142857142858,7.047718047022705,23.633333333333333,7.694527089200218
2025-08-02,102,Mechanical RGB Keyboard,Electronics,42.0,89.99,10,34,5,2,8,3,1,33.0,34.0,32.0,38.0,26.0,5.744562646537987,23.642857142857142,6.686463281047095,24.1,7.8272292186557655
2025-08-03,102,Mechanical RGB Keyboard,Electronics,42.0,89.99,10,19,6,3,8,3,1,34.0,20.0,14.0,19.0,26.0,5.744562646537987,23.785714285714285,6.896806077158755,24.5,8.020448005373254
2025-08-04,102,Mechanical RGB Keyboard,Electronics,42.0,89.99,10,24,0,4,8,3,0,19.0,22.0,18.0,32.0,25.857142857142858,5.928141120356082,24.142857142857142,6.467161342055391,24.133333333333333,8.011772946553446
2025-08-05,102,Mechanical RGB Keyboard,Electronics,42.0,89.99,10,20,1,5,8,3,0,24.0,24.0,15.0,19.0,26.142857142857142,5.756983337031355,24.571428571428573,6.222963500236409,23.666666666666668,7.5718777944003115
2025-08-06,102,Mechanical RGB Keyboard,Electronics,42.0,89.99,10,17,2,6,8,3,0,20.0,21.0,22.0,14.0,25.571428571428573,6.187545093630735,24.928571428571427,5.757460520780971,23.7,7.552802631222803
2025-08-07,102,Mechanical RGB Keyboard,Electronics,42.0,89.99,10,20,3,7,8,3,0,17.0,28.0,18.0,22.0,25.0,6.831300510639694,24.571428571428573,6.0980991453741575,23.2,7.480549491157339
2025-08-08,102,Mechanical RGB Keyboard,Electronics,42.0,89.99,10,38,4,8,8,3,0,20.0,33.0,30.0,35.0,23.857142857142858,6.914443130832971,24.714285714285715,5.954036399834091,23.233333333333334,7.463397272728678
2025-08-09,102,Mechanical RGB Keyboard,Electronics,42.0,89.99,10,32,5,9,8,3,1,38.0,34.0,34.0,39.0,24.571428571428573,8.162049229148712,25.285714285714285,6.821104934500887,24.033333333333335,7.721369064478417
2025-08-10,102,Mechanical RGB Keyboard,Electronics,42.0,89.99,10,23,6,10,8,3,1,32.0,19.0,20.0,21.0,24.285714285714285,7.804150299985346,25.142857142857142,6.643182078783327,24.366666666666667,7.845417433931923
2025-08-11,102,Mechanical RGB Keyboard,Electronics,42.0,89.99,10,18,0,11,8,3,0,23.0,24.0,22.0,16.0,24.857142857142858,7.492853738253311,25.357142857142858,6.511612619090506,23.966666666666665,7.5862095088814225
2025-08-12,102,Mechanical RGB Keyboard,Electronics,42.0,89.99,10,25,1,12,8,3,0,18.0,20.0,24.0,16.0,24.0,7.9372539331937375,25.071428571428573,6.753509466187928,23.266666666666666,7.1047984432733475
2025-08-13,102,Mechanical RGB Keyboard,Electronics,42.0,89.99,10,27,2,13,8,3,0,25.0,17.0,21.0,17.0,24.714285714285715,7.739816658342844,25.142857142857142,6.746590510508501,23.4,7.098324231574019
2025-08-14,102,Mechanical RGB Keyboard,Electronics,42.0,89.99,10,19,3,14,8,3,0,27.0,20.0,28.0,16.0,26.142857142857142,6.962484504556543,25.571428571428573,6.6530997485184376,23.766666666666666,6.986111015896898
2025-08-15,102,Mechanical RGB Keyboard,Electronics,42.0,89.99,10,32,4,15,8,3,0,19.0,38.0,33.0,36.0,26.0,7.1180521680208395,24.928571428571427,6.832774925812575,23.866666666666667,6.8919409874658575
2025-08-16,102,Mechanical RGB Keyboard,Electronics,42.0,89.99,10,32,5,16,8,3,1,32.0,32.0,34.0,32.0,25.142857142857142,5.639993245521071,24.857142857142858,6.7465905105085024,24.366666666666667,6.9206504245518605
2025-08-17,102,Mechanical RGB Keyboard,Electronics,42.0,89.99,10,20,6,17,8,3,1,32.0,23.0,19.0,14.0,25.142857142857142,5.639993245521071,24.714285714285715,6.556600566529187,24.9,6.869974652364975
2025-08-18,102,Mechanical RGB Keyboard,Electronics,42.0,89.99,10,29,0,18,8,3,0,20.0,18.0,24.0,18.0,24.714285714285715,5.936168397046593,24.785714285714285,6.494714672818087,24.366666666666667,6.5940586284473985
2025-08-19,102,Mechanical RGB Keyboard,Electronics,42.0,89.99,10,20,1,19,8,3,0,29.0,25.0,20.0,15.0,26.285714285714285,5.28249580262601,25.142857142857142,6.585031310680096,24.266666666666666,6.496329644543446
2025-08-20,102,Mechanical RGB Keyboard,Electronics,42.0,89.99,10,35,2,20,8,3,0,20.0,27.0,17.0,22.0,25.571428571428573,5.7981934789248895,25.142857142857142,6.585031310680096,24.466666666666665,6.257317555351097
2025-08-21,102,Mechanical RGB Keyboard,Electronics,42.0,89.99,10,24,3,21,8,3,0,35.0,19.0,20.0,18.0,26.714285714285715,6.824326235712071,26.428571428571427,6.6299354413179445,25.033333333333335,6.41917028333383
2025-08-22,102,Mechanical RGB Keyboard,Electronics,42.0,89.99,10,30,4,22,8,3,0,24.0,32.0,38.0,30.0,27.428571428571427,6.10620293518925,26.714285714285715,6.414269805898169,25.333333333333332,6.138253898262894
2025-08-23,102,Mechanical RGB Keyboard,Electronics,42.0,89.99,10,33,5,23,8,3,1,30.0,32.0,32.0,34.0,27.142857142857142,5.899959644736846,26.142857142857142,5.641292035001879,25.6,6.1621760598917374
2025-08-24,102,Mechanical RGB Keyboard,Electronics,42.0,89.99,10,17,6,24,8,3,1,33.0,20.0,23.0,20.0,27.285714285714285,6.047431568147597,26.214285714285715,5.7268406033958295,26.1,6.132727356371363
2025-08-25,102,Mechanical RGB Keyboard,Electronics,42.0,89.99,10,20,0,25,8,3,0,17.0,29.0,18.0,22.0,26.857142857142858,6.718843437888448,25.785714285714285,6.191539779018194,25.666666666666668,6.304532213953786
2025-08-26,102,Mechanical RGB Keyboard,Electronics,42.0,89.99,10,20,1,26,8,3,0,20.0,20.0,25.0,24.0,25.571428571428573,7.09124208342331,25.928571428571427,6.018743616841853,25.2,6.183403816557678
2025-08-27,102,Mechanical RGB Keyboard,Electronics,42.0,89.99,10,25,2,27,8,3,0,20.0,35.0,27.0,21.0,25.571428571428573,7.09124208342331,25.571428571428573,6.222963500236407,25.2,6.183403816557678
2025-08-28,102,Mechanical RGB Keyboard,Electronics,42.0,89.99,10,25,3,28,8,3,0,25.0,24.0,19.0,28.0,24.142857142857142,5.756983337031349,25.428571428571427,6.210590034081175,25.3,6.154056694011099
2025-08-29,102,Mechanical RGB Keyboard,Electronics,42.0,89.99,10,27,4,29,8,3,0,25.0,30.0,32.0,33.0,24.285714285714285,5.765248931147266,25.857142857142858,5.933699622393354,25.333333333333332,6.149478998583731
2025-08-30,102,Mechanical RGB Keyboard,Electronics,42.0,89.99,10,32,5,30,8,3,1,27.0,33.0,32.0,34.0,23.857142857142858,5.367450401216881,25.5,5.680601268284071,25.533333333333335,6.101064538729821
2025-08-31,102,Mechanical RGB Keyboard,Electronics,42.0,89.99,10,26,6,31,8,3,1,32.0,17.0,20.0,19.0,23.714285714285715,5.08967208224276,25.5,5.680601268284071,25.666666666666668,6.199740446921534
2025-09-01,102,Mechanical RGB Keyboard,Electronics,42.0,89.99,10,22,0,1,9,3,0,26.0,20.0,29.0,24.0,25.0,4.163331998932202,25.928571428571427,5.4556151132329775,25.433333333333334,6.043995785692662
2025-09-02,102,Mechanical RGB Keyboard,Electronics,42.0,89.99,10,26,1,2,9,3,0,22.0,20.0,20.0,20.0,25.285714285714285,3.8172540616820414,25.428571428571427,5.473211484680981,25.033333333333335,5.851515178571856
2025-09-03,102,Mechanical RGB Keyboard,Electronics,42.0,89.99,10,26,2,3,9,3,0,26.0,25.0,35.0,17.0,26.142857142857142,3.023715784073733,25.857142857142858,5.245615647041188,25.266666666666666,5.7411601214588375
2025-09-04,102,Mechanical RGB Keyboard,Electronics,42.0,89.99,10,26,3,4,9,3,0,26.0,25.0,24.0,20.0,26.285714285714285,2.984084768360543,25.214285714285715,4.543441112511197,25.333333333333332,5.737555248525668
2025-09-05,102,Mechanical RGB Keyboard,Electronics,42.0,89.99,10,25,4,5,9,3,0,26.0,27.0,30.0,38.0,26.428571428571427,2.935821455580552,25.357142857142858,4.533756175065538,25.533333333333335,5.649127691791037
2025-09-06,102,Mechanical RGB Keyboard,Electronics,42.0,89.99,10,35,5,6,9,3,1,25.0,32.0,33.0,32.0,26.142857142857142,2.9680841985232322,25.0,4.332347027793436,25.8,5.4164500398768745
2025-09-07,102,Mechanical RGB Keyboard,Electronics,42.0,89.99,10,17,6,7,9,3,1,35.0,26.0,17.0,23.0,26.571428571428573,3.9940431835898385,25.142857142857142,4.6385863704886825,26.3,5.553191067708931
2025-09-08,102,Mechanical RGB Keyboard,Electronics,42.0,89.99,10,29,0,8,9,3,0,17.0,22.0,20.0,18.0,25.285714285714285,5.407226205559991,25.142857142857142,4.6385863704886825,25.6,5.347251952945109
2025-09-09,102,Mechanical RGB Keyboard,Electronics,42.0,89.99,10,23,1,9,9,3,0,29.0,26.0,20.0,25.0,26.285714285714285,5.34522483824844,25.785714285714285,4.492362260695202,25.5,5.250615727440048
2025-09-10,102,Mechanical RGB Keyboard,Electronics,42.0,89.99,10,29,2,10,9,3,0,23.0,26.0,25.0,27.0,25.857142857142858,5.49025110016442,26.0,4.2607330535772805,25.5,5.250615727440048
2025-09-11,102,Mechanical RGB Keyboard,Electronics,42.0,89.99,10,24,3,11,9,3,0,29.0,26.0,25.0,19.0,26.285714285714285,5.618845839799136,26.285714285714285,4.322189107537811,25.866666666666667,5.090446314240075
2025-09-12,102,Mechanical RGB Keyboard,Electronics,42.0,89.99,10,32,4,12,9,3,0,24.0,25.0,27.0,32.0,26.0,5.6862407030772815,26.214285714285715,4.3532228808722016,25.833333333333332,5.09958303456628
2025-09-13,102,Mechanical RGB Keyboard,Electronics,42.0,89.99,10,29,5,13,9,3,1,32.0,35.0,32.0,32.0,27.0,6.08276253029818,26.571428571428573,4.619595148999439,26.0,5.21932747682537
2025-09-14,102,Mechanical RGB Keyboard,Electronics,42.0,89.99,10,19,6,14,9,3,1,29.0,17.0,26.0,20.0,26.142857142857142,5.11300861947803,26.357142857142858,4.413391210624976,26.333333333333332,5.0741626340492
2025-09-15,102,Mechanical RGB Keyboard,Electronics,42.0,89.99,10,17,0,15,9,3,0,19.0,29.0,22.0,29.0,26.428571428571427,4.54082014828237,25.857142857142858,4.833491218843497,25.9,5.1283525619831805
2025-09-16,102,Mechanical RGB Keyboard,Electronics,42.0,89.99,10,29,1,16,9,3,0,17.0,23.0,26.0,20.0,24.714285714285715,5.559205150447441,25.5,5.302394234247814,25.4,5.243057807464379
2025-09-17,102,Mechanical RGB Keyboard,Electronics,42.0,89.99,10,17,2,17,9,3,0,29.0,29.0,26.0,35.0,25.571428571428573,5.711308748355941,25.714285714285715,5.384144406403938,25.7,5.180533856127396
2025-09-18,102,Mechanical RGB Keyboard,Electronics,42.0,89.99,10,25,3,18,9,3,0,17.0,24.0,26.0,24.0,23.857142857142858,6.28300807545159,25.071428571428573,5.86337111899978,25.3,5.376513419654368
2025-09-19,102,Mechanical RGB Keyboard,Electronics,42.0,89.99,10,39,4,19,9,3,0,25.0,32.0,25.0,30.0,24.0,6.298147875897015,25.0,5.857276867938903,25.466666666666665,5.283241777371193
2025-09-20,102,Mechanical RGB Keyboard,Electronics,42.0,89.99,10,38,5,20,9,3,1,39.0,29.0,35.0,33.0,25.0,8.082903768654727,26.0,6.9503735372778435,25.6,5.5745728149307485
2025-09-21,102,Mechanical RGB Keyboard,Electronics,42.0,89.99,10,25,6,21,9,3,1,38.0,19.0,17.0,17.0,26.285714285714285,9.42893217203101,26.214285714285715,7.287276281601749,26.066666666666666,6.005361589121128
2025-09-22,102,Mechanical RGB Keyboard,Electronics,42.0,89.99,10,31,0,22,9,3,0,25.0,17.0,29.0,20.0,27.142857142857142,8.914941978285109,26.785714285714285,6.806993817770413,25.9,5.961659107190236
2025-09-23,102,Mechanical RGB Keyboard,Electronics,42.0,89.99,10,19,1,23,9,3,0,31.0,29.0,23.0,20.0,29.142857142857142,7.755182598937096,26.928571428571427,6.877659325831542,25.833333333333332,5.890280324301215
2025-09-24,102,Mechanical RGB Keyboard,Electronics,42.0,89.99,10,17,2,24,9,3,0,19.0,17.0,29.0,25.0,27.714285714285715,8.65475371716385,26.642857142857142,7.131804635759251,25.9,5.797442955957883
2025-09-25,102,Mechanical RGB Keyboard,Electronics,42.0,89.99,10,18,3,25,9,3,0,17.0,25.0,24.0,25.0,27.714285714285715,8.65475371716385,25.785714285714285,7.536358755838466,25.8,5.927143872284362
2025-09-26,102,Mechanical RGB Keyboard,Electronics,42.0,89.99,10,29,4,26,9,3,0,18.0,39.0,32.0,27.0,26.714285714285715,9.39351346611558,25.357142857142858,7.811304853638946,25.733333333333334,6.005361589121124
2025-09-27,102,Mechanical RGB Keyboard,Electronics,42.0,89.99,10,38,5,27,9,3,1,29.0,38.0,29.0,32.0,25.285714285714285,7.846746368491085,25.142857142857142,7.6546330149398045,25.866666666666667,6.032860208794005
2025-09-28,102,Mechanical RGB Keyboard,Electronics,42.0,89.99,10,14,6,28,9,3,1,38.0,25.0,19.0,26.0,25.285714285714285,7.846746368491085,25.785714285714285,8.349837137320705,26.3,6.422750511885896
2025-09-29,102,Mechanical RGB Keyboard,Electronics,42.0,89.99,10,20,0,29,9,3,0,14.0,31.0,17.0,22.0,23.714285714285715,8.93894635316497,25.428571428571427,8.759296474333688,25.866666666666667,6.801284530466821
2025-09-30,102,Mechanical RGB Keyboard,Electronics,42.0,89.99,10,18,1,30,9,3,0,20.0,19.0,29.0,26.0,22.142857142857142,8.39500985563387,25.642857142857142,8.571932219635302,25.466666666666665,6.7809740594845005
2025-10-01,102,Mechanical RGB Keyboard,Electronics,42.0,89.99,10,19,2,1,10,4,0,18.0,17.0,17.0,26.0,22.0,8.465616732800157,24.857142857142858,8.742972059863872,25.2,6.91525051282828
2025-10-02,102,Mechanical RGB Keyboard,Electronics,42.0,89.99,10,29,3,2,10,4,0,19.0,18.0,25.0,26.0,22.285714285714285,8.300889223737494,25.0,8.62019096700834,25.1,6.984465521476143
2025-10-03,102,Mechanical RGB Keyboard,Electronics,42.0,89.99,10,28,4,3,10,4,0,29.0,29.0,39.0,25.0,23.857142857142858,8.395009855633873,25.285714285714285,8.686227573034758,25.2,7.019185530903194
2025-10-04,102,Mechanical RGB Keyboard,Electronics,42.0,89.99,10,22,5,4,10,4,1,28.0,38.0,38.0,35.0,23.714285714285715,8.300889223737498,24.5,7.8028594364255515,25.266666666666666,7.036522129444368
2025-10-05,102,Mechanical RGB Keyboard,Electronics,42.0,89.99,10,18,6,5,10,4,1,22.0,14.0,25.0,17.0,21.428571428571427,5.4116276928215985,23.357142857142858,6.77787285507484,25.133333333333333,7.060005535473673
2025-10-06,102,Mechanical RGB Keyboard,Electronics,42.0,89.99,10,21,0,6,10,4,0,18.0,20.0,31.0,29.0,22.0,4.654746681256244,22.857142857142858,6.904370331198175,24.9,7.179232501482603
2025-10-07,102,Mechanical RGB Keyboard,Electronics,42.0,89.99,10,26,1,7,10,4,0,21.0,18.0,19.0,23.0,22.142857142857142,4.598136268408809,22.142857142857142,6.502746672423448,24.433333333333334,6.951473836946119
2025-10-08,102,Mechanical RGB Keyboard,Electronics,42.0,89.99,10,19,2,8,10,4,0,26.0,19.0,17.0,29.0,23.285714285714285,4.386125310350198,22.642857142857142,6.5116126190905135,24.733333333333334,6.812429478702746
2025-10-09,102,Mechanical RGB Keyboard,Electronics,42.0,89.99,10,18,3,9,10,4,0,19.0,29.0,18.0,24.0,23.285714285714285,4.386125310350198,22.785714285714285,6.3992616332315535,24.4,6.841052550594775
2025-10-10,102,Mechanical RGB Keyboard,Electronics,42.0,89.99,10,38,4,10,10,4,0,18.0,28.0,29.0,32.0,21.714285714285715,3.9460649476950973,22.785714285714285,6.3992616332315535,24.233333333333334,6.9365763856546865
2025-10-11,102,Mechanical RGB Keyboard,Electronics,42.0,89.99,10,38,5,11,10,4,1,38.0,22.0,38.0,29.0,23.142857142857142,7.128079952520396,23.428571428571427,7.439130281199492,24.533333333333335,7.333124343939454
2025-10-12,102,Mechanical RGB Keyboard,Electronics,42.0,89.99,10,27,6,12,10,4,1,38.0,18.0,14.0,19.0,25.428571428571427,9.015859043136915,23.428571428571427,7.439130281199492,25.0,7.732600044504772
2025-10-13,102,Mechanical RGB Keyboard,Electronics,42.0,89.99,10,23,0,13,10,4,0,27.0,21.0,20.0,17.0,26.714285714285715,8.400680244565198,24.357142857142858,6.968137847010843,24.833333333333332,7.629721074728764
2025-10-14,102,Mechanical RGB Keyboard,Electronics,42.0,89.99,10,28,1,14,10,4,0,23.0,26.0,18.0,29.0,27.0,8.205689083394079,24.571428571428573,6.869265840452897,24.633333333333333,7.595294974332842
2025-10-15,102,Mechanical RGB Keyboard,Electronics,42.0,89.99,10,26,2,15,10,4,0,28.0,19.0,19.0,17.0,27.285714285714285,8.199883855158845,25.285714285714285,6.649795502102305,24.933333333333334,7.5426755215233685
2025-10-16,102,Mechanical RGB Keyboard,Electronics,42.0,89.99,10,25,3,16,10,4,0,26.0,18.0,29.0,25.0,28.285714285714285,7.409774753982835,25.785714285714285,6.399261633231545,25.233333333333334,7.393768734005236
2025-10-17,102,Mechanical RGB Keyboard,Electronics,42.0,89.99,10,28,4,17,10,4,0,25.0,38.0,28.0,39.0,29.285714285714285,6.1566843271976675,25.5,6.3336707062638204,25.1,7.3594883630261
2025-10-18,102,Mechanical RGB Keyboard,Electronics,42.0,89.99,10,30,5,18,10,4,1,28.0,38.0,22.0,38.0,27.857142857142858,4.810702354423584,25.5,6.3336707062638204,25.466666666666665,7.214608424068701
2025-10-19,102,Mechanical RGB Keyboard,Electronics,42.0,89.99,10,27,6,19,10,4,1,30.0,27.0,18.0,25.0,26.714285714285715,2.2886885410851967,26.071428571428573,6.3544567729366666,25.633333333333333,7.261059737100813
2025-10-20,102,Mechanical RGB Keyboard,Electronics,42.0,89.99,10,23,0,20,10,4,0,27.0,23.0,21.0,31.0,26.714285714285715,2.2886885410851967,26.714285714285715,5.915150969249286,25.233333333333334,6.816224727826192
2025-10-21,102,Mechanical RGB Keyboard,Electronics,42.0,89.99,10,21,1,21,10,4,0,23.0,28.0,26.0,19.0,26.714285714285715,2.2886885410851967,26.857142857142858,5.789342235218375,24.733333333333334,6.3838877644038385
2025-10-22,102,Mechanical RGB Keyboard,Electronics,42.0,89.99,10,25,2,22,10,4,0,21.0,26.0,19.0,17.0,25.714285714285715,3.039423504234753,26.5,5.996794015266678,24.6,6.419796967463034
2025-10-23,102,Mechanical RGB Keyboard,Electronics,42.0,89.99,10,32,3,23,10,4,0,25.0,25.0,18.0,18.0,25.571428571428573,3.0472470011001254,26.928571428571427,5.622267345999289,24.4,6.305990583673478
2025-10-24,102,Mechanical RGB Keyboard,Electronics,42.0,89.99,10,33,4,24,10,4,0,32.0,28.0,38.0,29.0,26.571428571428573,3.86683086679265,27.928571428571427,5.13606083288746,24.833333333333332,6.3684747989112065
2025-10-25,102,Mechanical RGB Keyboard,Electronics,42.0,89.99,10,37,5,25,10,4,1,33.0,30.0,38.0,38.0,27.285714285714285,4.572172558506663,27.571428571428573,4.518581903383203,25.366666666666667,6.3598055345097615
2025-10-26,102,Mechanical RGB Keyboard,Electronics,42.0,89.99,10,19,6,26,10,4,1,37.0,27.0,27.0,14.0,28.285714285714285,5.851332774513404,27.5,4.345643264767041,26.0,6.5442788912832865
2025-10-27,102,Mechanical RGB Keyboard,Electronics,42.0,89.99,10,24,0,27,10,4,0,19.0,23.0,23.0,20.0,27.142857142857142,6.841748592978498,26.928571428571427,4.906264217449805,25.666666666666668,6.640177258401159
2025-10-28,102,Mechanical RGB Keyboard,Electronics,42.0,89.99,10,17,1,28,10,4,0,24.0,21.0,28.0,18.0,27.285714285714285,6.750661343263195,27.0,4.851645240375817,25.2,6.222318006925531
2025-10-29,102,Mechanical RGB Keyboard,Electronics,42.0,89.99,10,21,2,29,10,4,0,17.0,25.0,26.0,19.0,26.714285714285715,7.4992063072097634,26.214285714285715,5.521685520654974,25.3,6.058052492344332
2025-10-30,102,Mechanical RGB Keyboard,Electronics,42.0,89.99,10,27,3,30,10,4,0,21.0,32.0,25.0,29.0,26.142857142857142,7.798046153333748,25.857142857142858,5.6955737585918635,25.333333333333332,6.030573446360918
2025-10-31,102,Mechanical RGB Keyboard,Electronics,42.0,89.99,10,35,4,31,10,4,0,27.0,33.0,28.0,28.0,25.428571428571427,7.390470053998396,26.0,5.697502826812661,25.633333333333333,5.875039740633454
2025-11-01,102,Mechanical RGB Keyboard,Electronics,42.0,89.99,10,68,5,1,11,4,1,35.0,37.0,30.0,22.0,25.714285714285715,7.7613204571190515,26.5,6.1737658374272995,26.166666666666668,5.977448038876686
2025-11-02,102,Mechanical RGB Keyboard,Electronics,42.0,89.99,10,33,6,2,11,4,1,68.0,19.0,27.0,18.0,30.142857142857142,17.724075635780185,29.214285714285715,12.716909224327265,27.466666666666665,9.697967555763595
2025-11-03,102,Mechanical RGB Keyboard,Electronics,42.0,89.99,10,26,0,3,11,4,0,33.0,24.0,23.0,21.0,32.142857142857146,17.033580279637537,29.642857142857142,12.737631363297195,27.633333333333333,9.750272616288925
2025-11-04,102,Mechanical RGB Keyboard,Electronics,42.0,89.99,10,35,1,4,11,4,0,26.0,17.0,21.0,26.0,32.42857142857143,16.89040302318787,29.857142857142858,12.642158669474746,27.766666666666666,9.697789770704523
2025-11-05,102,Mechanical RGB Keyboard,Electronics,42.0,89.99,10,31,2,5,11,4,0,35.0,21.0,25.0,19.0,35.0,15.459624833740296,30.857142857142858,12.439744882723776,28.333333333333332,9.603639156979558
2025-11-06,102,Mechanical RGB Keyboard,Electronics,42.0,89.99,10,24,3,6,11,4,0,31.0,27.0,32.0,18.0,36.42857142857143,14.374249462808393,31.285714285714285,12.325262184314276,28.666666666666668,9.513450852684139
2025-11-07,102,Mechanical RGB Keyboard,Electronics,42.0,89.99,10,53,4,7,11,4,0,24.0,35.0,33.0,38.0,36.0,14.742229591663978,30.714285714285715,12.47414909340093,28.6,9.53975348485085
2025-11-08,102,Mechanical RGB Keyboard,Electronics,42.0,89.99,10,43,5,8,11,4,1,53.0,68.0,37.0,38.0,38.57142857142857,16.050515493872698,32.142857142857146,13.82782669868229,29.733333333333334,10.345524880713942
2025-11-09,102,Mechanical RGB Keyboard,Electronics,42.0,89.99,10,29,6,9,11,4,1,43.0,33.0,19.0,27.0,35.0,10.082988974836102,32.57142857142857,14.080615620907198,30.566666666666666,10.374648588426183
2025-11-10,102,Mechanical RGB Keyboard,Electronics,42.0,89.99,10,42,0,10,11,4,0,29.0,26.0,24.0,23.0,34.42857142857143,10.32564998530588,33.285714285714285,13.584088947274752,30.266666666666666,10.282000789237719
2025-11-11,102,Mechanical RGB Keyboard,Electronics,42.0,89.99,10,40,1,11,11,4,0,42.0,35.0,17.0,28.0,36.714285714285715,9.911513266807194,34.57142857142857,13.48910834547797,30.4,10.41086965130924
2025-11-12,102,Mechanical RGB Keyboard,Electronics,42.0,89.99,10,30,2,12,11,4,0,40.0,31.0,21.0,26.0,37.42857142857143,9.947481136065589,36.214285714285715,12.552526999211494,30.833333333333332,10.534289931828162
2025-11-13,102,Mechanical RGB Keyboard,Electronics,42.0,89.99,10,24,3,13,11,4,0,30.0,24.0,27.0,25.0,37.285714285714285,10.06171432898465,36.857142857142854,11.928357568656036,31.066666666666666,10.431825751312532
2025-11-14,102,Mechanical RGB Keyboard,Electronics,42.0,89.99,10,37,4,14,11,4,0,24.0,53.0,35.0,28.0,37.285714285714285,10.06171432898465,36.642857142857146,12.144052946937501,30.933333333333334,10.4977282709439
2025-11-15,102,Mechanical RGB Keyboard,Electronics,42.0,89.99,10,44,5,15,11,4,1,37.0,43.0,68.0,30.0,35.0,7.348469228349515,36.785714285714285,12.135000690491996,31.3,10.5115699801826
2025-11-16,102,Mechanical RGB Keyboard,Electronics,42.0,89.99,10,29,6,16,11,4,1,44.0,29.0,33.0,27.0,35.142857142857146,7.537209285241025,35.07142857142857,8.552680962619332,31.933333333333334,10.689773822107572
2025-11-17,102,Mechanical RGB Keyboard,Electronics,42.0,89.99,10,27,0,17,11,4,0,29.0,42.0,26.0,23.0,35.142857142857146,7.537209285241025,34.785714285714285,8.692866849660907,31.966666666666665,10.67863911429418
2025-11-18,102,Mechanical RGB Keyboard,Electronics,42.0,89.99,10,29,1,18,11,4,0,27.0,40.0,35.0,21.0,33.0,7.393691004272921,34.857142857142854,8.618916073713317,31.866666666666667,10.711686603194554
2025-11-19,102,Mechanical RGB Keyboard,Electronics,42.0,89.99,10,30,2,19,11,4,0,29.0,30.0,31.0,25.0,31.428571428571427,6.8033605141660605,34.42857142857143,8.759296474333668,31.933333333333334,10.686547564605462
2025-11-20,102,Mechanical RGB Keyboard,Electronics,42.0,89.99,10,28,3,20,11,4,0,30.0,24.0,24.0,32.0,31.428571428571427,6.8033605141660605,34.357142857142854,8.793416618367136,32.166666666666664,10.560444522166073
2025-11-21,102,Mechanical RGB Keyboard,Electronics,42.0,89.99,10,45,4,21,11,4,0,28.0,37.0,53.0,33.0,32.0,6.218252702059179,34.642857142857146,8.490783626580416,32.4,10.381017158322184
2025-11-22,102,Mechanical RGB Keyboard,Electronics,42.0,89.99,10,54,5,22,11,4,1,45.0,44.0,43.0,37.0,33.142857142857146,7.8193898190879825,34.07142857142857,7.353327720932072,33.06666666666667,10.530524869302045
2025-11-23,102,Mechanical RGB Keyboard,Electronics,42.0,89.99,10,28,6,23,11,4,1,54.0,29.0,29.0,19.0,34.57142857142857,10.564991605252098,34.857142857142854,8.82180116666519,33.8,11.198522069975331
2025-11-24,102,Mechanical RGB Keyboard,Electronics,42.0,89.99,10,26,0,24,11,4,0,28.0,27.0,42.0,24.0,34.42857142857143,10.65922359363229,34.785714285714285,8.87675071727841,33.63333333333333,11.247937231067011
2025-11-25,102,Mechanical RGB Keyboard,Electronics,42.0,89.99,10,41,1,25,11,4,0,26.0,29.0,40.0,17.0,34.285714285714285,10.781377242175273,33.642857142857146,8.906412062338871,33.266666666666666,11.313505305556319
2025-11-26,102,Mechanical RGB Keyboard,Electronics,42.0,89.99,10,24,2,26,11,4,0,41.0,30.0,30.0,21.0,36.0,10.75484386993444,33.714285714285715,8.965133929486267,34.0,11.067192897057959
2025-11-27,102,Mechanical RGB Keyboard,Electronics,42.0,89.99,10,30,3,27,11,4,0,24.0,28.0,24.0,27.0,35.142857142857146,11.524301445620186,33.285714285714285,9.293741247400098,34.0,11.067192897057959
2025-11-28,102,Mechanical RGB Keyboard,Electronics,42.0,89.99,10,57,4,28,11,4,0,30.0,45.0,37.0,35.0,35.42857142857143,11.341033798514461,33.714285714285715,8.965133929486267,34.43333333333333,10.624251156842947
2025-11-29,102,Mechanical RGB Keyboard,Electronics,42.0,89.99,10,52,5,29,11,4,1,57.0,54.0,44.0,68.0,37.142857142857146,13.692194509142434,35.142857142857146,10.911230226465964,35.63333333333333,11.078040824340185
2025-11-30,102,Mechanical RGB Keyboard,Electronics,42.0,89.99,10,26,6,30,11,4,1,52.0,28.0,29.0,33.0,36.857142857142854,13.29697423512295,35.714285714285715,11.598597869030202,36.46666666666667,11.343335680822321
2025-12-01,102,Mechanical RGB Keyboard,Electronics,42.0,89.99,10,29,0,1,12,4,0,26.0,26.0,27.0,26.0,36.57142857142857,13.538305443655569,35.5,11.758793763359837,36.166666666666664,11.501374230734474
2025-12-02,102,Mechanical RGB Keyboard,Electronics,42.0,89.99,10,24,1,2,12,4,0,29.0,41.0,29.0,35.0,37.0,13.190905958272909,35.642857142857146,11.65931217694937,34.86666666666667,9.86716370292043
2025-12-03,102,Mechanical RGB Keyboard,Electronics,42.0,89.99,10,30,2,3,12,4,0,24.0,24.0,30.0,31.0,34.57142857142857,13.87872644081752,35.285714285714285,11.951366651356835,34.56666666666667,10.060792226752602
2025-12-04,102,Mechanical RGB Keyboard,Electronics,42.0,89.99,10,21,3,4,12,4,0,30.0,30.0,28.0,24.0,35.42857142857143,13.289809916588249,35.285714285714285,11.951366651356835,34.7,9.9694360508714
2025-12-05,102,Mechanical RGB Keyboard,Electronics,42.0,89.99,10,49,4,5,12,4,0,21.0,57.0,45.0,53.0,34.142857142857146,14.299517141364955,34.785714285714285,12.416977034742319,34.233333333333334,10.27780780776396
2025-12-06,102,Mechanical RGB Keyboard,Electronics,42.0,89.99,10,52,5,6,12,4,1,49.0,52.0,54.0,43.0,33.0,12.35583532856708,35.07142857142857,12.712587860459001,34.833333333333336,10.602808129447858
2025-12-07,102,Mechanical RGB Keyboard,Electronics,42.0,89.99,10,30,6,7,12,4,1,52.0,26.0,28.0,29.0,33.0,12.35583532856708,34.92857142857143,12.492855100873781,35.766666666666666,10.845890158642304
2025-12-08,102,Mechanical RGB Keyboard,Electronics,42.0,89.99,10,42,0,8,12,4,0,30.0,29.0,26.0,42.0,33.57142857142857,12.067271755415444,35.07142857142857,12.4187469064022,35.0,10.388986210538505
2025-12-09,102,Mechanical RGB Keyboard,Electronics,42.0,89.99,10,28,1,9,12,4,0,42.0,24.0,41.0,40.0,35.42857142857143,12.245504520124138,36.214285714285715,12.254848782474557,34.96666666666667,10.364007124571147
2025-12-10,102,Mechanical RGB Keyboard,Electronics,42.0,89.99,10,38,2,10,12,4,0,28.0,30.0,24.0,30.0,36.0,11.704699910719615,35.285714285714285,12.356428233163422,34.93333333333333,10.385445164477467
2025-12-11,102,Mechanical RGB Keyboard,Electronics,42.0,89.99,10,33,3,11,12,4,0,38.0,21.0,30.0,24.0,37.142857142857146,11.408017231002807,36.285714285714285,11.932042003514145,34.8,10.317043147643872
2025-12-12,102,Mechanical RGB Keyboard,Electronics,42.0,89.99,10,47,4,12,12,4,0,33.0,49.0,57.0,37.0,38.857142857142854,9.281317640446154,36.5,11.837034451896473,34.56666666666667,10.27445219055948
2025-12-13,102,Mechanical RGB Keyboard,Electronics,42.0,89.99,10,48,5,13,12,4,1,47.0,52.0,52.0,44.0,38.57142857142857,8.941609528064886,35.785714285714285,10.757312871706375,35.13333333333333,10.480633480898002
2025-12-14,102,Mechanical RGB Keyboard,Electronics,42.0,89.99,10,33,6,14,12,4,1,48.0,30.0,26.0,29.0,38.0,8.020806277010632,35.5,10.33850160248645,35.93333333333333,10.517418502371374
2025-12-15,102,Mechanical RGB Keyboard,Electronics,42.0,89.99,10,26,0,15,12,4,0,33.0,42.0,29.0,27.0,38.42857142857143,7.590721152765885,36.0,10.007689351386043,35.8,10.52877829635489
2025-12-16,102,Mechanical RGB Keyboard,Electronics,42.0,89.99,10,47,1,16,12,4,0,26.0,28.0,24.0,29.0,36.142857142857146,8.668497975016026,35.785714285714285,10.199385889722576,35.2,10.558213014945576
2025-12-17,102,Mechanical RGB Keyboard,Electronics,42.0,89.99,10,35,2,17,12,4,0,47.0,38.0,30.0,30.0,38.857142857142854,8.668497975016027,37.42857142857143,10.00549299684376,35.8,10.704172567033302
2025-12-18,102,Mechanical RGB Keyboard,Electronics,42.0,89.99,10,33,3,18,12,4,0,35.0,33.0,21.0,28.0,38.42857142857143,8.79122939558024,37.785714285714285,9.807207486400912,36.06666666666667,10.576269250750405
2025-12-19,102,Mechanical RGB Keyboard,Electronics,42.0,89.99,10,44,4,19,12,4,0,33.0,47.0,49.0,45.0,38.42857142857143,8.79122939558024,38.642857142857146,8.687808813390253,36.2,10.50910934905264
2025-12-20,102,Mechanical RGB Keyboard,Electronics,42.0,89.99,10,48,5,20,12,4,1,44.0,48.0,52.0,54.0,38.0,8.366600265340745,38.285714285714285,8.324464144718428,36.666666666666664,10.535108245629338
2025-12-21,102,Mechanical RGB Keyboard,Electronics,42.0,89.99,10,26,6,21,12,4,1,48.0,33.0,30.0,28.0,38.0,8.366600265340745,38.0,7.874007874011773,37.333333333333336,10.600368677171325
2025-12-22,102,Mechanical RGB Keyboard,Electronics,42.0,89.99,10,28,0,22,12,4,0,26.0,26.0,42.0,26.0,37.0,9.416297927883681,37.714285714285715,8.250208122582938,36.7,10.693697789529773
2025-12-23,102,Mechanical RGB Keyboard,Electronics,42.0,89.99,10,28,1,23,12,4,0,28.0,47.0,28.0,41.0,37.285714285714285,9.050124966251115,36.714285714285715,8.534352045419986,35.833333333333336,10.28920872039997
2025-12-24,102,Mechanical RGB Keyboard,Electronics,42.0,89.99,10,40,2,24,12,4,0,28.0,35.0,38.0,24.0,34.57142857142857,8.482474930843049,36.714285714285715,8.534352045419986,35.833333333333336,10.28920872039997
2025-12-25,102,Mechanical RGB Keyboard,Electronics,42.0,89.99,10,35,3,25,12,4,0,40.0,33.0,33.0,30.0,35.285714285714285,8.731442906993955,36.857142857142854,8.574175384051983,36.3,10.144303650410162
2025-12-26,102,Mechanical RGB Keyboard,Electronics,42.0,89.99,10,48,4,26,12,4,0,35.0,44.0,47.0,57.0,35.57142857142857,8.67673407946297,37.0,8.52146610715457,36.1,10.107525363090513
2025-12-27,102,Mechanical RGB Keyboard,Electronics,42.0,89.99,10,48,5,27,12,4,1,48.0,48.0,48.0,52.0,36.142857142857146,9.423880506963341,37.07142857142857,8.61540914439205,36.9,10.066503005444421
2025-12-28,102,Mechanical RGB Keyboard,Electronics,42.0,89.99,10,35,6,28,12,4,1,48.0,26.0,33.0,26.0,36.142857142857146,9.423880506963341,37.07142857142857,8.61540914439205,37.5,10.176883880503027
2025-12-29,102,Mechanical RGB Keyboard,Electronics,42.0,89.99,10,39,0,29,12,4,0,35.0,28.0,26.0,29.0,37.42857142857143,8.363753998796282,37.214285714285715,8.559102859426401,36.766666666666666,9.49294959188259
2025-12-30,102,Mechanical RGB Keyboard,Electronics,42.0,89.99,10,37,1,30,12,4,0,39.0,28.0,47.0,24.0,39.0,7.257180352359072,38.142857142857146,7.931021302524554,36.333333333333336,9.06046102706641
2024-01-31,103,Braided USB-C Cable (6ft),Accessories,2.1,11.99,5,74,2,31,1,1,0,50.0,57.0,66.0,73.0,77.71428571428571,22.16389169884421,76.0,21.397339877801485,74.76666666666667,17.943749912421882
2024-02-01,103,Braided USB-C Cable (6ft),Accessories,2.1,11.99,5,73,3,1,2,1,0,74.0,73.0,47.0,71.0,80.14285714285714,20.3750547764382,76.57142857142857,21.215793412217465,75.3,17.66381456049588
2024-02-02,103,Braided USB-C Cable (6ft),Accessories,2.1,11.99,5,94,4,2,2,1,0,73.0,106.0,100.0,96.0,80.14285714285714,20.3750547764382,78.42857142857143,19.49640710771834,75.76666666666667,17.401314522944435
2024-02-03,103,Braided USB-C Cable (6ft),Accessories,2.1,11.99,5,117,5,3,2,1,1,94.0,107.0,109.0,82.0,78.42857142857143,18.228705776486553,78.0,19.046501798735402,76.46666666666667,17.70589875083196
2024-02-04,103,Braided USB-C Cable (6ft),Accessories,2.1,11.99,5,68,6,4,2,1,1,117.0,70.0,59.0,79.0,79.85714285714286,21.019265539250505,78.57142857142857,20.136894137242358,78.0,19.14914241349763
2024-02-05,103,Braided USB-C Cable (6ft),Accessories,2.1,11.99,5,61,0,5,2,1,0,68.0,81.0,71.0,60.0,79.57142857142857,21.18849642972292,79.21428571428571,19.60054383636635,77.06666666666666,18.922588824367875
2024-02-06,103,Braided USB-C Cable (6ft),Accessories,2.1,11.99,5,83,1,6,2,1,0,61.0,50.0,68.0,59.0,76.71428571428571,22.283882708617647,78.5,20.098794452940172,76.36666666666666,19.12118040890481
2024-02-07,103,Braided USB-C Cable (6ft),Accessories,2.1,11.99,5,72,2,7,2,1,0,83.0,74.0,57.0,64.0,81.42857142857143,18.928436657202155,79.57142857142857,19.894778154133764,76.5,19.15409382729519
2024-02-08,103,Braided USB-C Cable (6ft),Accessories,2.1,11.99,5,71,3,8,2,1,0,72.0,73.0,73.0,72.0,81.14285714285714,19.073791542572856,80.64285714285714,18.96801819605081,76.9,18.9215257823209
2024-02-09,103,Braided USB-C Cable (6ft),Accessories,2.1,11.99,5,94,4,9,2,1,0,71.0,94.0,106.0,97.0,80.85714285714286,19.230432231479455,80.5,19.03741255851428,77.3,18.65503537460024
2024-02-10,103,Braided USB-C Cable (6ft),Accessories,2.1,11.99,5,97,5,10,2,1,1,94.0,117.0,107.0,106.0,80.85714285714286,19.230432231479455,79.64285714285714,18.045272736422366,78.3,18.72146103936004
2024-02-11,103,Braided USB-C Cable (6ft),Accessories,2.1,11.99,5,62,6,11,2,1,1,97.0,68.0,70.0,74.0,78.0,13.638181696985859,78.92857142857143,17.049539969946796,79.13333333333334,18.985899183765095
2024-02-12,103,Braided USB-C Cable (6ft),Accessories,2.1,11.99,5,82,0,12,2,1,0,62.0,61.0,81.0,61.0,77.14285714285714,14.530755559944474,78.35714285714286,17.499921506888338,77.96666666666667,18.925413188826713
2024-02-13,103,Braided USB-C Cable (6ft),Accessories,2.1,11.99,5,63,1,13,2,1,0,82.0,83.0,50.0,68.0,80.14285714285714,12.694205652298894,78.42857142857143,17.513574013469523,77.16666666666667,18.192615654924833
2024-02-14,103,Braided USB-C Cable (6ft),Accessories,2.1,11.99,5,50,2,14,2,1,0,63.0,72.0,74.0,66.0,77.28571428571429,14.115172518892408,79.35714285714286,16.184546964297784,76.8,18.36863894118789
2024-02-15,103,Braided USB-C Cable (6ft),Accessories,2.1,11.99,5,57,3,15,2,1,0,50.0,71.0,73.0,47.0,74.14285714285714,17.52549163769329,77.64285714285714,17.968378818430935,76.43333333333334,18.799639272645877
2024-02-16,103,Braided USB-C Cable (6ft),Accessories,2.1,11.99,5,97,4,16,2,1,0,57.0,94.0,94.0,100.0,72.14285714285714,18.703195550748116,76.5,18.777031796237743,76.06666666666666,19.075048394810633
2024-02-17,103,Braided USB-C Cable (6ft),Accessories,2.1,11.99,5,91,5,17,2,1,1,97.0,97.0,117.0,109.0,72.57142857142857,19.311975066066683,76.71428571428571,19.00780637782023,77.1,19.348616630582182
2024-02-18,103,Braided USB-C Cable (6ft),Accessories,2.1,11.99,5,70,6,18,2,1,1,91.0,62.0,68.0,59.0,71.71428571428571,18.144919267885864,74.85714285714286,15.76196562740703,78.56666666666666,18.643078281659708
2024-02-19,103,Braided USB-C Cable (6ft),Accessories,2.1,11.99,5,72,0,19,2,1,0,70.0,82.0,61.0,71.0,72.85714285714286,17.676996081806177,75.0,15.70399263293844,77.56666666666666,18.254301965013205
2024-02-20,103,Braided USB-C Cable (6ft),Accessories,2.1,11.99,5,79,1,20,2,1,0,72.0,63.0,83.0,68.0,71.42857142857143,17.212951934102257,75.78571428571429,15.21729062829301,76.33333333333333,17.281310082309137
2024-02-21,103,Braided USB-C Cable (6ft),Accessories,2.1,11.99,5,73,2,21,2,1,0,79.0,50.0,72.0,57.0,73.71428571428571,16.967756537172562,75.5,15.108581361902612,77.0,16.972594542887112
2024-02-22,103,Braided USB-C Cable (6ft),Accessories,2.1,11.99,5,70,3,22,2,1,0,73.0,57.0,71.0,73.0,77.0,13.478377746103831,75.57142857142857,15.093117564048788,77.06666666666666,16.95213003264422
2024-02-23,103,Braided USB-C Cable (6ft),Accessories,2.1,11.99,5,96,4,23,2,1,0,70.0,97.0,94.0,106.0,78.85714285714286,10.915257997081769,75.5,15.118760632966028,77.13333333333334,16.919145110328945
2024-02-24,103,Braided USB-C Cable (6ft),Accessories,2.1,11.99,5,114,5,24,2,1,1,96.0,91.0,97.0,107.0,78.71428571428571,10.641338977689584,75.64285714285714,15.315186745676506,78.43333333333334,16.816829282788024
2024-02-25,103,Braided USB-C Cable (6ft),Accessories,2.1,11.99,5,62,6,25,2,1,1,114.0,70.0,62.0,70.0,82.0,16.822603841260737,76.85714285714286,17.636749843861402,79.8,17.985434720044037
2024-02-26,103,Braided USB-C Cable (6ft),Accessories,2.1,11.99,5,60,0,26,2,1,0,62.0,72.0,82.0,81.0,80.85714285714286,18.00396781664691,76.85714285714286,17.636749843861402,78.33333333333333,17.564331673207406
2024-02-27,103,Braided USB-C Cable (6ft),Accessories,2.1,11.99,5,58,1,27,2,1,0,60.0,79.0,63.0,50.0,79.14285714285714,19.497252553702474,75.28571428571429,18.11683692645547,76.76666666666667,17.006455839765234
2024-02-28,103,Braided USB-C Cable (6ft),Accessories,2.1,11.99,5,65,2,28,2,1,0,58.0,73.0,50.0,74.0,76.14285714285714,21.07469708306284,74.92857142857143,18.424332931100768,76.36666666666666,17.309521663809345
2024-02-29,103,Braided USB-C Cable (6ft),Accessories,2.1,11.99,5,55,3,29,2,1,0,65.0,70.0,57.0,73.0,75.0,21.486429825977766,76.0,17.262676501632075,75.83333333333333,17.40805072042983
2024-03-01,103,Braided USB-C Cable (6ft),Accessories,2.1,11.99,5,118,4,1,3,1,0,55.0,96.0,97.0,94.0,72.85714285714286,22.777390627759008,75.85714285714286,17.439376942192297,76.0,17.174560176067956
2024-03-02,103,Braided USB-C Cable (6ft),Accessories,2.1,11.99,5,117,5,2,3,1,1,118.0,114.0,91.0,117.0,76.0,27.525745524266313,77.35714285714286,20.098247695746032,77.46666666666667,18.799730983646317
2024-03-03,103,Braided USB-C Cable (6ft),Accessories,2.1,11.99,5,81,6,3,3,1,1,117.0,62.0,70.0,68.0,76.42857142857143,28.230345037784804,79.21428571428571,22.512145683979202,78.93333333333334,20.109927782125396
2024-03-04,103,Braided USB-C Cable (6ft),Accessories,2.1,11.99,5,68,0,4,3,1,0,81.0,60.0,72.0,61.0,79.14285714285714,27.51622897751175,80.0,22.35723940575298,78.5,19.913173598364995
2024-03-05,103,Braided USB-C Cable (6ft),Accessories,2.1,11.99,5,79,1,5,3,1,0,68.0,58.0,79.0,83.0,80.28571428571429,26.743935672187355,79.71428571428571,22.49248958901811,76.86666666666666,18.613553336644028
2024-03-06,103,Braided USB-C Cable (6ft),Accessories,2.1,11.99,5,74,2,6,3,1,0,79.0,65.0,73.0,72.0,83.28571428571429,24.944700744608973,79.71428571428571,22.49248958901811,77.23333333333333,18.541069666225198
2024-03-07,103,Braided USB-C Cable (6ft),Accessories,2.1,11.99,5,82,3,7,3,1,0,74.0,55.0,70.0,71.0,84.57142857142857,24.061429320644717,79.78571428571429,22.471104767023576,77.66666666666667,18.29892277465107
2024-03-08,103,Braided USB-C Cable (6ft),Accessories,2.1,11.99,5,129,4,8,3,1,0,82.0,118.0,96.0,94.0,88.42857142857143,20.41941186597649,80.64285714285714,22.297316647308257,77.63333333333334,18.28978107999172
2024-03-09,103,Braided USB-C Cable (6ft),Accessories,2.1,11.99,5,122,5,9,3,1,1,129.0,117.0,114.0,97.0,90.0,23.295206946208207,83.0,25.552359517725115,79.53333333333333,20.510272167082913
2024-03-10,103,Braided USB-C Cable (6ft),Accessories,2.1,11.99,5,76,6,10,3,1,1,122.0,81.0,62.0,62.0,90.71428571428571,24.315388033878786,83.57142857142857,26.37514647633927,81.23333333333333,21.848511877571156
2024-03-11,103,Braided USB-C Cable (6ft),Accessories,2.1,11.99,5,87,0,11,3,1,0,76.0,68.0,60.0,82.0,90.0,24.718414188616556,84.57142857142857,25.752413735159145,80.63333333333334,21.732675753397206
2024-03-12,103,Braided USB-C Cable (6ft),Accessories,2.1,11.99,5,80,1,12,3,1,0,87.0,79.0,58.0,63.0,92.71428571428571,22.87439824865554,86.5,24.76272011900768,80.3,21.54890188417482
2024-03-13,103,Braided USB-C Cable (6ft),Accessories,2.1,11.99,5,70,2,13,3,1,0,80.0,74.0,65.0,50.0,92.85714285714286,22.777390627759015,88.07142857142857,23.479825335853715,80.9,21.270588403579314
2024-03-14,103,Braided USB-C Cable (6ft),Accessories,2.1,11.99,5,81,3,14,3,1,0,70.0,82.0,55.0,57.0,92.28571428571429,23.371737103563692,88.42857142857143,23.13742983437572,80.5,21.361825441822536
2024-03-15,103,Braided USB-C Cable (6ft),Accessories,2.1,11.99,5,119,4,15,3,1,0,81.0,129.0,118.0,97.0,92.14285714285714,23.448017481431652,90.28571428571429,21.211131226601005,81.1,21.104583584516945
2024-03-16,103,Braided USB-C Cable (6ft),Accessories,2.1,11.99,5,106,5,16,3,1,1,119.0,122.0,117.0,91.0,90.71428571428571,21.00566816928459,90.35714285714286,21.313077036112194,83.4,21.356740032776216
2024-03-17,103,Braided USB-C Cable (6ft),Accessories,2.1,11.99,5,73,6,17,3,1,1,106.0,76.0,81.0,70.0,88.42857142857143,17.63384192263222,89.57142857142857,20.440210316975655,85.03333333333333,21.14071628534547
2024-03-18,103,Braided USB-C Cable (6ft),Accessories,2.1,11.99,5,77,0,18,3,1,0,73.0,87.0,68.0,72.0,88.0,18.01850900231946,89.0,20.806803621005248,84.23333333333333,21.126357672484556
2024-03-19,103,Braided USB-C Cable (6ft),Accessories,2.1,11.99,5,59,1,19,3,1,0,77.0,80.0,79.0,79.0,86.57142857142857,18.50096522578525,89.64285714285714,20.239364321338464,83.76666666666667,21.126357672484556
2024-03-20,103,Braided USB-C Cable (6ft),Accessories,2.1,11.99,5,84,2,20,3,1,0,59.0,70.0,74.0,73.0,83.57142857142857,21.24348639667499,88.21428571428571,21.70139510378422,83.4,21.466252583997978
2024-03-21,103,Braided USB-C Cable (6ft),Accessories,2.1,11.99,5,71,3,21,3,1,0,84.0,81.0,82.0,70.0,85.57142857142857,20.394910663015462,88.92857142857143,21.359430580548604,83.8,21.358031679941373
2024-03-22,103,Braided USB-C Cable (6ft),Accessories,2.1,11.99,5,110,4,22,3,1,0,71.0,119.0,129.0,96.0,84.14285714285714,21.10630688861013,88.14285714285714,21.83101936679565,83.53333333333333,21.46967923460389
2024-03-23,103,Braided USB-C Cable (6ft),Accessories,2.1,11.99,5,113,5,23,3,1,1,110.0,106.0,122.0,114.0,82.85714285714286,18.77434926904769,86.78571428571429,19.569122347477663,84.76666666666667,21.902107178319046
2024-03-24,103,Braided USB-C Cable (6ft),Accessories,2.1,11.99,5,88,6,24,3,1,1,113.0,73.0,76.0,62.0,83.85714285714286,20.334113958473615,86.14285714285714,18.43849294215832,86.2,22.305712891234993
2024-03-25,103,Braided USB-C Cable (6ft),Accessories,2.1,11.99,5,75,0,25,3,1,0,88.0,77.0,87.0,60.0,86.0,19.782146833277075,87.0,18.208197646622295,85.93333333333334,22.232212313843537
2024-03-26,103,Braided USB-C Cable (6ft),Accessories,2.1,11.99,5,87,1,26,3,1,0,75.0,59.0,80.0,58.0,85.71428571428571,19.94755027327323,86.14285714285714,18.488487656489806,84.63333333333334,21.667524297791896
2024-03-27,103,Braided USB-C Cable (6ft),Accessories,2.1,11.99,5,70,2,27,3,1,0,87.0,84.0,70.0,65.0,89.71428571428571,16.142225019229205,86.64285714285714,18.404042795233643,85.46666666666667,21.243633258531567
2024-03-28,103,Braided USB-C Cable (6ft),Accessories,2.1,11.99,5,78,3,28,3,1,0,70.0,71.0,81.0,55.0,87.71428571428571,17.7549456557348,86.64285714285714,18.40404279523364,85.8,20.906029488296365
2024-03-29,103,Braided USB-C Cable (6ft),Accessories,2.1,11.99,5,131,4,29,3,1,0,78.0,110.0,119.0,118.0,88.71428571428571,16.829678999853087,86.42857142857143,18.492053535398494,86.46666666666667,20.299028910581995
2024-03-30,103,Braided USB-C Cable (6ft),Accessories,2.1,11.99,5,114,5,30,3,1,1,131.0,113.0,106.0,117.0,91.71428571428571,22.253945610567484,87.28571428571429,20.306984669655574,88.66666666666667,21.436889463843805
2024-03-31,103,Braided USB-C Cable (6ft),Accessories,2.1,11.99,5,88,6,31,3,1,1,114.0,88.0,73.0,81.0,91.85714285714286,22.415980694053765,87.85714285714286,20.975653076317364,90.63333333333334,20.942422435603397
2024-04-01,103,Braided USB-C Cable (6ft),Accessories,2.1,11.99,5,78,0,1,4,2,0,88.0,75.0,77.0,68.0,91.85714285714286,22.415980694053765,88.92857142857143,20.536887209695056,89.63333333333334,20.29690537535444
2024-04-02,103,Braided USB-C Cable (6ft),Accessories,2.1,11.99,5,96,1,2,4,2,0,78.0,87.0,59.0,79.0,92.28571428571429,22.065918560186034,89.0,20.4939015319192,88.33333333333333,19.724539823893686
2024-04-03,103,Braided USB-C Cable (6ft),Accessories,2.1,11.99,5,96,2,3,4,2,0,96.0,70.0,84.0,74.0,93.57142857142857,21.96859229944077,91.64285714285714,18.62837844570707,88.83333333333333,19.72235443266894
2024-04-04,103,Braided USB-C Cable (6ft),Accessories,2.1,11.99,5,80,3,4,4,2,0,96.0,78.0,71.0,82.0,97.28571428571429,19.36245753784272,92.5,18.525450269623892,89.76666666666667,19.361681555166594
2024-04-05,103,Braided USB-C Cable (6ft),Accessories,2.1,11.99,5,118,4,5,4,2,0,80.0,131.0,110.0,129.0,97.57142857142857,19.04255885166298,93.14285714285714,17.866415175092946,89.8,19.3433584788521
2024-04-06,103,Braided USB-C Cable (6ft),Accessories,2.1,11.99,5,106,5,6,4,2,1,118.0,114.0,113.0,122.0,95.71428571428571,15.553287816560278,93.71428571428571,18.56145125057502,91.26666666666667,19.767499158682313
2024-04-07,103,Braided USB-C Cable (6ft),Accessories,2.1,11.99,5,85,6,7,4,2,1,106.0,88.0,88.0,76.0,94.57142857142857,14.222718245318463,93.21428571428571,18.09028031176527,92.06666666666666,19.864946311380336
2024-04-08,103,Braided USB-C Cable (6ft),Accessories,2.1,11.99,5,77,0,8,4,2,0,85.0,78.0,75.0,87.0,94.14285714285714,14.496304947911987,93.0,18.174369103429495,90.6,18.629972143537028
2024-04-09,103,Braided USB-C Cable (6ft),Accessories,2.1,11.99,5,82,1,9,4,2,0,77.0,96.0,87.0,80.0,94.0,14.685593847940474,93.14285714285714,18.02928021455503,89.1,17.808076431970317
2024-04-10,103,Braided USB-C Cable (6ft),Accessories,2.1,11.99,5,83,2,10,4,2,0,82.0,96.0,70.0,70.0,92.0,15.307950004273392,92.78571428571429,18.208952030963626,89.3,17.689174558235447
2024-04-11,103,Braided USB-C Cable (6ft),Accessories,2.1,11.99,5,75,3,11,4,2,0,83.0,80.0,78.0,81.0,90.14285714285714,15.528775133372804,93.71428571428571,17.26458612495343,89.16666666666667,17.72215316048471
2024-04-12,103,Braided USB-C Cable (6ft),Accessories,2.1,11.99,5,116,4,12,4,2,0,75.0,118.0,131.0,119.0,89.42857142857143,16.174642117186025,93.5,17.491756300084305,89.0,17.834488092379928
2024-04-13,103,Braided USB-C Cable (6ft),Accessories,2.1,11.99,5,130,5,13,4,2,1,116.0,106.0,114.0,106.0,89.14285714285714,15.593038739862653,92.42857142857143,15.345830231515853,90.53333333333333,18.119780263060843
2024-04-14,103,Braided USB-C Cable (6ft),Accessories,2.1,11.99,5,76,6,14,4,2,1,130.0,85.0,88.0,73.0,92.57142857142857,21.45427030420085,93.57142857142857,17.517965660404787,92.16666666666667,19.394423893504015
2024-04-15,103,Braided USB-C Cable (6ft),Accessories,2.1,11.99,5,66,0,15,4,2,0,76.0,77.0,78.0,77.0,91.28571428571429,22.238961949053035,92.71428571428571,18.095594752606225,90.73333333333333,18.926233086659764
2024-04-16,103,Braided USB-C Cable (6ft),Accessories,2.1,11.99,5,77,1,16,4,2,0,66.0,82.0,96.0,59.0,89.71428571428571,23.753696454196252,91.85714285714286,19.10238463912554,89.4,19.220319707413104
2024-04-17,103,Braided USB-C Cable (6ft),Accessories,2.1,11.99,5,83,2,17,4,2,0,77.0,83.0,96.0,84.0,89.0,24.097026095903765,90.5,19.457053298917682,89.53333333333333,19.116220469995405
2024-04-18,103,Braided USB-C Cable (6ft),Accessories,2.1,11.99,5,77,3,18,4,2,0,83.0,75.0,80.0,71.0,89.0,24.097026095903765,89.57142857142857,19.484567012082973,89.73333333333333,19.01167215583415
2024-04-19,103,Braided USB-C Cable (6ft),Accessories,2.1,11.99,5,106,4,19,4,2,0,77.0,116.0,118.0,110.0,89.28571428571429,23.914530350913484,89.35714285714286,19.613994779462736,90.33333333333333,18.278182459505885
2024-04-20,103,Braided USB-C Cable (6ft),Accessories,2.1,11.99,5,92,5,20,4,2,1,106.0,130.0,106.0,113.0,87.85714285714286,22.296700588716202,88.5,18.49636138853761,91.06666666666666,18.455787492112684
2024-04-21,103,Braided USB-C Cable (6ft),Accessories,2.1,11.99,5,81,6,21,4,2,1,92.0,76.0,85.0,88.0,82.42857142857143,13.023787760058442,87.5,17.84441304507036,91.76666666666667,18.062503231515443
2024-04-22,103,Braided USB-C Cable (6ft),Accessories,2.1,11.99,5,79,0,22,4,2,0,81.0,66.0,77.0,75.0,83.14285714285714,12.746614863413381,87.21428571428571,17.919386027551166,90.8,17.827526178782417
2024-04-23,103,Braided USB-C Cable (6ft),Accessories,2.1,11.99,5,102,1,23,4,2,0,79.0,77.0,82.0,87.0,85.0,10.598742063723119,87.35714285714286,17.839485775863974,89.66666666666667,17.444163796946892
2024-04-24,103,Braided USB-C Cable (6ft),Accessories,2.1,11.99,5,94,2,24,4,2,0,102.0,83.0,83.0,70.0,88.57142857142857,11.616900660347468,88.78571428571429,18.175124891872546,90.13333333333334,17.584737373806497
2024-04-25,103,Braided USB-C Cable (6ft),Accessories,2.1,11.99,5,83,3,25,4,2,0,94.0,77.0,75.0,78.0,90.14285714285714,11.480832888319746,89.57142857142857,18.14350608859306,90.76666666666667,17.36163692690321
2024-04-26,103,Braided USB-C Cable (6ft),Accessories,2.1,11.99,5,128,4,26,4,2,0,83.0,106.0,116.0,131.0,91.0,10.519822558706359,90.14285714285714,17.77144270519915,90.63333333333334,17.406862169119183
2024-04-27,103,Braided USB-C Cable (6ft),Accessories,2.1,11.99,5,125,5,27,4,2,1,128.0,92.0,130.0,114.0,94.14285714285714,17.023792873784746,91.0,19.335101599064693,92.56666666666666,18.237292852139884
2024-04-28,103,Braided USB-C Cable (6ft),Accessories,2.1,11.99,5,86,6,28,4,2,1,125.0,81.0,76.0,88.0,98.85714285714286,20.538001942972066,90.64285714285714,18.5911771583154,94.13333333333334,18.947719967162875
2024-04-29,103,Braided USB-C Cable (6ft),Accessories,2.1,11.99,5,69,0,29,4,2,0,86.0,79.0,66.0,78.0,99.57142857142857,19.890174650290234,91.35714285714286,18.17270625821187,92.63333333333334,17.666417261306112
2024-04-30,103,Braided USB-C Cable (6ft),Accessories,2.1,11.99,5,81,1,30,4,2,0,69.0,102.0,77.0,96.0,98.14285714285714,21.874098620884727,91.57142857142857,17.865800099262653,91.13333333333334,17.700055198303435
2024-05-01,103,Braided USB-C Cable (6ft),Accessories,2.1,11.99,5,78,2,1,5,2,0,81.0,94.0,83.0,96.0,95.14285714285714,22.68206759702896,91.85714285714286,17.645470732248477,90.9,17.78870234262417
2024-05-02,103,Braided USB-C Cable (6ft),Accessories,2.1,11.99,5,95,3,2,5,2,0,78.0,83.0,77.0,80.0,92.85714285714286,23.60387377408331,91.5,17.88746875501223,90.9,17.78870234262417
2024-05-03,103,Braided USB-C Cable (6ft),Accessories,2.1,11.99,5,132,4,3,5,2,0,95.0,128.0,106.0,118.0,94.57142857142857,23.200985200756346,92.78571428571429,17.40547469765044,90.86666666666666,17.779750848363566
2024-05-04,103,Braided USB-C Cable (6ft),Accessories,2.1,11.99,5,120,5,4,5,2,1,132.0,125.0,92.0,106.0,95.14285714285714,24.18972627259056,94.64285714285714,20.102074683808304,92.06666666666666,19.28897010770901
2024-05-05,103,Braided USB-C Cable (6ft),Accessories,2.1,11.99,5,82,6,5,5,2,1,120.0,86.0,81.0,85.0,94.42857142857143,23.21534796104469,96.64285714285714,21.182747489615018,93.4,19.80177630485674
2024-05-06,103,Braided USB-C Cable (6ft),Accessories,2.1,11.99,5,57,0,6,5,2,0,82.0,69.0,79.0,77.0,93.85714285714286,23.50481207064186,96.71428571428571,21.127556090888188,92.2,19.345141063290814
2024-05-07,103,Braided USB-C Cable (6ft),Accessories,2.1,11.99,5,105,1,7,5,2,0,57.0,81.0,102.0,82.0,92.14285714285714,25.93214589030748,95.14285714285714,23.257280556872917,90.56666666666666,20.189931484116862
2024-05-08,103,Braided USB-C Cable (6ft),Accessories,2.1,11.99,5,86,2,8,5,2,0,105.0,78.0,94.0,83.0,95.57142857142857,25.799593942910196,95.35714285714286,23.33899721943493,91.23333333333333,20.329498413564615
2024-05-09,103,Braided USB-C Cable (6ft),Accessories,2.1,11.99,5,84,3,9,5,2,0,86.0,95.0,83.0,75.0,96.71428571428571,25.058027893367083,94.78571428571429,23.472335832859702,91.53333333333333,20.178057958795378
2024-05-10,103,Braided USB-C Cable (6ft),Accessories,2.1,11.99,5,144,4,10,5,2,0,84.0,132.0,128.0,116.0,95.14285714285714,25.524031626610075,94.85714285714286,23.43520410000287,91.6,20.14875712775116
2024-05-11,103,Braided USB-C Cable (6ft),Accessories,2.1,11.99,5,130,5,11,5,2,1,144.0,120.0,125.0,130.0,96.85714285714286,28.62649455445412,96.0,25.476988108426852,93.63333333333334,22.222205938691342
2024-05-12,103,Braided USB-C Cable (6ft),Accessories,2.1,11.99,5,83,6,12,5,2,1,130.0,82.0,86.0,76.0,98.28571428571429,30.181198814904004,96.35714285714286,25.94552619759965,95.46666666666667,22.89064457797992
2024-05-13,103,Braided USB-C Cable (6ft),Accessories,2.1,11.99,5,85,0,13,5,2,0,83.0,57.0,69.0,66.0,98.42857142857143,30.093505073670773,96.14285714285714,26.049825461860713,94.36666666666666,22.661654280141224
2024-05-14,103,Braided USB-C Cable (6ft),Accessories,2.1,11.99,5,98,1,14,5,2,0,85.0,105.0,81.0,77.0,102.42857142857143,25.11876551410085,97.28571428571429,25.1011141996911,92.86666666666666,21.69019058966729
2024-05-15,103,Braided USB-C Cable (6ft),Accessories,2.1,11.99,5,83,2,15,5,2,0,98.0,86.0,78.0,83.0,101.42857142857143,25.138663070107413,98.5,24.659995632914956,93.6,21.471071155201447
2024-05-16,103,Braided USB-C Cable (6ft),Accessories,2.1,11.99,5,75,3,16,5,2,0,83.0,84.0,95.0,77.0,101.0,25.46893532652411,98.85714285714286,24.374820371273884,94.16666666666667,20.935176359309747
2024-05-17,103,Braided USB-C Cable (6ft),Accessories,2.1,11.99,5,117,4,17,5,2,0,75.0,144.0,132.0,106.0,99.71428571428571,26.66904751276461,97.42857142857143,25.1907012322291,94.1,20.994826949053166
2024-05-18,103,Braided USB-C Cable (6ft),Accessories,2.1,11.99,5,108,5,18,5,2,1,117.0,130.0,120.0,92.0,95.85714285714286,20.415913494368176,96.35714285714286,23.89273189408523,95.23333333333333,21.290573166242513
2024-05-19,103,Braided USB-C Cable (6ft),Accessories,2.1,11.99,5,65,6,19,5,2,1,108.0,83.0,82.0,81.0,92.71428571428571,15.34833634539682,95.5,23.184046238739263,96.26666666666667,21.126765722302522
2024-05-20,103,Braided USB-C Cable (6ft),Accessories,2.1,11.99,5,66,0,20,5,2,0,65.0,85.0,57.0,79.0,90.14285714285714,18.442962265939205,94.28571428571429,24.360840491463954,94.9,21.791092770623745
2024-05-21,103,Braided USB-C Cable (6ft),Accessories,2.1,11.99,5,84,1,21,5,2,0,66.0,98.0,105.0,102.0,87.42857142857143,20.598196869767854,94.92857142857143,23.40106600370783,94.03333333333333,22.418408896959296
2024-05-22,103,Braided USB-C Cable (6ft),Accessories,2.1,11.99,5,70,2,22,5,2,0,84.0,83.0,86.0,94.0,85.42857142857143,20.073673827986262,93.42857142857143,23.37886713618581,94.13333333333334,22.36489449443314
2024-05-23,103,Braided USB-C Cable (6ft),Accessories,2.1,11.99,5,111,3,23,5,2,0,70.0,75.0,84.0,83.0,83.57142857142857,20.919346252190746,92.28571428571429,24.1483510232657,93.83333333333333,22.6336388854157
2024-05-24,103,Braided USB-C Cable (6ft),Accessories,2.1,11.99,5,111,4,24,5,2,0,111.0,117.0,144.0,128.0,88.71428571428571,22.801420172979622,94.21428571428571,24.511154670816786,94.13333333333334,22.804617398953287
2024-05-25,103,Braided USB-C Cable (6ft),Accessories,2.1,11.99,5,140,5,25,5,2,1,111.0,108.0,130.0,125.0,87.85714285714286,21.644310810838732,91.85714285714286,20.635507646388934,94.7,23.0114664071392
2024-05-26,103,Braided USB-C Cable (6ft),Accessories,2.1,11.99,5,60,6,26,5,2,1,140.0,65.0,83.0,86.0,92.42857142857143,28.80310829787383,92.57142857142857,22.173144829914225,96.6,24.32764852505519
2024-05-27,103,Braided USB-C Cable (6ft),Accessories,2.1,11.99,5,82,0,27,5,2,0,60.0,66.0,85.0,69.0,91.71428571428571,29.646327966626195,90.92857142857143,23.73398824054226,94.33333333333333,24.46860526630319
2024-05-28,103,Braided USB-C Cable (6ft),Accessories,2.1,11.99,5,75,1,28,5,2,0,82.0,84.0,98.0,81.0,94.0,27.898626011567924,90.71428571428571,23.805069180351467,92.9,23.862176101015212
2024-05-29,103,Braided USB-C Cable (6ft),Accessories,2.1,11.99,5,83,2,29,5,2,0,75.0,70.0,83.0,78.0,92.71428571428571,28.633979148989454,89.07142857142857,24.055910150871735,92.53333333333333,24.05558696785043
2024-05-30,103,Braided USB-C Cable (6ft),Accessories,2.1,11.99,5,74,3,30,5,2,0,83.0,111.0,75.0,95.0,94.57142857142857,27.306025848135587,89.07142857142857,24.055910150871735,93.0,23.716718968286678
2024-05-31,103,Braided USB-C Cable (6ft),Accessories,2.1,11.99,5,113,4,31,5,2,0,74.0,111.0,117.0,132.0,89.28571428571429,27.1766706675308,89.0,24.102345880081415,92.76666666666667,23.872771003850776
2024-06-01,103,Braided USB-C Cable (6ft),Accessories,2.1,11.99,5,117,5,1,6,2,1,113.0,140.0,108.0,120.0,89.57142857142857,27.452122825367223,88.71428571428571,23.76626106132737,93.93333333333334,23.981218704951424
2024-06-02,103,Braided USB-C Cable (6ft),Accessories,2.1,11.99,5,60,6,2,6,2,1,117.0,60.0,65.0,82.0,86.28571428571429,21.03738169476963,89.35714285714286,24.440216362057363,94.66666666666667,24.348523049923234
2024-06-03,103,Braided USB-C Cable (6ft),Accessories,2.1,11.99,5,90,0,3,6,2,0,60.0,82.0,66.0,57.0,86.28571428571429,21.03738169476963,89.0,24.856511296763962,92.26666666666667,24.08882031914007
2024-06-04,103,Braided USB-C Cable (6ft),Accessories,2.1,11.99,5,73,1,4,6,2,0,90.0,75.0,84.0,105.0,87.42857142857143,20.982986305235826,90.71428571428571,23.959673079279163,91.26666666666667,23.513654629235923
2024-06-05,103,Braided USB-C Cable (6ft),Accessories,2.1,11.99,5,66,2,5,6,2,0,73.0,83.0,70.0,86.0,87.14285714285714,21.19299075503165,89.92857142857143,24.373580544750276,90.96666666666667,23.692692505515684
2024-06-06,103,Braided USB-C Cable (6ft),Accessories,2.1,11.99,5,76,3,6,6,2,0,66.0,74.0,111.0,84.0,84.71428571428571,22.66946761405661,89.64285714285714,24.647069237092317,91.26666666666667,23.301521828846916
2024-06-07,103,Braided USB-C Cable (6ft),Accessories,2.1,11.99,5,102,4,7,6,2,0,76.0,113.0,111.0,144.0,85.0,22.52406120870153,87.14285714285714,24.08273285941657,90.3,23.313678092632575
2024-06-08,103,Braided USB-C Cable (6ft),Accessories,2.1,11.99,5,130,5,8,6,2,1,102.0,117.0,140.0,130.0,83.42857142857143,20.541479521991118,86.5,23.510226907258254,90.83333333333333,23.39478770910355
2024-06-09,103,Braided USB-C Cable (6ft),Accessories,2.1,11.99,5,80,6,9,6,2,1,130.0,60.0,60.0,83.0,85.28571428571429,24.32224143806299,85.78571428571429,21.853281997584133,92.36666666666666,24.416618610442672
2024-06-10,103,Braided USB-C Cable (6ft),Accessories,2.1,11.99,5,76,0,10,6,2,0,80.0,90.0,82.0,85.0,88.14285714285714,21.912162310982847,87.21428571428571,20.659058625617572,90.23333333333333,22.467882568823352
2024-06-11,103,Braided USB-C Cable (6ft),Accessories,2.1,11.99,5,81,1,11,6,2,0,76.0,73.0,75.0,98.0,86.14285714285714,22.34896396874339,86.78571428571429,20.837017989177802,88.43333333333334,21.30514481063901
2024-06-12,103,Braided USB-C Cable (6ft),Accessories,2.1,11.99,5,83,2,12,6,2,0,81.0,66.0,83.0,83.0,87.28571428571429,21.761696362449054,87.21428571428571,20.636705802371342,88.36666666666666,21.325851777197272
2024-06-13,103,Braided USB-C Cable (6ft),Accessories,2.1,11.99,5,88,3,13,6,2,0,83.0,76.0,74.0,75.0,89.71428571428571,19.85542986787481,87.21428571428571,20.636705802371342,88.3,21.339860711176478
2024-06-14,103,Braided USB-C Cable (6ft),Accessories,2.1,11.99,5,108,4,14,6,2,0,88.0,102.0,113.0,117.0,91.42857142857143,18.97241104742307,88.21428571428571,20.28329578525365,87.96666666666667,21.261075545073748
2024-06-15,103,Braided USB-C Cable (6ft),Accessories,2.1,11.99,5,117,5,15,6,2,1,108.0,130.0,117.0,108.0,92.28571428571429,19.6529411345502,87.85714285714286,19.85275467364337,88.8,21.547701693588152
2024-06-16,103,Braided USB-C Cable (6ft),Accessories,2.1,11.99,5,86,6,16,6,2,1,117.0,80.0,60.0,65.0,90.42857142857143,15.71471860875596,87.85714285714286,19.85275467364337,90.2,21.980241911379373
2024-06-17,103,Braided USB-C Cable (6ft),Accessories,2.1,11.99,5,86,0,17,6,2,0,86.0,76.0,90.0,66.0,91.28571428571429,15.20651489454751,89.71428571428571,18.193103390818496,89.16666666666667,21.397846061974406
2024-06-18,103,Braided USB-C Cable (6ft),Accessories,2.1,11.99,5,85,1,18,6,2,0,86.0,81.0,73.0,84.0,92.71428571428571,13.9488862842676,89.42857142857143,18.219660917702186,88.43333333333334,21.105128210499192
2024-06-19,103,Braided USB-C Cable (6ft),Accessories,2.1,11.99,5,75,2,19,6,2,0,85.0,83.0,66.0,70.0,93.28571428571429,13.462469878818505,90.28571428571429,17.661033036379507,89.1,20.650373629416066
2024-06-20,103,Braided USB-C Cable (6ft),Accessories,2.1,11.99,5,79,3,20,6,2,0,75.0,88.0,76.0,111.0,92.14285714285714,14.758371312903195,90.92857142857143,16.854418666077716,89.4,20.36663938896154
2024-06-21,103,Braided USB-C Cable (6ft),Accessories,2.1,11.99,5,127,4,21,6,2,0,79.0,108.0,102.0,111.0,90.85714285714286,15.550225844325345,91.14285714285714,16.668058549938447,89.23333333333333,20.432704233626303
2024-06-22,103,Braided USB-C Cable (6ft),Accessories,2.1,11.99,5,127,5,22,6,2,1,127.0,117.0,130.0,140.0,93.57142857142857,20.04875010948017,92.92857142857143,19.084686917140534,91.13333333333334,21.21764609345547
2024-06-23,103,Braided USB-C Cable (6ft),Accessories,2.1,11.99,5,78,6,23,6,2,1,127.0,86.0,80.0,60.0,95.0,22.233608194203065,92.71428571428571,18.648277179360083,91.66666666666667,21.923587255759937
2024-06-24,103,Braided USB-C Cable (6ft),Accessories,2.1,11.99,5,88,0,24,6,2,0,78.0,86.0,76.0,82.0,93.85714285714286,22.966849816119552,92.57142857142857,18.7604915702133,90.56666666666666,21.747268291923916
2024-06-25,103,Braided USB-C Cable (6ft),Accessories,2.1,11.99,5,86,1,25,6,2,0,88.0,85.0,81.0,75.0,94.14285714285714,22.865028401677616,93.42857142857143,18.211214996489165,88.83333333333333,19.6417629192166
2024-06-26,103,Braided USB-C Cable (6ft),Accessories,2.1,11.99,5,85,2,26,6,2,0,86.0,75.0,83.0,83.0,94.28571428571429,22.801420172979622,93.78571428571429,17.99648927912404,89.7,18.884677240629728
2024-06-27,103,Braided USB-C Cable (6ft),Accessories,2.1,11.99,5,93,3,27,6,2,0,85.0,79.0,88.0,74.0,95.71428571428571,21.677286774519597,93.92857142857143,17.91202555102743,89.8,18.85040930681566
2024-06-28,103,Braided USB-C Cable (6ft),Accessories,2.1,11.99,5,121,4,28,6,2,0,93.0,127.0,108.0,113.0,97.71428571428571,20.491577828580265,94.28571428571429,17.83440310371879,90.4,18.648472249527014
2024-06-29,103,Braided USB-C Cable (6ft),Accessories,2.1,11.99,5,119,5,29,6,2,1,121.0,127.0,117.0,117.0,96.85714285714286,19.143567861717703,95.21428571428571,18.90941390064574,91.66666666666667,19.403756005640677
2024-06-30,103,Braided USB-C Cable (6ft),Accessories,2.1,11.99,5,77,6,30,6,2,1,119.0,78.0,86.0,60.0,95.71428571428571,17.182493859684502,95.35714285714286,19.093322001551883,93.16666666666667,19.727598964890287
2024-07-01,103,Braided USB-C Cable (6ft),Accessories,2.1,11.99,5,92,0,1,7,3,0,77.0,88.0,86.0,90.0,95.57142857142857,17.357583768650365,94.71428571428571,19.577964738366028,91.96666666666667,19.573880085695716
2024-07-02,103,Braided USB-C Cable (6ft),Accessories,2.1,11.99,5,99,1,2,7,3,0,92.0,86.0,85.0,73.0,96.14285714285714,17.13114679395956,95.14285714285714,19.437699859401473,91.13333333333334,18.994978162722344
2024-07-03,103,Braided USB-C Cable (6ft),Accessories,2.1,11.99,5,91,2,3,7,3,0,99.0,85.0,75.0,66.0,98.0,16.542873591570093,96.14285714285714,19.234812761709485,92.43333333333334,18.10445426871012
2024-07-04,103,Braided USB-C Cable (6ft),Accessories,2.1,11.99,5,89,3,4,7,3,0,91.0,93.0,79.0,76.0,98.85714285714286,15.899985025449688,97.28571428571429,18.33629679678479,92.46666666666667,18.1007398083392
2024-07-05,103,Braided USB-C Cable (6ft),Accessories,2.1,11.99,5,134,4,5,7,3,0,89.0,121.0,127.0,102.0,98.28571428571429,16.21433815808596,98.0,17.754739345616116,93.0,17.73949421974634
2024-07-06,103,Braided USB-C Cable (6ft),Accessories,2.1,11.99,5,115,5,6,7,3,1,134.0,119.0,127.0,130.0,100.14285714285714,19.633547577455047,98.5,18.707258977774863,95.26666666666667,18.49871073482082
2024-07-07,103,Braided USB-C Cable (6ft),Accessories,2.1,11.99,5,89,6,7,7,3,1,115.0,77.0,78.0,80.0,99.57142857142857,19.04255885166298,97.64285714285714,17.539437508992926,96.56666666666666,18.468394873280207
2024-07-08,103,Braided USB-C Cable (6ft),Accessories,2.1,11.99,5,93,0,8,7,3,0,89.0,92.0,88.0,76.0,101.28571428571429,17.11446060805781,98.42857142857143,16.823583656075385,96.13333333333334,18.489015067356075
2024-07-09,103,Braided USB-C Cable (6ft),Accessories,2.1,11.99,5,86,1,9,7,3,0,93.0,99.0,86.0,81.0,101.42857142857143,17.027988165146862,98.78571428571429,16.637208398547603,94.9,17.35104091084035
2024-07-10,103,Braided USB-C Cable (6ft),Accessories,2.1,11.99,5,77,2,10,7,3,0,86.0,91.0,85.0,83.0,99.57142857142857,18.01718756129958,98.78571428571429,16.637208398547603,95.1,17.207356085357105
2024-07-11,103,Braided USB-C Cable (6ft),Accessories,2.1,11.99,5,84,3,11,7,3,0,77.0,89.0,93.0,88.0,97.57142857142857,19.814617019237293,98.21428571428571,17.272381562342947,95.13333333333334,17.17000860227796
2024-07-12,103,Braided USB-C Cable (6ft),Accessories,2.1,11.99,5,128,4,12,7,3,0,84.0,134.0,121.0,108.0,96.85714285714286,20.26021200471977,97.57142857142857,17.644847954591707,95.23333333333333,17.093421467665994
2024-07-13,103,Braided USB-C Cable (6ft),Accessories,2.1,11.99,5,120,5,13,7,3,1,128.0,115.0,119.0,117.0,96.0,18.47520861406804,98.07142857142857,18.441025691957275,96.73333333333333,17.93654203657677
2024-07-14,103,Braided USB-C Cable (6ft),Accessories,2.1,11.99,5,89,6,14,7,3,1,120.0,89.0,77.0,86.0,96.71428571428571,19.40544842489936,98.14285714285714,18.53004687966647,97.8,18.346097959643302
2024-07-15,103,Braided USB-C Cable (6ft),Accessories,2.1,11.99,5,87,0,15,7,3,0,89.0,93.0,92.0,86.0,96.71428571428571,19.40544842489936,99.0,17.73740072883804,97.16666666666667,18.309754952941947
2024-07-16,103,Braided USB-C Cable (6ft),Accessories,2.1,11.99,5,85,1,16,7,3,0,87.0,86.0,99.0,85.0,95.85714285714286,19.72670416321129,98.64285714285714,17.938386613230133,96.16666666666667,18.00590579999133
2024-07-17,103,Braided USB-C Cable (6ft),Accessories,2.1,11.99,5,74,2,17,7,3,0,85.0,77.0,91.0,75.0,95.71428571428571,19.81341536866951,97.64285714285714,18.303455507539645,96.13333333333334,18.026289868877125
2024-07-18,103,Braided USB-C Cable (6ft),Accessories,2.1,11.99,5,70,3,18,7,3,0,74.0,84.0,89.0,79.0,95.28571428571429,20.311854385344265,96.42857142857143,19.314061381101777,95.73333333333333,18.388402141929944
2024-07-19,103,Braided USB-C Cable (6ft),Accessories,2.1,11.99,5,136,4,19,7,3,0,70.0,128.0,134.0,127.0,93.28571428571429,22.208964299086432,95.07142857142857,20.50690047357151,95.23333333333333,18.887476846026733
2024-07-20,103,Braided USB-C Cable (6ft),Accessories,2.1,11.99,5,131,5,20,7,3,1,136.0,120.0,115.0,127.0,94.42857142857143,24.39164572045891,95.21428571428571,20.803766565136797,97.26666666666667,19.890967163832034
2024-07-21,103,Braided USB-C Cable (6ft),Accessories,2.1,11.99,5,81,6,21,7,3,1,131.0,89.0,89.0,78.0,96.0,26.570660511172857,96.35714285714286,22.35588768726741,99.0,20.500630772465666
2024-07-22,103,Braided USB-C Cable (6ft),Accessories,2.1,11.99,5,77,0,22,7,3,0,81.0,87.0,93.0,88.0,94.85714285714286,27.088918837958897,95.78571428571429,22.658598542542038,97.46666666666667,20.04947902553587
2024-07-23,103,Braided USB-C Cable (6ft),Accessories,2.1,11.99,5,75,1,23,7,3,0,77.0,85.0,86.0,86.0,93.42857142857143,27.825989906663068,94.64285714285714,23.206786616310016,95.8,19.58253972468755
2024-07-24,103,Braided USB-C Cable (6ft),Accessories,2.1,11.99,5,85,2,24,7,3,0,75.0,74.0,77.0,85.0,92.0,28.577380332470423,93.85714285714286,23.702830544561053,95.7,19.683968621435454
2024-07-25,103,Braided USB-C Cable (6ft),Accessories,2.1,11.99,5,83,3,25,7,3,0,85.0,70.0,84.0,93.0,93.57142857142857,27.71195375559763,94.42857142857143,23.35911709907616,95.6,19.731997469539962
2024-07-26,103,Braided USB-C Cable (6ft),Accessories,2.1,11.99,5,116,4,26,7,3,0,83.0,136.0,128.0,121.0,95.42857142857143,26.266944644407765,94.35714285714286,23.394960479218092,95.5,19.789844138711228
2024-07-27,103,Braided USB-C Cable (6ft),Accessories,2.1,11.99,5,154,5,27,7,3,1,116.0,131.0,120.0,119.0,92.57142857142857,21.831606620197434,93.5,22.259829289552084,96.53333333333333,20.03055137797628
2024-07-28,103,Braided USB-C Cable (6ft),Accessories,2.1,11.99,5,95,6,28,7,3,1,154.0,81.0,89.0,77.0,95.85714285714286,29.09999181803192,95.92857142857143,26.771006951304866,98.56666666666666,22.591855922499793
2024-07-29,103,Braided USB-C Cable (6ft),Accessories,2.1,11.99,5,84,0,29,7,3,0,95.0,77.0,87.0,92.0,97.85714285714286,28.380912432058828,96.35714285714286,26.699487586143626,97.7,22.196846622887687
2024-07-30,103,Braided USB-C Cable (6ft),Accessories,2.1,11.99,5,65,1,30,7,3,0,84.0,75.0,85.0,99.0,98.85714285714286,27.637104114026215,96.14285714285714,26.79224096308811,96.53333333333333,21.95722068545756
2024-07-31,103,Braided USB-C Cable (6ft),Accessories,2.1,11.99,5,85,2,31,7,3,0,65.0,85.0,74.0,91.0,97.42857142857143,29.28513355986359,94.71428571428571,27.940674986143758,96.13333333333334,22.429557674445228
2024-08-01,103,Braided USB-C Cable (6ft),Accessories,2.1,11.99,5,97,3,1,8,3,0,85.0,83.0,70.0,89.0,97.42857142857143,29.28513355986359,95.5,27.463962401103583,95.9,22.510304153952443
2024-08-02,103,Braided USB-C Cable (6ft),Accessories,2.1,11.99,5,109,4,2,8,3,0,97.0,116.0,136.0,134.0,99.42857142857143,28.60569373893448,97.42857142857143,26.465403499995663,95.83333333333333,22.5037672452833
2024-08-03,103,Braided USB-C Cable (6ft),Accessories,2.1,11.99,5,116,5,3,8,3,1,109.0,154.0,131.0,115.0,98.42857142857143,28.046729713445178,95.5,24.336582150524578,96.43333333333334,22.61016453345454
2024-08-04,103,Braided USB-C Cable (6ft),Accessories,2.1,11.99,5,91,6,4,8,3,1,116.0,95.0,81.0,89.0,93.0,17.00000000000003,94.42857142857143,22.943791805575277,97.33333333333333,22.84027497469198
2024-08-05,103,Braided USB-C Cable (6ft),Accessories,2.1,11.99,5,77,0,5,8,3,0,91.0,84.0,77.0,93.0,92.42857142857143,16.988791823406647,95.14285714285714,22.647319905478874,95.9,21.78476215314195
2024-08-06,103,Braided USB-C Cable (6ft),Accessories,2.1,11.99,5,76,1,6,8,3,0,77.0,65.0,75.0,86.0,91.42857142857143,17.75628661307637,95.14285714285714,22.647319905478874,94.63333333333334,21.740607695934035
2024-08-07,103,Braided USB-C Cable (6ft),Accessories,2.1,11.99,5,87,2,7,8,3,0,76.0,85.0,85.0,77.0,93.0,15.351438586225969,95.21428571428571,22.580381448806996,94.2,21.984947828786932
2024-08-08,103,Braided USB-C Cable (6ft),Accessories,2.1,11.99,5,85,3,8,8,3,0,87.0,97.0,83.0,84.0,93.28571428571429,15.195550727261017,95.35714285714286,22.5170265247542,94.0,22.023498422335656
2024-08-09,103,Braided USB-C Cable (6ft),Accessories,2.1,11.99,5,131,4,9,8,3,0,85.0,109.0,116.0,128.0,91.57142857142857,15.382426584224236,95.5,22.438805672316892,93.96666666666667,22.03677699278834
2024-08-10,103,Braided USB-C Cable (6ft),Accessories,2.1,11.99,5,129,5,10,8,3,1,131.0,116.0,154.0,120.0,94.71428571428571,20.822378071954933,96.57142857142857,23.80922344132881,95.76666666666667,22.795467385718013
2024-08-11,103,Braided USB-C Cable (6ft),Accessories,2.1,11.99,5,78,6,11,8,3,1,129.0,91.0,95.0,89.0,96.57142857142857,23.451063535634837,94.78571428571429,19.764687124841057,97.26666666666667,23.465210247385883
2024-08-12,103,Braided USB-C Cable (6ft),Accessories,2.1,11.99,5,68,0,12,8,3,0,78.0,77.0,84.0,87.0,94.71428571428571,24.458906255965257,93.57142857142857,20.266358200852856,95.6,22.977650310532272
2024-08-13,103,Braided USB-C Cable (6ft),Accessories,2.1,11.99,5,98,1,13,8,3,0,68.0,76.0,65.0,85.0,93.42857142857143,25.747861677280735,92.42857142857143,21.27372625027007,93.86666666666666,23.034806247298352
2024-08-14,103,Braided USB-C Cable (6ft),Accessories,2.1,11.99,5,69,2,14,8,3,0,98.0,87.0,85.0,74.0,96.57142857142857,24.58222354234286,94.78571428571429,19.776359513429068,94.16666666666667,23.0278442151106
2024-08-15,103,Braided USB-C Cable (6ft),Accessories,2.1,11.99,5,89,3,15,8,3,0,69.0,85.0,97.0,70.0,94.0,26.608269391300162,93.64285714285714,20.820135013443668,93.56666666666666,23.45161318373516
2024-08-16,103,Braided USB-C Cable (6ft),Accessories,2.1,11.99,5,108,4,16,8,3,0,89.0,131.0,109.0,136.0,94.57142857142857,26.425096296621422,93.07142857142857,20.830688476802283,93.7,23.412566622693664
2024-08-17,103,Braided USB-C Cable (6ft),Accessories,2.1,11.99,5,131,5,17,8,3,1,108.0,129.0,116.0,131.0,91.28571428571429,22.23896194905305,93.0,20.773503833933805,94.83333333333333,23.24840867128602
2024-08-18,103,Braided USB-C Cable (6ft),Accessories,2.1,11.99,5,76,6,18,8,3,1,131.0,78.0,91.0,81.0,91.57142857142857,22.809772341821283,94.07142857142857,22.37603211444813,96.86666666666666,23.665387694112347
2024-08-19,103,Braided USB-C Cable (6ft),Accessories,2.1,11.99,5,84,0,19,8,3,0,76.0,68.0,77.0,77.0,91.28571428571429,23.019660334261296,93.0,22.887685637612094,94.86666666666666,22.762239350070228
2024-08-20,103,Braided USB-C Cable (6ft),Accessories,2.1,11.99,5,105,1,20,8,3,0,84.0,98.0,76.0,75.0,93.57142857142857,21.030589965231965,93.5,22.58573409511822,93.3,21.786028423803156
2024-08-21,103,Braided USB-C Cable (6ft),Accessories,2.1,11.99,5,83,2,21,8,3,0,105.0,69.0,87.0,85.0,94.57142857142857,21.438727751875778,95.57142857142857,22.18354998889697,94.1,21.75942126512339
2024-08-22,103,Braided USB-C Cable (6ft),Accessories,2.1,11.99,5,84,3,22,8,3,0,83.0,89.0,85.0,83.0,96.57142857142857,19.190771591723855,95.28571428571429,22.327728781214475,94.3,21.623980940708822
2024-08-23,103,Braided USB-C Cable (6ft),Accessories,2.1,11.99,5,127,4,23,8,3,0,84.0,108.0,131.0,116.0,95.85714285714286,19.60806442452165,95.21428571428571,22.364733816464692,94.6,21.408345134066547
2024-08-24,103,Braided USB-C Cable (6ft),Accessories,2.1,11.99,5,115,5,24,8,3,1,127.0,131.0,129.0,154.0,98.57142857142857,22.64845206526005,94.92857142857143,21.892971424687843,96.0,22.120360413600558
2024-08-25,103,Braided USB-C Cable (6ft),Accessories,2.1,11.99,5,78,6,25,8,3,1,115.0,76.0,78.0,95.0,96.28571428571429,19.405448424899376,93.92857142857143,20.49189065014703,97.06666666666666,22.243066852134085
2024-08-26,103,Braided USB-C Cable (6ft),Accessories,2.1,11.99,5,81,0,26,8,3,0,78.0,84.0,68.0,84.0,96.57142857142857,19.068797749702227,93.92857142857143,20.49189065014703,95.8,22.20965928413225
2024-08-27,103,Braided USB-C Cable (6ft),Accessories,2.1,11.99,5,85,1,27,8,3,0,81.0,105.0,98.0,65.0,96.14285714285714,19.4287464978107,94.85714285714286,19.496970742447886,93.36666666666666,19.439531946496324
2024-08-28,103,Braided USB-C Cable (6ft),Accessories,2.1,11.99,5,78,2,28,8,3,0,85.0,83.0,69.0,85.0,93.28571428571429,19.379665336930604,93.92857142857143,19.644785120168237,93.03333333333333,19.496212423200955
2024-08-29,103,Braided USB-C Cable (6ft),Accessories,2.1,11.99,5,80,3,29,8,3,0,78.0,84.0,89.0,97.0,92.57142857142857,19.90692628925207,94.57142857142857,18.899386582289225,92.83333333333333,19.622441995966202
2024-08-30,103,Braided USB-C Cable (6ft),Accessories,2.1,11.99,5,130,4,30,8,3,0,80.0,127.0,108.0,109.0,92.0,20.248456731316608,93.92857142857143,19.25322864318642,93.33333333333333,19.07215578891862
2024-08-31,103,Braided USB-C Cable (6ft),Accessories,2.1,11.99,5,110,5,31,8,3,1,130.0,115.0,131.0,116.0,92.42857142857143,21.12547548070138,95.5,21.281085860092197,94.83333333333333,20.13417635442942
2024-09-01,103,Braided USB-C Cable (6ft),Accessories,2.1,11.99,5,71,6,1,9,3,1,110.0,78.0,76.0,91.0,91.71428571428571,20.30364733830097,94.0,19.227384317486052,95.26666666666667,20.321439898300277
2024-09-02,103,Braided USB-C Cable (6ft),Accessories,2.1,11.99,5,88,0,2,9,3,0,71.0,81.0,84.0,77.0,90.71428571428571,21.242365575380155,93.64285714285714,19.629675897074225,94.0,20.61803696465458
2024-09-03,103,Braided USB-C Cable (6ft),Accessories,2.1,11.99,5,90,1,3,9,3,0,88.0,85.0,105.0,76.0,91.71428571428571,20.87034807020308,93.92857142857143,19.507254215623686,93.06666666666666,20.21766611131231
2024-09-04,103,Braided USB-C Cable (6ft),Accessories,2.1,11.99,5,83,2,4,9,3,0,90.0,78.0,83.0,87.0,92.42857142857143,20.687009956791286,92.85714285714286,19.262786534012836,93.03333333333333,20.222014861468967
2024-09-05,103,Braided USB-C Cable (6ft),Accessories,2.1,11.99,5,86,3,5,9,3,0,83.0,80.0,84.0,85.0,93.14285714285714,20.186039494566323,92.85714285714286,19.262786534012836,93.23333333333333,20.087194983343274
2024-09-06,103,Braided USB-C Cable (6ft),Accessories,2.1,11.99,5,123,4,6,9,3,0,86.0,130.0,127.0,131.0,94.0,19.655363983740784,93.0,19.199358963657765,93.56666666666666,19.873189934203317
2024-09-07,103,Braided USB-C Cable (6ft),Accessories,2.1,11.99,5,138,5,7,9,3,1,123.0,110.0,115.0,129.0,93.0,17.587874611030585,92.71428571428571,18.677129459185263,94.76666666666667,20.538749472279417
2024-09-08,103,Braided USB-C Cable (6ft),Accessories,2.1,11.99,5,70,6,8,9,3,1,138.0,71.0,78.0,78.0,97.0,24.08318915758462,94.35714285714286,21.574939674956752,96.53333333333333,21.903760239823633
2024-09-09,103,Braided USB-C Cable (6ft),Accessories,2.1,11.99,5,85,0,9,9,3,0,70.0,88.0,81.0,68.0,96.85714285714286,24.265397664359945,93.78571428571429,22.140038813907253,94.5,21.41985865563979
2024-09-10,103,Braided USB-C Cable (6ft),Accessories,2.1,11.99,5,68,1,10,9,3,0,85.0,90.0,85.0,98.0,96.42857142857143,24.47350365093609,94.07142857142857,21.98763388716587,93.03333333333333,20.461036703659623
2024-09-11,103,Braided USB-C Cable (6ft),Accessories,2.1,11.99,5,70,2,11,9,3,0,68.0,83.0,78.0,69.0,93.28571428571429,26.743935672187373,92.85714285714286,22.974424385045584,92.7,20.79315205575609
2024-09-12,103,Braided USB-C Cable (6ft),Accessories,2.1,11.99,5,84,3,12,9,3,0,70.0,86.0,80.0,89.0,91.42857142857143,27.999149646951455,92.28571428571429,23.46660006650559,92.76666666666667,20.714285148066367
2024-09-13,103,Braided USB-C Cable (6ft),Accessories,2.1,11.99,5,129,4,13,9,3,0,84.0,123.0,130.0,108.0,91.14285714285714,28.07388211742113,92.57142857142857,23.329460693803824,92.3,20.749989613624336
2024-09-14,103,Braided USB-C Cable (6ft),Accessories,2.1,11.99,5,131,5,14,9,3,1,129.0,138.0,110.0,131.0,92.0,29.27456233660891,92.5,23.20726013722698,94.3,21.31075493411882
2024-09-15,103,Braided USB-C Cable (6ft),Accessories,2.1,11.99,5,78,6,15,9,3,1,131.0,70.0,71.0,76.0,91.0,27.50757471437036,94.0,25.032286843502447,95.7,22.306872298108907
2024-09-16,103,Braided USB-C Cable (6ft),Accessories,2.1,11.99,5,97,0,16,9,3,0,78.0,85.0,88.0,84.0,92.14285714285714,26.64225072717252,94.5,24.60378332383365,94.7,22.40866519590289
2024-09-17,103,Braided USB-C Cable (6ft),Accessories,2.1,11.99,5,85,1,17,9,3,0,97.0,68.0,90.0,105.0,93.85714285714286,26.491687824854136,95.14285714285714,24.538375417534656,93.56666666666666,21.343953893693
2024-09-18,103,Braided USB-C Cable (6ft),Accessories,2.1,11.99,5,80,2,18,9,3,0,85.0,70.0,83.0,83.0,96.28571428571429,24.424811740757182,94.78571428571429,24.655093315046027,93.86666666666666,21.150908243861075
2024-09-19,103,Braided USB-C Cable (6ft),Accessories,2.1,11.99,5,82,3,19,9,3,0,80.0,84.0,86.0,84.0,97.71428571428571,22.874398248655563,94.57142857142857,24.778136410070168,93.73333333333333,21.227719895316678
2024-09-20,103,Braided USB-C Cable (6ft),Accessories,2.1,11.99,5,132,4,20,9,3,0,82.0,129.0,123.0,127.0,97.42857142857143,23.085761433238073,94.28571428571429,24.907300664135153,92.96666666666667,21.222114902137836
2024-09-21,103,Braided USB-C Cable (6ft),Accessories,2.1,11.99,5,120,5,21,9,3,1,132.0,131.0,138.0,115.0,97.85714285714286,23.78675101415755,94.92857142857143,25.805378943499036,94.6,22.287463617082118
2024-09-22,103,Braided USB-C Cable (6ft),Accessories,2.1,11.99,5,89,6,22,9,3,1,120.0,78.0,70.0,78.0,96.28571428571429,21.484213473418798,93.64285714285714,23.87018463032315,95.8,22.66304906899001
2024-09-23,103,Braided USB-C Cable (6ft),Accessories,2.1,11.99,5,88,0,23,9,3,0,89.0,97.0,85.0,81.0,97.85714285714286,20.29309054356988,95.0,22.94474969271923,94.53333333333333,21.90848258541433
2024-09-24,103,Braided USB-C Cable (6ft),Accessories,2.1,11.99,5,91,1,24,9,3,0,88.0,85.0,68.0,85.0,96.57142857142857,20.63861383311346,95.21428571428571,22.858018527182356,93.63333333333334,21.59099961483527
2024-09-25,103,Braided USB-C Cable (6ft),Accessories,2.1,11.99,5,81,2,25,9,3,0,91.0,80.0,70.0,78.0,97.42857142857143,20.19783109525333,96.85714285714286,21.540149070468903,94.06666666666666,21.395992749744682
2024-09-26,103,Braided USB-C Cable (6ft),Accessories,2.1,11.99,5,76,3,26,9,3,0,81.0,82.0,84.0,80.0,97.57142857142857,20.057061456896314,97.64285714285714,20.66809932408711,94.06666666666666,21.395992749744682
2024-09-27,103,Braided USB-C Cable (6ft),Accessories,2.1,11.99,5,128,4,27,9,3,0,76.0,132.0,129.0,130.0,96.71428571428571,20.94209704331039,97.07142857142857,21.17859690897788,93.76666666666667,21.589721905435084
2024-09-28,103,Braided USB-C Cable (6ft),Accessories,2.1,11.99,5,121,5,28,9,3,1,128.0,120.0,131.0,110.0,96.14285714285714,19.84463463532461,97.0,21.06400502497823,95.43333333333334,22.250429415977635
2024-09-29,103,Braided USB-C Cable (6ft),Accessories,2.1,11.99,5,79,6,29,9,3,1,121.0,89.0,78.0,71.0,96.28571428571429,20.047562492850926,96.28571428571429,19.963152870412856,96.8,22.527224908296315
2024-09-30,103,Braided USB-C Cable (6ft),Accessories,2.1,11.99,5,73,0,30,9,3,0,79.0,88.0,97.0,88.0,94.85714285714286,20.9875246390848,96.35714285714286,19.89436388240938,95.1,21.849564029423163
2024-10-01,103,Braided USB-C Cable (6ft),Accessories,2.1,11.99,5,80,1,1,10,4,0,73.0,91.0,85.0,90.0,92.71428571428571,22.51454556291916,94.64285714285714,20.845981508553297,93.86666666666666,22.0230808915107
2024-10-02,103,Braided USB-C Cable (6ft),Accessories,2.1,11.99,5,71,2,2,10,4,0,80.0,81.0,80.0,83.0,91.14285714285714,23.032068740696985,94.28571428571429,21.065570055382853,94.16666666666667,21.760583367771822
2024-10-03,103,Braided USB-C Cable (6ft),Accessories,2.1,11.99,5,81,3,3,10,4,0,71.0,76.0,82.0,86.0,89.71428571428571,24.05351177211821,93.64285714285714,21.663891059183644,93.6,22.14466542751442
2024-10-04,103,Braided USB-C Cable (6ft),Accessories,2.1,11.99,5,131,4,4,10,4,0,81.0,128.0,132.0,123.0,90.42857142857143,23.64922227655098,93.57142857142857,21.70683793616229,93.3,22.255801258439853
2024-10-05,103,Braided USB-C Cable (6ft),Accessories,2.1,11.99,5,131,5,5,10,4,1,131.0,121.0,120.0,138.0,90.85714285714286,24.45695927834975,93.5,21.57188340980349,94.9,23.195347333701108
2024-10-06,103,Braided USB-C Cable (6ft),Accessories,2.1,11.99,5,73,6,6,10,4,1,131.0,79.0,89.0,70.0,92.28571428571429,26.70027643873304,94.28571428571429,22.77795348215388,96.4,24.039622465335487
2024-10-07,103,Braided USB-C Cable (6ft),Accessories,2.1,11.99,5,87,0,7,10,4,0,73.0,73.0,88.0,85.0,91.42857142857143,27.2877087279062,93.14285714285714,23.45489006863749,94.73333333333333,23.864464035007394
2024-10-08,103,Braided USB-C Cable (6ft),Accessories,2.1,11.99,5,81,1,8,10,4,0,87.0,80.0,91.0,68.0,93.42857142857143,26.20341671650948,93.07142857142857,23.473272151417383,93.03333333333333,22.450686700707706
2024-10-09,103,Braided USB-C Cable (6ft),Accessories,2.1,11.99,5,72,2,9,10,4,0,81.0,71.0,81.0,70.0,93.57142857142857,26.120599424318637,92.35714285714286,23.692280933337287,93.4,22.149336411014133
2024-10-10,103,Braided USB-C Cable (6ft),Accessories,2.1,11.99,5,73,3,10,10,4,0,72.0,81.0,76.0,84.0,93.71428571428571,25.978929190880113,91.71428571428571,24.141979306493628,92.96666666666667,22.444542126413904
2024-10-11,103,Braided USB-C Cable (6ft),Accessories,2.1,11.99,5,115,4,11,10,4,0,73.0,131.0,128.0,129.0,92.57142857142857,26.794633435678527,91.5,24.304953594499437,93.13333333333334,22.270644561740973
2024-10-12,103,Braided USB-C Cable (6ft),Accessories,2.1,11.99,5,128,5,12,10,4,1,115.0,131.0,121.0,131.0,90.28571428571429,23.44293984489635,90.57142857142857,23.017432476325414,94.63333333333334,22.174050278357512
2024-10-13,103,Braided USB-C Cable (6ft),Accessories,2.1,11.99,5,96,6,13,10,4,1,128.0,73.0,79.0,78.0,89.85714285714286,22.58634227011664,91.07142857142857,23.79225564278071,96.1,22.89006711247902
2024-10-14,103,Braided USB-C Cable (6ft),Accessories,2.1,11.99,5,80,0,14,10,4,0,96.0,87.0,73.0,97.0,93.14285714285714,21.36530342579275,92.28571428571429,23.561469757696752,95.0,22.031325660178236
2024-10-15,103,Braided USB-C Cable (6ft),Accessories,2.1,11.99,5,85,1,15,10,4,0,80.0,81.0,80.0,85.0,92.14285714285714,21.85885458594582,92.78571428571429,23.1921026725398,93.3,21.10589066326403
2024-10-16,103,Braided USB-C Cable (6ft),Accessories,2.1,11.99,5,86,2,16,10,4,0,85.0,72.0,71.0,80.0,92.71428571428571,21.56937864747374,93.14285714285714,23.017909892607044,93.53333333333333,20.96916181268191
2024-10-17,103,Braided USB-C Cable (6ft),Accessories,2.1,11.99,5,81,3,17,10,4,0,86.0,73.0,81.0,82.0,94.71428571428571,19.914101249401885,94.21428571428571,22.244026238446676,93.16666666666667,21.002599729612033
2024-10-18,103,Braided USB-C Cable (6ft),Accessories,2.1,11.99,5,112,4,18,10,4,0,81.0,115.0,131.0,132.0,95.85714285714286,18.64965210961119,94.21428571428571,22.244026238446676,93.03333333333333,21.06882536590142
2024-10-19,103,Braided USB-C Cable (6ft),Accessories,2.1,11.99,5,124,5,19,10,4,1,112.0,128.0,131.0,120.0,95.42857142857143,18.1645914061501,92.85714285714286,20.323753222644346,94.1,21.19588444112158
2024-10-20,103,Braided USB-C Cable (6ft),Accessories,2.1,11.99,5,91,6,20,10,4,1,124.0,96.0,73.0,89.0,94.85714285714286,16.994396835708084,92.35714285714286,19.37725527462606,95.5,21.748959547052152
2024-10-21,103,Braided USB-C Cable (6ft),Accessories,2.1,11.99,5,94,0,21,10,4,0,91.0,80.0,87.0,88.0,94.14285714285714,17.043362064926963,93.64285714285714,18.574619337054653,94.13333333333334,20.635980184156995
2024-10-22,103,Braided USB-C Cable (6ft),Accessories,2.1,11.99,5,84,1,22,10,4,0,94.0,85.0,81.0,91.0,96.14285714285714,15.889499377771214,94.14285714285714,18.476001660603906,93.26666666666667,20.04982299919007
2024-10-23,103,Braided USB-C Cable (6ft),Accessories,2.1,11.99,5,94,2,23,10,4,0,84.0,86.0,72.0,81.0,96.0,16.01041327803048,94.35714285714286,18.328654081507494,93.1,20.107212636265636
2024-10-24,103,Braided USB-C Cable (6ft),Accessories,2.1,11.99,5,72,3,24,10,4,0,94.0,81.0,73.0,76.0,97.14285714285714,15.453463165566653,95.92857142857143,17.170924824850285,93.3,20.084562608441697
2024-10-25,103,Braided USB-C Cable (6ft),Accessories,2.1,11.99,5,162,4,25,10,4,0,72.0,112.0,115.0,128.0,95.85714285714286,17.286107827082564,95.85714285714286,17.275403336523315,92.66666666666667,20.4557273546847
2024-10-26,103,Braided USB-C Cable (6ft),Accessories,2.1,11.99,5,134,5,26,10,4,1,162.0,124.0,128.0,121.0,103.0,30.413812651491142,99.21428571428571,24.38530002158794,95.36666666666666,23.915776546373994
2024-10-27,103,Braided USB-C Cable (6ft),Accessories,2.1,11.99,5,82,6,27,10,4,1,134.0,91.0,96.0,79.0,104.42857142857143,31.769257376994467,99.64285714285714,24.975702478323083,97.3,24.629880927092586
2024-10-28,103,Braided USB-C Cable (6ft),Accessories,2.1,11.99,5,86,0,28,10,4,0,82.0,94.0,80.0,73.0,103.14285714285714,32.57518775299476,98.64285714285714,25.409287044934338,95.76666666666667,24.078439824204075
2024-10-29,103,Braided USB-C Cable (6ft),Accessories,2.1,11.99,5,89,1,29,10,4,0,86.0,84.0,85.0,80.0,102.0,33.08574718314019,99.07142857142857,25.119604007517815,94.6,23.657906748572213
2024-10-30,103,Braided USB-C Cable (6ft),Accessories,2.1,11.99,5,69,2,30,10,4,0,89.0,94.0,86.0,71.0,102.71428571428571,32.683911871716,99.35714285714286,24.969541885625805,94.93333333333334,23.500452429002657
2024-10-31,103,Braided USB-C Cable (6ft),Accessories,2.1,11.99,5,78,3,31,10,4,0,69.0,72.0,81.0,81.0,99.14285714285714,35.073392438469064,98.14285714285714,26.058682719104297,94.8,23.640117859558014
2024-11-01,103,Braided USB-C Cable (6ft),Accessories,2.1,11.99,5,188,4,1,11,4,0,78.0,162.0,112.0,131.0,100.0,34.3656805548792,97.92857142857143,26.2223166426975,94.73333333333333,23.686069430310127
2024-11-02,103,Braided USB-C Cable (6ft),Accessories,2.1,11.99,5,185,5,2,11,4,1,188.0,134.0,124.0,131.0,103.71428571428571,42.60169904950699,103.35714285714286,35.562744427403096,98.63333333333334,28.737196049399287
2024-11-03,103,Braided USB-C Cable (6ft),Accessories,2.1,11.99,5,130,6,3,11,4,1,185.0,82.0,91.0,73.0,111.0,51.974352649487976,107.71428571428571,41.523725509879014,102.1,32.55589358160136
2024-11-04,103,Braided USB-C Cable (6ft),Accessories,2.1,11.99,5,123,0,4,11,4,0,130.0,86.0,94.0,87.0,117.85714285714286,50.66040061503853,110.5,41.62423480470145,102.06666666666666,32.52578110947699
2024-11-05,103,Braided USB-C Cable (6ft),Accessories,2.1,11.99,5,125,1,5,11,4,0,123.0,89.0,84.0,81.0,123.14285714285714,48.673841610693366,112.57142857142857,41.46122244981403,101.8,32.31248290868621
2024-11-06,103,Braided USB-C Cable (6ft),Accessories,2.1,11.99,5,139,2,6,11,4,0,125.0,69.0,94.0,72.0,128.28571428571428,46.30951768882329,115.5,40.72940725550288,103.53333333333333,32.108365365380756
2024-11-07,103,Braided USB-C Cable (6ft),Accessories,2.1,11.99,5,130,3,7,11,4,0,139.0,78.0,72.0,73.0,138.28571428571428,38.22614413249269,118.71428571428571,40.677774259186215,105.26666666666667,32.58509637467913
2024-11-08,103,Braided USB-C Cable (6ft),Accessories,2.1,11.99,5,204,4,8,11,4,0,130.0,188.0,162.0,115.0,145.71428571428572,28.3296916427172,122.85714285714286,38.44648056886171,106.9,32.554834378004614
2024-11-09,103,Braided USB-C Cable (6ft),Accessories,2.1,11.99,5,205,5,9,11,4,1,204.0,185.0,134.0,128.0,148.0,32.629230249374245,125.85714285714286,43.093560366427575,111.3,36.37178709593089
2024-11-10,103,Braided USB-C Cable (6ft),Accessories,2.1,11.99,5,137,6,10,11,4,1,205.0,130.0,82.0,96.0,150.85714285714286,36.992920815693964,130.92857142857142,48.02157253330444,115.7,39.43405669705068
2024-11-11,103,Braided USB-C Cable (6ft),Accessories,2.1,11.99,5,124,0,11,11,4,0,137.0,123.0,86.0,80.0,151.85714285714286,36.42539668705802,134.85714285714286,45.91439717704959,116.43333333333334,39.62469043354186
2024-11-12,103,Braided USB-C Cable (6ft),Accessories,2.1,11.99,5,128,1,12,11,4,0,124.0,125.0,89.0,85.0,152.0,36.29508690351005,137.57142857142858,43.88220996768898,116.3,39.59114321018851
2024-11-13,103,Braided USB-C Cable (6ft),Accessories,2.1,11.99,5,117,2,13,11,4,0,128.0,139.0,69.0,86.0,152.42857142857142,35.93910193117047,140.35714285714286,41.74760636686404,117.36666666666666,39.4562029853734
2024-11-14,103,Braided USB-C Cable (6ft),Accessories,2.1,11.99,5,130,3,14,11,4,0,117.0,130.0,78.0,81.0,149.28571428571428,38.199975068553485,143.78571428571428,37.1549325256957,118.6,38.82107497312466
2024-11-15,103,Braided USB-C Cable (6ft),Accessories,2.1,11.99,5,163,4,15,11,4,0,130.0,204.0,188.0,112.0,149.28571428571428,38.199975068553485,147.5,32.3627278492735,120.1,38.34449112975683
2024-11-16,103,Braided USB-C Cable (6ft),Accessories,2.1,11.99,5,202,5,16,11,4,1,163.0,205.0,185.0,124.0,143.42857142857142,30.848323254579963,145.71428571428572,30.597708741338284,122.66666666666667,38.559701434433386
2024-11-17,103,Braided USB-C Cable (6ft),Accessories,2.1,11.99,5,118,6,17,11,4,1,202.0,137.0,130.0,91.0,143.0,29.855206134497628,146.92857142857142,32.551649575864495,126.7,40.3383534445903
2024-11-18,103,Braided USB-C Cable (6ft),Accessories,2.1,11.99,5,108,0,18,11,4,0,118.0,124.0,123.0,94.0,140.28571428571428,31.31939913064701,146.07142857142858,33.1835554401324,126.9,40.2777854406123
2024-11-19,103,Braided USB-C Cable (6ft),Accessories,2.1,11.99,5,115,1,19,11,4,0,108.0,128.0,125.0,84.0,138.0,33.23151115031249,145.0,34.212008687908515,126.36666666666666,40.42317816962607
2024-11-20,103,Braided USB-C Cable (6ft),Accessories,2.1,11.99,5,117,2,20,11,4,0,115.0,117.0,139.0,94.0,136.14285714285714,34.231703489740816,144.28571428571428,34.76166892388246,127.16666666666667,39.93363747893311
2024-11-21,103,Braided USB-C Cable (6ft),Accessories,2.1,11.99,5,102,3,21,11,4,0,117.0,130.0,130.0,72.0,136.14285714285714,34.231703489740816,142.71428571428572,35.50824080175128,127.93333333333334,39.49328474854789
2024-11-22,103,Braided USB-C Cable (6ft),Accessories,2.1,11.99,5,192,4,22,11,4,0,102.0,163.0,204.0,162.0,132.14285714285714,36.62161734744748,140.71428571428572,37.03517781251206,128.53333333333333,38.93560849910276
2024-11-23,103,Braided USB-C Cable (6ft),Accessories,2.1,11.99,5,187,5,23,11,4,1,192.0,202.0,205.0,134.0,136.28571428571428,41.94724578052102,139.85714285714286,35.56761089889136,131.8,40.03395110876906
2024-11-24,103,Braided USB-C Cable (6ft),Accessories,2.1,11.99,5,114,6,24,11,4,1,187.0,118.0,137.0,82.0,134.14285714285714,38.25105040574529,138.57142857142858,33.283662626012,135.63333333333333,39.614072154269614
2024-11-25,103,Braided USB-C Cable (6ft),Accessories,2.1,11.99,5,105,0,25,11,4,0,114.0,108.0,124.0,86.0,133.57142857142858,38.56102152371473,136.92857142857142,33.92857721226079,134.03333333333333,39.481539407968754
2024-11-26,103,Braided USB-C Cable (6ft),Accessories,2.1,11.99,5,130,1,26,11,4,0,105.0,115.0,128.0,89.0,133.14285714285714,38.907705198450515,135.57142857142858,34.85290912858302,133.06666666666666,39.835812455916965
2024-11-27,103,Braided USB-C Cable (6ft),Accessories,2.1,11.99,5,143,2,27,11,4,0,130.0,117.0,117.0,69.0,135.28571428571428,38.14758308514585,135.71428571428572,34.82357418016292,134.66666666666666,38.660621802564435
2024-11-28,103,Braided USB-C Cable (6ft),Accessories,2.1,11.99,5,157,3,28,11,4,0,143.0,102.0,130.0,78.0,139.0,37.32738047778527,137.57142857142858,34.439946139764515,136.56666666666666,37.57170921495766
2024-11-29,103,Braided USB-C Cable (6ft),Accessories,2.1,11.99,5,170,4,29,11,4,0,157.0,192.0,163.0,188.0,146.85714285714286,33.8694974444982,139.5,34.73803058940963,138.83333333333334,36.642808329859925
2024-11-30,103,Braided USB-C Cable (6ft),Accessories,2.1,11.99,5,178,5,30,11,4,1,170.0,187.0,202.0,185.0,143.71428571428572,29.752951034109334,140.0,35.15022704817782,142.2,34.58761987006137
2024-12-01,103,Braided USB-C Cable (6ft),Accessories,2.1,11.99,5,133,6,1,12,4,1,178.0,114.0,118.0,130.0,142.42857142857142,27.693905122831502,138.28571428571428,32.36909392859541,145.53333333333333,32.96783524770078
2024-12-02,103,Braided USB-C Cable (6ft),Accessories,2.1,11.99,5,152,0,2,12,4,0,133.0,105.0,108.0,123.0,145.14285714285714,25.268086403133164,139.35714285714286,31.890695876955615,143.7,32.04108354102215
2024-12-03,103,Braided USB-C Cable (6ft),Accessories,2.1,11.99,5,121,1,3,12,4,0,152.0,130.0,115.0,125.0,151.85714285714286,18.031718086274296,142.5,30.70893129919131,142.6,31.127767845357695
2024-12-04,103,Braided USB-C Cable (6ft),Accessories,2.1,11.99,5,116,2,4,12,4,0,121.0,143.0,117.0,139.0,150.57142857142858,20.057061456896633,142.92857142857142,30.335215092780615,142.3,31.296303626621096
2024-12-05,103,Braided USB-C Cable (6ft),Accessories,2.1,11.99,5,113,3,5,12,4,0,116.0,157.0,102.0,130.0,146.71428571428572,23.970219618756975,142.85714285714286,30.402067598860842,142.06666666666666,31.470767315118014
2024-12-06,103,Braided USB-C Cable (6ft),Accessories,2.1,11.99,5,181,4,6,12,4,0,113.0,170.0,192.0,204.0,140.42857142857142,26.462912052261483,143.64285714285714,29.39023161333888,141.66666666666666,31.770006819850305
2024-12-07,103,Braided USB-C Cable (6ft),Accessories,2.1,11.99,5,223,5,7,12,4,1,181.0,178.0,187.0,205.0,142.0,28.740215726400034,142.85714285714286,28.117492893097648,143.06666666666666,32.563924754278325
2024-12-08,103,Braided USB-C Cable (6ft),Accessories,2.1,11.99,5,124,6,8,12,4,1,223.0,133.0,114.0,137.0,148.42857142857142,40.68520264525824,145.42857142857142,33.580475750774305,146.16666666666666,35.56546497447456
2024-12-09,103,Braided USB-C Cable (6ft),Accessories,2.1,11.99,5,108,0,9,12,4,0,124.0,152.0,105.0,124.0,147.14285714285714,41.39012994836897,146.14285714285714,32.96118263108213,143.5,34.04636797683117
2024-12-10,103,Braided USB-C Cable (6ft),Accessories,2.1,11.99,5,134,1,10,12,4,0,108.0,121.0,130.0,128.0,140.85714285714286,43.80041313134161,146.35714285714286,32.681698343161365,140.26666666666668,32.578746333210546
2024-12-11,103,Braided USB-C Cable (6ft),Accessories,2.1,11.99,5,125,2,11,12,4,0,134.0,116.0,143.0,117.0,142.71428571428572,43.08794992305205,146.64285714285714,32.54489713719064,140.16666666666666,32.593719866143616
2024-12-12,103,Braided USB-C Cable (6ft),Accessories,2.1,11.99,5,126,3,12,12,4,0,125.0,113.0,157.0,130.0,144.0,42.2847490237321,145.35714285714286,33.05149162898838,140.2,32.577123346257
2024-12-13,103,Braided USB-C Cable (6ft),Accessories,2.1,11.99,5,186,4,13,12,4,0,126.0,181.0,170.0,163.0,145.85714285714286,40.96107327462913,143.14285714285714,33.249308015603475,140.13333333333333,32.60498516287449
2024-12-14,103,Braided USB-C Cable (6ft),Accessories,2.1,11.99,5,197,5,14,12,4,1,186.0,223.0,178.0,202.0,146.57142857142858,41.71273643567866,144.28571428571428,34.49510237572977,142.43333333333334,33.34219997016658
2024-12-15,103,Braided USB-C Cable (6ft),Accessories,2.1,11.99,5,122,6,15,12,4,1,197.0,124.0,133.0,118.0,142.85714285714286,34.26576800748626,145.64285714285714,36.252548224190285,144.66666666666666,34.69704681195889
2024-12-16,103,Braided USB-C Cable (6ft),Accessories,2.1,11.99,5,119,0,16,12,4,0,122.0,108.0,152.0,108.0,142.57142857142858,34.45701255602009,144.85714285714286,36.664502100610946,143.3,34.75743532461551
2024-12-17,103,Braided USB-C Cable (6ft),Accessories,2.1,11.99,5,117,1,17,12,4,0,119.0,134.0,121.0,115.0,144.14285714285714,32.83000950060076,142.5,37.22643808246611,140.53333333333333,33.19195304778612
2024-12-18,103,Braided USB-C Cable (6ft),Accessories,2.1,11.99,5,135,2,18,12,4,0,117.0,125.0,116.0,117.0,141.71428571428572,34.3011869848762,142.21428571428572,37.418996762090096,140.5,33.215856205256514
2024-12-19,103,Braided USB-C Cable (6ft),Accessories,2.1,11.99,5,128,3,19,12,4,0,135.0,126.0,113.0,102.0,143.14285714285714,33.691881175483054,143.57142857142858,36.73337255603751,141.4,32.6661271360559
2024-12-20,103,Braided USB-C Cable (6ft),Accessories,2.1,11.99,5,168,4,20,12,4,0,128.0,186.0,181.0,192.0,143.42857142857142,33.53037002906062,144.64285714285714,35.984199829406066,141.83333333333334,32.38889053186385
2024-12-21,103,Braided USB-C Cable (6ft),Accessories,2.1,11.99,5,187,5,21,12,4,1,168.0,197.0,223.0,187.0,140.85714285714286,30.251328188079103,143.71428571428572,35.13146424816037,143.53333333333333,32.378934545454904
2024-12-22,103,Braided USB-C Cable (6ft),Accessories,2.1,11.99,5,144,6,22,12,4,1,187.0,122.0,124.0,114.0,139.42857142857142,27.244920889694765,141.14285714285714,29.79379683206422,146.36666666666667,32.33817359196977
2024-12-23,103,Braided USB-C Cable (6ft),Accessories,2.1,11.99,5,119,0,23,12,4,0,144.0,119.0,108.0,105.0,142.57142857142858,26.146109607722902,142.57142857142858,29.385277019189314,144.76666666666668,31.168820996291362
2024-12-24,103,Braided USB-C Cable (6ft),Accessories,2.1,11.99,5,126,1,24,12,4,0,119.0,117.0,134.0,130.0,142.57142857142858,26.146109607722902,143.35714285714286,28.52423299813438,142.5,30.45601690170998
2024-12-25,103,Braided USB-C Cable (6ft),Accessories,2.1,11.99,5,117,2,25,12,4,0,126.0,135.0,125.0,143.0,143.85714285714286,24.869181540135227,142.78571428571428,28.804856885944954,142.9,30.146023927222846
2024-12-26,103,Braided USB-C Cable (6ft),Accessories,2.1,11.99,5,123,3,26,12,4,0,117.0,128.0,126.0,157.0,141.28571428571428,26.79374482794023,142.21428571428572,29.26057618505331,143.3,29.702142033518605
2024-12-27,103,Braided USB-C Cable (6ft),Accessories,2.1,11.99,5,190,4,27,12,4,0,123.0,168.0,186.0,170.0,140.57142857142858,27.269379303883312,142.0,29.399110399936983,143.06666666666666,29.837413835113434
2024-12-28,103,Braided USB-C Cable (6ft),Accessories,2.1,11.99,5,209,5,28,12,4,1,190.0,187.0,197.0,178.0,143.71428571428572,31.841871206082953,142.28571428571428,29.87519828432044,144.63333333333333,31.04333271005433
2024-12-29,103,Braided USB-C Cable (6ft),Accessories,2.1,11.99,5,144,6,29,12,4,1,209.0,144.0,122.0,133.0,146.85714285714286,37.42293668963198,143.14285714285714,31.683184433136866,146.36666666666667,33.138667208682655
2024-12-30,103,Braided USB-C Cable (6ft),Accessories,2.1,11.99,5,136,0,30,12,4,0,144.0,119.0,119.0,152.0,146.85714285714286,37.42293668963198,144.71428571428572,31.093973127201913,145.5,32.837898626539726
2024-12-31,103,Braided USB-C Cable (6ft),Accessories,2.1,11.99,5,126,1,31,12,4,0,136.0,126.0,117.0,121.0,149.28571428571428,35.831616791665645,145.92857142857142,30.335215092780608,144.1,32.29535036460228
2025-01-01,103,Braided USB-C Cable (6ft),Accessories,2.1,11.99,5,71,2,1,1,1,0,126.0,117.0,135.0,116.0,149.28571428571428,35.831616791665645,146.57142857142858,29.765013757027447,143.86666666666667,32.40341971452095
2025-01-02,103,Braided USB-C Cable (6ft),Accessories,2.1,11.99,5,78,3,2,1,1,0,71.0,123.0,128.0,113.0,142.71428571428572,45.620588501663455,142.0,35.950821109698296,141.16666666666666,34.97494998476458
2025-01-03,103,Braided USB-C Cable (6ft),Accessories,2.1,11.99,5,96,4,3,1,1,0,78.0,190.0,168.0,181.0,136.28571428571428,51.63562815767915,138.42857142857142,39.73317599595162,139.73333333333332,36.669947606606506
2025-01-04,103,Braided USB-C Cable (6ft),Accessories,2.1,11.99,5,100,5,4,1,1,1,96.0,209.0,187.0,223.0,122.85714285714286,47.38645577035912,133.28571428571428,40.2672391585336,139.06666666666666,37.29281462947665
2025-01-05,103,Braided USB-C Cable (6ft),Accessories,2.1,11.99,5,78,6,5,1,1,1,100.0,144.0,144.0,124.0,107.28571428571429,28.511484736940155,127.07142857142857,37.98879244788317,138.63333333333333,37.67966920322377
2025-01-06,103,Braided USB-C Cable (6ft),Accessories,2.1,11.99,5,71,0,6,1,1,0,78.0,136.0,119.0,108.0,97.85714285714286,25.049474854299824,122.35714285714286,39.7794054618856,135.2,38.37240387713996
2025-01-07,103,Braided USB-C Cable (6ft),Accessories,2.1,11.99,5,76,1,7,1,1,0,71.0,126.0,126.0,134.0,88.57142857142857,20.11514473273945,118.92857142857143,42.09232395893261,130.13333333333333,36.36191009486612
2025-01-08,103,Braided USB-C Cable (6ft),Accessories,2.1,11.99,5,64,2,8,1,1,0,76.0,71.0,117.0,125.0,81.42857142857143,11.745313148332336,115.35714285714286,43.54238808838529,128.53333333333333,37.67349139677644
2025-01-09,103,Braided USB-C Cable (6ft),Accessories,2.1,11.99,5,75,3,9,1,1,0,64.0,78.0,123.0,126.0,80.42857142857143,13.010984370358827,111.57142857142857,45.64194138275463,127.06666666666666,39.32090199033248
2025-01-10,103,Braided USB-C Cable (6ft),Accessories,2.1,11.99,5,100,4,10,1,1,0,75.0,96.0,190.0,186.0,80.0,13.152946437966186,108.14285714285714,46.511962303934624,125.1,40.42221137461176
2025-01-11,103,Braided USB-C Cable (6ft),Accessories,2.1,11.99,5,119,5,11,1,1,1,100.0,100.0,209.0,197.0,80.57142857142857,14.022091413874575,101.71428571428571,40.10645175688659,124.26666666666667,40.68121089078138
2025-01-12,103,Braided USB-C Cable (6ft),Accessories,2.1,11.99,5,67,6,12,1,1,1,119.0,78.0,144.0,122.0,83.28571428571429,19.26753993736883,95.28571428571429,26.48781598404059,124.03333333333333,40.69099988037117
2025-01-13,103,Braided USB-C Cable (6ft),Accessories,2.1,11.99,5,75,0,13,1,1,0,67.0,71.0,136.0,119.0,81.71428571428571,20.19665224498282,89.78571428571429,23.409986598190827,120.06666666666666,40.23974132135039
2025-01-14,103,Braided USB-C Cable (6ft),Accessories,2.1,11.99,5,80,1,14,1,1,0,75.0,76.0,126.0,117.0,82.28571428571429,19.897355651060007,85.42857142857143,19.4964071077184,116.0,38.3153881034401
2025-01-15,103,Braided USB-C Cable (6ft),Accessories,2.1,11.99,5,73,2,15,1,1,0,80.0,64.0,71.0,135.0,82.85714285714286,19.743594500736982,82.14285714285714,15.624719777707094,114.6,38.852151229660514
2025-01-16,103,Braided USB-C Cable (6ft),Accessories,2.1,11.99,5,67,3,16,1,1,0,73.0,75.0,78.0,128.0,84.14285714285714,18.569047466403106,82.28571428571429,15.52382076001311,113.06666666666666,39.57353115171919
2025-01-17,103,Braided USB-C Cable (6ft),Accessories,2.1,11.99,5,113,4,17,1,1,0,67.0,100.0,96.0,168.0,83.0,19.450792614527074,81.5,16.02762039058258,111.4,40.445450705346545
2025-01-18,103,Braided USB-C Cable (6ft),Accessories,2.1,11.99,5,104,5,18,1,1,1,113.0,119.0,100.0,187.0,84.85714285714286,21.820697906869636,82.71428571428571,17.760927606703216,110.66666666666667,40.201503946248415
2025-01-19,103,Braided USB-C Cable (6ft),Accessories,2.1,11.99,5,73,6,19,1,1,1,104.0,67.0,78.0,144.0,82.71428571428571,18.373117007504096,83.0,18.089520978477353,109.86666666666666,40.08330406001747
2025-01-20,103,Braided USB-C Cable (6ft),Accessories,2.1,11.99,5,80,0,20,1,1,0,73.0,75.0,71.0,119.0,83.57142857142857,17.643290914274527,82.64285714285714,18.24452348960203,106.7,39.07212605531922
2025-01-21,103,Braided USB-C Cable (6ft),Accessories,2.1,11.99,5,76,1,21,1,1,0,80.0,80.0,76.0,126.0,84.28571428571429,17.336995950032296,83.28571428571429,17.95904987819443,103.13333333333334,36.27265839618641
2025-01-22,103,Braided USB-C Cable (6ft),Accessories,2.1,11.99,5,64,2,22,1,1,0,76.0,73.0,64.0,117.0,83.71428571428571,17.566201313073815,83.28571428571429,17.95904987819443,100.86666666666666,35.75176227470642
2025-01-23,103,Braided USB-C Cable (6ft),Accessories,2.1,11.99,5,60,3,23,1,1,0,64.0,67.0,75.0,123.0,82.42857142857143,18.769275806107224,83.28571428571429,17.95904987819443,99.03333333333333,36.19724063910193
2025-01-24,103,Braided USB-C Cable (6ft),Accessories,2.1,11.99,5,112,4,24,1,1,0,60.0,113.0,100.0,190.0,81.42857142857143,19.881793537951296,82.21428571428571,18.91348144101935,96.83333333333333,36.50610089147902
2025-01-25,103,Braided USB-C Cable (6ft),Accessories,2.1,11.99,5,111,5,25,1,1,1,112.0,104.0,119.0,209.0,81.28571428571429,19.618989828856364,83.07142857142857,20.021005452790384,96.66666666666667,36.42217336518612
2025-01-26,103,Braided USB-C Cable (6ft),Accessories,2.1,11.99,5,65,6,26,1,1,1,111.0,73.0,67.0,144.0,82.28571428571429,21.092765629588964,82.5,19.005060054951436,96.26666666666667,36.18814183120483
2025-01-27,103,Braided USB-C Cable (6ft),Accessories,2.1,11.99,5,85,0,27,1,1,0,65.0,80.0,75.0,136.0,81.14285714285714,21.881716655910054,82.35714285714286,19.13758743277887,92.1,31.97450492997875
2025-01-28,103,Braided USB-C Cable (6ft),Accessories,2.1,11.99,5,86,1,28,1,1,0,85.0,76.0,80.0,126.0,81.85714285714286,21.919767117289318,83.07142857142857,19.028174599036856,87.96666666666667,23.134514196897026
2025-01-29,103,Braided USB-C Cable (6ft),Accessories,2.1,11.99,5,82,2,29,1,1,0,86.0,64.0,73.0,71.0,83.28571428571429,21.79995631275675,83.5,19.02124318512581,86.03333333333333,20.571965076930052
2025-01-30,103,Braided USB-C Cable (6ft),Accessories,2.1,11.99,5,76,3,30,1,1,0,82.0,60.0,67.0,78.0,85.85714285714286,20.144714537802002,84.14285714285714,18.789756386258652,84.23333333333333,18.284501319580464
2025-01-31,103,Braided USB-C Cable (6ft),Accessories,2.1,11.99,5,103,4,31,1,1,0,76.0,112.0,113.0,96.0,88.14285714285714,17.449246129165523,84.78571428571429,18.305856866161665,82.56666666666666,16.541866077723082
2025-02-01,103,Braided USB-C Cable (6ft),Accessories,2.1,11.99,5,102,5,1,2,1,1,103.0,111.0,104.0,100.0,86.85714285714286,15.635734407957884,84.07142857142857,17.287008397656955,83.63333333333334,16.80000684181557
2025-02-02,103,Braided USB-C Cable (6ft),Accessories,2.1,11.99,5,75,6,2,2,1,1,102.0,65.0,73.0,78.0,85.57142857142857,13.550610599491643,83.92857142857143,17.117082271652148,84.43333333333334,17.091404036942535
2025-02-03,103,Braided USB-C Cable (6ft),Accessories,2.1,11.99,5,72,0,3,2,1,0,75.0,85.0,80.0,71.0,87.0,11.372481406154986,84.07142857142857,17.026966330429655,83.73333333333333,17.03127616522275
2025-02-04,103,Braided USB-C Cable (6ft),Accessories,2.1,11.99,5,59,1,4,2,1,0,72.0,86.0,76.0,76.0,85.14285714285714,12.733532783279935,83.5,17.306068299876863,82.8,16.87560982295289
2025-02-05,103,Braided USB-C Cable (6ft),Accessories,2.1,11.99,5,65,2,5,2,1,0,59.0,82.0,64.0,64.0,81.28571428571429,16.080156360291916,82.28571428571429,18.432532158068916,82.16666666666667,17.410031458969023
2025-02-06,103,Braided USB-C Cable (6ft),Accessories,2.1,11.99,5,66,3,6,2,1,0,65.0,76.0,60.0,75.0,78.85714285714286,17.199114041413065,82.35714285714286,18.35800870237528,81.96666666666667,17.576401368239843
2025-02-07,103,Braided USB-C Cable (6ft),Accessories,2.1,11.99,5,108,4,7,2,1,0,66.0,103.0,112.0,100.0,77.42857142857143,17.877892706330243,82.78571428571429,17.859186696223105,81.63333333333334,17.787022261174922
2025-02-08,103,Braided USB-C Cable (6ft),Accessories,2.1,11.99,5,116,5,8,2,1,1,108.0,102.0,111.0,119.0,78.14285714285714,19.12614764686115,82.5,17.381466699199684,83.1,18.09429325162645
2025-02-09,103,Braided USB-C Cable (6ft),Accessories,2.1,11.99,5,90,6,9,2,1,1,116.0,75.0,65.0,67.0,80.14285714285714,22.475383359196908,82.85714285714286,18.050600428356358,84.46666666666667,18.987715326845567
2025-02-10,103,Braided USB-C Cable (6ft),Accessories,2.1,11.99,5,64,0,10,2,1,0,90.0,72.0,85.0,75.0,82.28571428571429,22.61794483527265,84.64285714285714,17.37198072430766,84.13333333333334,18.79239268929048
2025-02-11,103,Braided USB-C Cable (6ft),Accessories,2.1,11.99,5,73,1,11,2,1,0,64.0,59.0,86.0,80.0,81.14285714285714,23.412450899956315,83.14285714285714,18.224485401016707,82.3,17.93695857046598
2025-02-12,103,Braided USB-C Cable (6ft),Accessories,2.1,11.99,5,78,2,12,2,1,0,73.0,65.0,82.0,73.0,83.14285714285714,21.744183677699464,82.21428571428571,18.39807084965742,82.5,17.793354047954374
2025-02-13,103,Braided USB-C Cable (6ft),Accessories,2.1,11.99,5,80,3,13,2,1,0,78.0,66.0,76.0,67.0,85.0,20.453198608856784,81.92857142857143,18.432681201163852,82.6,17.758145289920435
2025-02-14,103,Braided USB-C Cable (6ft),Accessories,2.1,11.99,5,126,4,14,2,1,0,80.0,108.0,103.0,113.0,87.0,18.912077270005913,82.21428571428571,18.364592066208406,82.6,17.758145289920435
2025-02-15,103,Braided USB-C Cable (6ft),Accessories,2.1,11.99,5,103,5,15,2,1,1,126.0,116.0,102.0,104.0,89.57142857142857,23.020694623585715,83.85714285714286,21.180023762815033,84.36666666666666,19.33637510752321
2025-02-16,103,Braided USB-C Cable (6ft),Accessories,2.1,11.99,5,74,6,16,2,1,1,103.0,90.0,75.0,73.0,87.71428571428571,20.9659588040098,83.92857142857143,21.247495004259843,85.56666666666666,19.33851496158723
2025-02-17,103,Braided USB-C Cable (6ft),Accessories,2.1,11.99,5,67,0,17,2,1,0,74.0,64.0,72.0,80.0,85.42857142857143,21.539553870783603,83.85714285714286,21.28147313747575,84.26666666666667,18.732110239451966
2025-02-18,103,Braided USB-C Cable (6ft),Accessories,2.1,11.99,5,81,1,18,2,1,0,67.0,73.0,59.0,76.0,85.85714285714286,21.06678722087285,83.5,21.53619493568201,83.03333333333333,18.605678282927727
2025-02-19,103,Braided USB-C Cable (6ft),Accessories,2.1,11.99,5,72,2,19,2,1,0,81.0,78.0,65.0,64.0,87.0,20.461345670963933,85.07142857142857,20.3827388727827,83.3,18.514020782024463
2025-02-20,103,Braided USB-C Cable (6ft),Accessories,2.1,11.99,5,91,3,20,2,1,0,72.0,80.0,66.0,60.0,86.14285714285714,21.01926553925069,85.57142857142857,19.93340561320775,83.03333333333333,18.62049914759912
2025-02-21,103,Braided USB-C Cable (6ft),Accessories,2.1,11.99,5,121,4,21,2,1,0,91.0,126.0,108.0,112.0,87.71428571428571,20.894291770037007,87.35714285714286,19.149642064769623,83.53333333333333,18.62651675533496
2025-02-22,103,Braided USB-C Cable (6ft),Accessories,2.1,11.99,5,108,5,22,2,1,1,121.0,103.0,116.0,111.0,87.0,19.399312702602145,88.28571428571429,20.495510095285184,85.43333333333334,19.454072055490663
2025-02-23,103,Braided USB-C Cable (6ft),Accessories,2.1,11.99,5,79,6,23,2,1,1,108.0,74.0,90.0,65.0,87.71428571428571,20.16361645567174,87.71428571428571,19.76176795045108,87.03333333333333,19.263120621850117
2025-02-24,103,Braided USB-C Cable (6ft),Accessories,2.1,11.99,5,76,0,24,2,1,0,79.0,67.0,64.0,85.0,88.42857142857143,19.679576069766387,86.92857142857143,19.882208071595084,85.93333333333334,18.722903792862223
2025-02-25,103,Braided USB-C Cable (6ft),Accessories,2.1,11.99,5,74,1,25,2,1,0,76.0,81.0,73.0,86.0,89.71428571428571,18.291293791622174,87.78571428571429,19.059334766938868,84.76666666666667,18.18996186482179
2025-02-26,103,Braided USB-C Cable (6ft),Accessories,2.1,11.99,5,73,2,26,2,1,0,74.0,72.0,78.0,82.0,88.71428571428571,19.023794624227033,87.85714285714286,19.00144586748461,85.06666666666666,17.925003406594644
2025-02-27,103,Braided USB-C Cable (6ft),Accessories,2.1,11.99,5,81,3,27,2,1,0,73.0,91.0,80.0,76.0,88.85714285714286,18.88057706947004,87.5,19.246378280681274,84.66666666666667,18.05992578999766
2025-02-28,103,Braided USB-C Cable (6ft),Accessories,2.1,11.99,5,109,4,28,2,1,0,81.0,121.0,126.0,103.0,87.42857142857143,19.068797749702398,87.57142857142857,19.21823767520483,84.5,18.070265154629396
2025-03-01,103,Braided USB-C Cable (6ft),Accessories,2.1,11.99,5,120,5,1,3,1,1,109.0,108.0,103.0,102.0,85.71428571428571,15.80837632094991,86.35714285714286,17.01405366095996,85.4,18.60589450536632
2025-03-02,103,Braided USB-C Cable (6ft),Accessories,2.1,11.99,5,103,6,2,3,1,1,120.0,79.0,74.0,75.0,87.42857142857143,18.963624327091466,87.57142857142857,18.805540450844656,86.86666666666666,19.549642087442926
2025-03-03,103,Braided USB-C Cable (6ft),Accessories,2.1,11.99,5,99,0,3,3,1,0,103.0,76.0,67.0,72.0,90.85714285714286,19.35138730107477,89.64285714285714,18.79282654818941,86.86666666666666,19.549642087442926
2025-03-04,103,Braided USB-C Cable (6ft),Accessories,2.1,11.99,5,110,1,4,3,1,0,99.0,74.0,81.0,59.0,94.14285714285714,18.33419911375635,91.92857142857143,17.743749866943634,86.76666666666667,19.477101202806367
2025-03-05,103,Braided USB-C Cable (6ft),Accessories,2.1,11.99,5,83,2,5,3,1,0,110.0,73.0,72.0,65.0,99.28571428571429,16.72038960585055,94.0,18.059729957943695,87.93333333333334,19.793648116179092
2025-03-06,103,Braided USB-C Cable (6ft),Accessories,2.1,11.99,5,87,3,6,3,1,0,83.0,81.0,91.0,66.0,100.71428571428571,14.360992139754888,94.78571428571429,17.250099537855917,88.3,19.589141960755057
2025-03-07,103,Braided USB-C Cable (6ft),Accessories,2.1,11.99,5,123,4,7,3,1,0,87.0,109.0,121.0,108.0,101.57142857142857,13.113061463761516,94.5,17.35045998060179,89.23333333333333,18.795970465690793
2025-03-08,103,Braided USB-C Cable (6ft),Accessories,2.1,11.99,5,125,5,8,3,1,1,123.0,120.0,108.0,116.0,103.57142857142857,15.317279380459633,94.64285714285714,17.591987436842512,91.16666666666667,19.19605443176074
2025-03-09,103,Braided USB-C Cable (6ft),Accessories,2.1,11.99,5,99,6,9,3,1,1,125.0,103.0,79.0,90.0,104.28571428571429,16.29636243372841,95.85714285714286,19.106411098239978,93.13333333333334,19.54787815160204
2025-03-10,103,Braided USB-C Cable (6ft),Accessories,2.1,11.99,5,76,0,10,3,1,0,99.0,99.0,76.0,64.0,103.71428571428571,16.418630532764745,97.28571428571429,18.486704459103695,92.83333333333333,19.3801948912539
2025-03-11,103,Braided USB-C Cable (6ft),Accessories,2.1,11.99,5,108,1,11,3,1,0,76.0,110.0,74.0,73.0,100.42857142857143,19.526538717492173,97.28571428571429,18.486704459103695,91.5,19.105424396733643
2025-03-12,103,Braided USB-C Cable (6ft),Accessories,2.1,11.99,5,83,2,12,3,1,0,108.0,83.0,73.0,78.0,100.14285714285714,19.37720801550618,99.71428571428571,17.393316892630775,92.1,19.33792058143243
2025-03-13,103,Braided USB-C Cable (6ft),Accessories,2.1,11.99,5,92,3,13,3,1,0,83.0,87.0,81.0,80.0,100.14285714285714,19.37720801550618,100.42857142857143,16.388149028228632,92.73333333333333,18.68603264719264
2025-03-14,103,Braided USB-C Cable (6ft),Accessories,2.1,11.99,5,116,4,14,3,1,0,92.0,123.0,109.0,126.0,100.85714285714286,18.898223650461535,101.21428571428571,15.631224035089746,93.36666666666666,18.312391382911052
2025-03-15,103,Braided USB-C Cable (6ft),Accessories,2.1,11.99,5,143,5,15,3,1,1,116.0,125.0,120.0,103.0,99.85714285714286,17.676996081806347,101.71428571428571,16.006866658399534,94.63333333333334,18.52581299501948
2025-03-16,103,Braided USB-C Cable (6ft),Accessories,2.1,11.99,5,83,6,16,3,1,1,143.0,99.0,103.0,74.0,102.42857142857143,22.57474357814622,103.35714285714286,18.939609056387454,96.73333333333333,20.295970949466934
2025-03-17,103,Braided USB-C Cable (6ft),Accessories,2.1,11.99,5,95,0,17,3,1,0,83.0,76.0,99.0,67.0,100.14285714285714,23.758707676896,101.92857142857143,19.707336727196886,95.3,19.666442624868317
2025-03-18,103,Braided USB-C Cable (6ft),Accessories,2.1,11.99,5,108,1,18,3,1,0,95.0,108.0,110.0,81.0,102.85714285714286,21.520754102560243,101.64285714285714,19.781915372991016,95.03333333333333,19.612598578171678
2025-03-19,103,Braided USB-C Cable (6ft),Accessories,2.1,11.99,5,100,2,19,3,1,0,108.0,83.0,83.0,72.0,102.85714285714286,21.520754102560243,101.5,19.72405793792099,96.16666666666667,19.33566177020974
2025-03-20,103,Braided USB-C Cable (6ft),Accessories,2.1,11.99,5,94,3,20,3,1,0,100.0,92.0,87.0,91.0,105.28571428571429,19.796584602015777,102.71428571428571,19.00780637782029,97.26666666666667,18.541534611437186
2025-03-21,103,Braided USB-C Cable (6ft),Accessories,2.1,11.99,5,138,4,21,3,1,0,94.0,116.0,123.0,121.0,105.57142857142857,19.58619533291379,103.21428571428571,18.651370629892828,97.7,18.298577295365877
2025-03-22,103,Braided USB-C Cable (6ft),Accessories,2.1,11.99,5,147,5,22,3,1,1,138.0,143.0,125.0,108.0,108.71428571428571,23.005175401159217,104.28571428571429,20.238685619486212,99.9,19.054097215288184
2025-03-23,103,Braided USB-C Cable (6ft),Accessories,2.1,11.99,5,68,6,23,3,1,1,147.0,83.0,99.0,79.0,109.28571428571429,24.025779804994905,105.85714285714286,22.677868380553686,101.76666666666667,20.81392659326643
2025-03-24,103,Braided USB-C Cable (6ft),Accessories,2.1,11.99,5,88,0,24,3,1,0,68.0,95.0,76.0,76.0,107.14285714285714,27.217816293919135,103.64285714285714,24.811929955806956,100.0,21.367071023842477
2025-03-25,103,Braided USB-C Cable (6ft),Accessories,2.1,11.99,5,85,1,25,3,1,0,88.0,108.0,108.0,74.0,106.14285714285714,27.859340572649298,104.5,23.976751560305615,99.33333333333333,21.42079771419919
2025-03-26,103,Braided USB-C Cable (6ft),Accessories,2.1,11.99,5,99,2,26,3,1,0,85.0,100.0,83.0,73.0,102.85714285714286,28.939180888134985,102.85714285714286,24.50072885213247,99.53333333333333,21.251747730697186
2025-03-27,103,Braided USB-C Cable (6ft),Accessories,2.1,11.99,5,79,3,27,3,1,0,99.0,94.0,92.0,81.0,102.71428571428571,28.958097806510622,104.0,23.868227996487505,100.3,20.783199448360755
2025-03-28,103,Braided USB-C Cable (6ft),Accessories,2.1,11.99,5,133,4,28,3,1,0,79.0,138.0,116.0,109.0,100.57142857142857,30.23715784073829,103.07142857142857,24.612268003248676,100.46666666666667,20.584113950482173
2025-03-29,103,Braided USB-C Cable (6ft),Accessories,2.1,11.99,5,131,5,29,3,1,1,133.0,147.0,143.0,120.0,99.85714285714286,29.24852458631371,104.28571428571429,25.69474226801628,102.46666666666667,20.737660782080567
2025-03-30,103,Braided USB-C Cable (6ft),Accessories,2.1,11.99,5,99,6,30,3,1,1,131.0,68.0,83.0,103.0,97.57142857142857,25.310453327015992,103.42857142857143,24.475149989999434,104.13333333333334,20.960937945145233
2025-03-31,103,Braided USB-C Cable (6ft),Accessories,2.1,11.99,5,74,0,31,3,1,0,99.0,88.0,95.0,99.0,102.0,21.733231083604206,104.57142857142857,23.812454032143965,103.8,20.960389572583857
2025-04-01,103,Braided USB-C Cable (6ft),Accessories,2.1,11.99,5,93,1,1,4,2,0,74.0,85.0,108.0,110.0,100.0,23.78374795247111,103.07142857142857,25.088962592264476,102.26666666666667,21.412103140970036
2025-04-02,103,Braided USB-C Cable (6ft),Accessories,2.1,11.99,5,85,2,2,4,2,0,93.0,99.0,100.0,83.0,101.14285714285714,23.125949143970953,102.0,25.18241144437618,101.93333333333334,21.478029405102212
2025-04-03,103,Braided USB-C Cable (6ft),Accessories,2.1,11.99,5,95,3,3,4,2,0,85.0,79.0,94.0,87.0,99.14285714285714,23.933439447967586,100.92857142857143,25.589854617419412,101.46666666666667,21.694959423050655
2025-04-04,103,Braided USB-C Cable (6ft),Accessories,2.1,11.99,5,130,4,4,4,2,0,95.0,133.0,138.0,123.0,101.42857142857143,22.404293806152154,101.0,25.570415597837986,100.96666666666667,21.664341166094058
2025-04-05,103,Braided USB-C Cable (6ft),Accessories,2.1,11.99,5,139,5,5,4,2,1,130.0,131.0,147.0,125.0,101.0,21.717888172349394,100.42857142857143,24.756395555070675,102.53333333333333,22.016816978960794
2025-04-06,103,Braided USB-C Cable (6ft),Accessories,2.1,11.99,5,82,6,6,4,2,1,139.0,99.0,68.0,99.0,102.14285714285714,23.681417267755123,99.85714285714286,23.6671051912115,104.26666666666667,22.78525435653404
2025-04-07,103,Braided USB-C Cable (6ft),Accessories,2.1,11.99,5,108,0,7,4,2,0,82.0,74.0,88.0,76.0,99.71428571428571,24.89788669555649,100.85714285714286,22.48369372493065,102.9,22.852374810569636
2025-04-08,103,Braided USB-C Cable (6ft),Accessories,2.1,11.99,5,97,1,8,4,2,0,108.0,93.0,85.0,108.0,104.57142857142857,22.217539189096847,102.28571428571429,22.237973660553585,102.33333333333333,22.493421771453637
2025-04-09,103,Braided USB-C Cable (6ft),Accessories,2.1,11.99,5,77,2,9,4,2,0,97.0,85.0,99.0,83.0,105.14285714285714,21.919767117289293,103.14285714285714,21.746289313377154,102.26666666666667,22.506601841166077
2025-04-10,103,Braided USB-C Cable (6ft),Accessories,2.1,11.99,5,85,3,10,4,2,0,77.0,95.0,79.0,92.0,104.0,23.309511649396256,101.57142857142857,22.836254191405995,102.3,22.467064016404994
2025-04-11,103,Braided USB-C Cable (6ft),Accessories,2.1,11.99,5,128,4,11,4,2,0,85.0,130.0,133.0,116.0,102.57142857142857,24.240854927560918,102.0,22.432805647773346,101.53333333333333,22.65746939841756
2025-04-12,103,Braided USB-C Cable (6ft),Accessories,2.1,11.99,5,131,5,12,4,2,1,128.0,139.0,131.0,143.0,102.28571428571429,23.872678146885168,101.64285714285714,21.935595037981805,103.03333333333333,22.876706016402768
2025-04-13,103,Braided USB-C Cable (6ft),Accessories,2.1,11.99,5,89,6,13,4,2,1,131.0,82.0,99.0,83.0,101.14285714285714,21.934968820193568,101.64285714285714,21.935595037981805,104.33333333333333,23.331691239426977
2025-04-14,103,Braided USB-C Cable (6ft),Accessories,2.1,11.99,5,81,0,14,4,2,0,89.0,108.0,74.0,95.0,102.14285714285714,21.05887438768267,100.92857142857143,22.189617411733877,103.43333333333334,23.386827022084862
2025-04-15,103,Braided USB-C Cable (6ft),Accessories,2.1,11.99,5,93,1,15,4,2,0,81.0,97.0,93.0,108.0,98.28571428571429,22.2464550413042,101.42857142857143,21.607385794656494,101.36666666666666,22.492118670744404
2025-04-16,103,Braided USB-C Cable (6ft),Accessories,2.1,11.99,5,86,2,16,4,2,0,93.0,77.0,85.0,100.0,97.71428571428571,22.3361760806269,101.42857142857143,21.607385794656494,101.7,22.28367269920997
2025-04-17,103,Braided USB-C Cable (6ft),Accessories,2.1,11.99,5,97,3,17,4,2,0,86.0,85.0,95.0,94.0,99.0,21.17388328420983,101.5,21.550477417520923,101.4,22.437038344112413
2025-04-18,103,Braided USB-C Cable (6ft),Accessories,2.1,11.99,5,145,4,18,4,2,0,97.0,128.0,130.0,138.0,100.71428571428571,20.32005811765234,101.64285714285714,21.510666916876232,101.03333333333333,22.415332396303647
2025-04-19,103,Braided USB-C Cable (6ft),Accessories,2.1,11.99,5,131,5,19,4,2,1,145.0,131.0,139.0,147.0,103.14285714285714,24.674065814322745,102.71428571428571,23.32851860319859,102.53333333333333,23.80630651497742
2025-04-20,103,Braided USB-C Cable (6ft),Accessories,2.1,11.99,5,82,6,20,4,2,1,131.0,89.0,82.0,68.0,103.14285714285714,24.674065814322745,102.14285714285714,22.452881065285823,103.76666666666667,24.30223962055168
2025-04-21,103,Braided USB-C Cable (6ft),Accessories,2.1,11.99,5,89,0,21,4,2,0,82.0,81.0,108.0,88.0,102.14285714285714,25.471739709127263,102.14285714285714,22.452881065285823,101.9,23.725949710289175
2025-04-22,103,Braided USB-C Cable (6ft),Accessories,2.1,11.99,5,87,1,22,4,2,0,89.0,93.0,97.0,85.0,103.28571428571429,24.526953104114565,100.78571428571429,22.64501497673838,99.96666666666667,22.24081884707718
2025-04-23,103,Braided USB-C Cable (6ft),Accessories,2.1,11.99,5,85,2,23,4,2,0,87.0,86.0,77.0,99.0,102.42857142857143,25.04567256604863,100.07142857142857,22.929538509611103,100.6,21.55922076513894
2025-04-24,103,Braided USB-C Cable (6ft),Accessories,2.1,11.99,5,80,3,24,4,2,0,85.0,97.0,85.0,79.0,102.28571428571429,25.15759849239924,100.64285714285714,22.4040076870091,100.5,21.62653223593006
2025-04-25,103,Braided USB-C Cable (6ft),Accessories,2.1,11.99,5,123,4,25,4,2,0,80.0,145.0,128.0,133.0,99.85714285714286,26.535690251863887,100.28571428571429,22.710311353177087,100.33333333333333,21.768901154428125
2025-04-26,103,Braided USB-C Cable (6ft),Accessories,2.1,11.99,5,153,5,26,4,2,1,123.0,131.0,131.0,131.0,96.71428571428571,21.029457797054647,99.92857142857143,22.276114444069393,101.13333333333334,22.155770375221405
2025-04-27,103,Braided USB-C Cable (6ft),Accessories,2.1,11.99,5,96,6,27,4,2,1,153.0,82.0,89.0,99.0,99.85714285714286,27.619006568114116,101.5,25.2182778647064,103.6,23.673934451497335
2025-04-28,103,Braided USB-C Cable (6ft),Accessories,2.1,11.99,5,76,0,28,4,2,0,96.0,89.0,81.0,74.0,101.85714285714286,26.598424586358444,102.0,25.019992006393657,102.36666666666666,23.044908680486298
2025-04-29,103,Braided USB-C Cable (6ft),Accessories,2.1,11.99,5,87,1,29,4,2,0,76.0,87.0,93.0,93.0,100.0,28.059460674313403,101.64285714285714,25.37596422679467,100.53333333333333,22.875575490531084
2025-04-30,103,Braided USB-C Cable (6ft),Accessories,2.1,11.99,5,89,2,30,4,2,0,87.0,85.0,86.0,85.0,100.0,28.059460674313403,101.21428571428571,25.58298283994682,100.13333333333334,23.00784473913686
2025-05-01,103,Braided USB-C Cable (6ft),Accessories,2.1,11.99,5,86,3,1,5,2,0,89.0,80.0,97.0,95.0,100.57142857142857,27.742008716368296,101.42857142857143,25.45800247682234,100.63333333333334,22.579336500030447
2025-05-02,103,Braided USB-C Cable (6ft),Accessories,2.1,11.99,5,142,4,2,5,2,0,86.0,123.0,145.0,130.0,101.42857142857143,27.085402851334045,100.64285714285714,25.772994640655458,100.4,22.696802144491738
2025-05-03,103,Braided USB-C Cable (6ft),Accessories,2.1,11.99,5,124,5,3,5,2,1,142.0,153.0,131.0,139.0,104.14285714285714,30.361316239740503,100.42857142857143,25.385381273827356,102.3,23.72565903303263
2025-05-04,103,Braided USB-C Cable (6ft),Accessories,2.1,11.99,5,80,6,4,5,2,1,124.0,96.0,82.0,82.0,100.0,23.86769085325754,99.92857142857143,24.799082755104223,103.26666666666667,24.007087076216816
2025-05-05,103,Braided USB-C Cable (6ft),Accessories,2.1,11.99,5,86,0,5,5,2,0,80.0,76.0,89.0,108.0,97.71428571428571,25.051375782009174,99.78571428571429,24.915792247020875,101.6,23.822041372905307
2025-05-06,103,Braided USB-C Cable (6ft),Accessories,2.1,11.99,5,85,1,6,5,2,0,86.0,87.0,87.0,97.0,99.14285714285714,23.863700267900565,99.57142857142857,25.02833559023821,99.83333333333333,22.900208301015134
2025-05-07,103,Braided USB-C Cable (6ft),Accessories,2.1,11.99,5,94,2,7,5,2,0,85.0,89.0,85.0,77.0,98.85714285714286,24.04460141368254,99.42857142857143,25.111181345596442,99.93333333333334,22.826079055708817
2025-05-08,103,Braided USB-C Cable (6ft),Accessories,2.1,11.99,5,101,3,8,5,2,0,94.0,86.0,80.0,85.0,99.57142857142857,23.775737933568355,100.07142857142857,24.826983724953845,99.46666666666667,22.79856821477339
2025-05-09,103,Braided USB-C Cable (6ft),Accessories,2.1,11.99,5,143,4,9,5,2,0,101.0,142.0,123.0,128.0,101.71428571428571,23.012419007384583,101.57142857142857,24.146075603148628,99.6,22.79534132683461
2025-05-10,103,Braided USB-C Cable (6ft),Accessories,2.1,11.99,5,148,5,10,5,2,1,143.0,124.0,153.0,131.0,101.85714285714286,23.30542548727364,103.0,26.029568984876875,101.8,23.705666425765244
2025-05-11,103,Braided USB-C Cable (6ft),Accessories,2.1,11.99,5,95,6,11,5,2,1,148.0,80.0,96.0,89.0,105.28571428571429,28.3296916427171,102.64285714285714,25.31526490800837,103.9,24.92519843935808
2025-05-12,103,Braided USB-C Cable (6ft),Accessories,2.1,11.99,5,82,0,12,5,2,0,95.0,86.0,76.0,81.0,107.42857142857143,26.61363774995295,102.57142857142857,25.336851500453772,102.8,24.550300229922016
2025-05-13,103,Braided USB-C Cable (6ft),Accessories,2.1,11.99,5,85,1,13,5,2,0,82.0,85.0,87.0,93.0,106.85714285714286,27.187181853639476,103.0,24.89979919597752,101.16666666666667,24.237450835195183
2025-05-14,103,Braided USB-C Cable (6ft),Accessories,2.1,11.99,5,82,2,14,5,2,0,85.0,94.0,89.0,86.0,106.85714285714286,27.187181853639476,102.85714285714286,25.004175475483965,101.03333333333333,24.317559050219604
2025-05-15,103,Braided USB-C Cable (6ft),Accessories,2.1,11.99,5,72,3,15,5,2,0,82.0,101.0,86.0,97.0,105.14285714285714,28.48056981773475,102.35714285714286,25.369900830154435,101.06666666666666,24.2898209606174
2025-05-16,103,Braided USB-C Cable (6ft),Accessories,2.1,11.99,5,136,4,16,5,2,0,72.0,143.0,142.0,145.0,101.0,31.16622103068224,101.35714285714286,26.322284045322508,100.36666666666666,24.82696439195775
2025-05-17,103,Braided USB-C Cable (6ft),Accessories,2.1,11.99,5,132,5,17,5,2,1,136.0,148.0,124.0,131.0,100.0,29.670411748631665,100.92857142857143,25.64990414051454,102.03333333333333,25.498456117338055
2025-05-18,103,Braided USB-C Cable (6ft),Accessories,2.1,11.99,5,102,6,18,5,2,1,132.0,95.0,80.0,82.0,97.71428571428571,25.708068031354838,101.5,26.28468404574455,103.2,26.05484930706359
2025-05-19,103,Braided USB-C Cable (6ft),Accessories,2.1,11.99,5,89,0,19,5,2,0,102.0,82.0,86.0,89.0,98.71428571428571,25.72103086136781,103.07142857142857,25.54773596988226,101.76666666666667,24.8300198360265
2025-05-20,103,Braided USB-C Cable (6ft),Accessories,2.1,11.99,5,71,1,20,5,2,0,89.0,85.0,85.0,87.0,99.71428571428571,25.091261996389008,103.28571428571429,25.40571883357273,100.36666666666666,24.303374724274477
2025-05-21,103,Braided USB-C Cable (6ft),Accessories,2.1,11.99,5,84,2,21,5,2,0,71.0,82.0,94.0,85.0,97.71428571428571,26.948805079967865,102.28571428571429,26.43549062974182,100.0,24.670238946049345
2025-05-22,103,Braided USB-C Cable (6ft),Accessories,2.1,11.99,5,79,3,22,5,2,0,84.0,72.0,101.0,80.0,98.0,26.76440422152789,101.57142857142857,26.809052104191927,99.83333333333333,24.763826974778738
2025-05-23,103,Braided USB-C Cable (6ft),Accessories,2.1,11.99,5,119,4,23,5,2,0,79.0,136.0,143.0,123.0,99.0,25.74231276841056,100.0,27.48146228334242,99.56666666666666,24.94916671033779
2025-05-24,103,Braided USB-C Cable (6ft),Accessories,2.1,11.99,5,119,5,24,5,2,1,119.0,132.0,148.0,153.0,96.57142857142857,22.232537288526494,98.28571428571429,25.25082960230017,100.7,25.03673163642732
2025-05-25,103,Braided USB-C Cable (6ft),Accessories,2.1,11.99,5,105,6,25,5,2,1,119.0,102.0,95.0,96.0,94.71428571428571,19.102480517062926,96.21428571428571,21.8145278741858,102.0,24.937162408051076
2025-05-26,103,Braided USB-C Cable (6ft),Accessories,2.1,11.99,5,100,0,26,5,2,0,105.0,89.0,82.0,76.0,95.14285714285714,19.325532087789902,96.92857142857143,21.935094065181357,101.4,24.62911089439231
2025-05-27,103,Braided USB-C Cable (6ft),Accessories,2.1,11.99,5,82,1,27,5,2,0,100.0,71.0,85.0,87.0,96.71428571428571,19.1895308759256,98.21428571428571,21.516285679702065,99.63333333333334,22.61900838299244
2025-05-28,103,Braided USB-C Cable (6ft),Accessories,2.1,11.99,5,105,2,28,5,2,0,82.0,84.0,82.0,89.0,98.28571428571429,17.065699377350516,98.0,21.672385832951353,99.16666666666667,22.83989753786621
2025-05-29,103,Braided USB-C Cable (6ft),Accessories,2.1,11.99,5,103,3,29,5,2,0,105.0,79.0,72.0,86.0,101.28571428571429,15.944845412800388,99.64285714285714,21.23352625831706,100.13333333333334,22.435706352602928
2025-05-30,103,Braided USB-C Cable (6ft),Accessories,2.1,11.99,5,127,4,30,5,2,0,103.0,119.0,136.0,142.0,104.71428571428571,12.579272444704479,101.85714285714286,19.689345587660657,100.66666666666667,22.30251776931413
2025-05-31,103,Braided USB-C Cable (6ft),Accessories,2.1,11.99,5,131,5,31,5,2,1,127.0,119.0,132.0,124.0,105.85714285714286,14.33444071026828,101.21428571428571,18.605948475724674,101.93333333333334,22.692750374078244
2025-06-01,103,Braided USB-C Cable (6ft),Accessories,2.1,11.99,5,91,6,1,6,2,1,131.0,105.0,102.0,80.0,107.57142857142857,16.691885681943,101.14285714285714,18.480164596574514,103.43333333333334,23.08706658885359
2025-06-02,103,Braided USB-C Cable (6ft),Accessories,2.1,11.99,5,95,0,2,6,2,0,91.0,100.0,89.0,86.0,105.57142857142857,17.849903294389406,100.35714285714286,18.673746041134702,101.73333333333333,22.001462856275946
2025-06-03,103,Braided USB-C Cable (6ft),Accessories,2.1,11.99,5,85,1,3,6,2,0,95.0,82.0,71.0,85.0,104.85714285714286,18.206487593058597,100.78571428571429,18.4606799250923,100.76666666666667,21.62323675623263
2025-06-04,103,Braided USB-C Cable (6ft),Accessories,2.1,11.99,5,99,2,4,6,2,0,85.0,105.0,84.0,94.0,105.28571428571429,17.604112073739138,101.78571428571429,17.04825085288399,100.93333333333334,21.47642385522304
2025-06-05,103,Braided USB-C Cable (6ft),Accessories,2.1,11.99,5,94,3,5,6,2,0,99.0,103.0,79.0,101.0,104.42857142857143,17.765670480425268,102.85714285714286,16.299396604486073,101.36666666666666,21.295107635215192
2025-06-06,103,Braided USB-C Cable (6ft),Accessories,2.1,11.99,5,137,4,6,6,2,0,94.0,127.0,119.0,143.0,103.14285714285714,18.206487593058597,103.92857142857143,15.056122116495187,101.66666666666667,21.11925634357766
2025-06-07,103,Braided USB-C Cable (6ft),Accessories,2.1,11.99,5,131,5,7,6,2,1,137.0,131.0,119.0,148.0,104.57142857142857,20.62245655312966,105.21428571428571,17.075301873347257,103.1,22.020914823303123
2025-06-08,103,Braided USB-C Cable (6ft),Accessories,2.1,11.99,5,66,6,8,6,2,1,131.0,91.0,105.0,95.0,104.57142857142857,20.62245655312966,106.07142857142857,18.09149517873523,104.1,22.595925784728642
2025-06-09,103,Braided USB-C Cable (6ft),Accessories,2.1,11.99,5,86,0,9,6,2,0,66.0,95.0,100.0,82.0,101.0,25.05327656548486,103.28571428571429,21.032679961755438,101.53333333333333,22.397249420613985
2025-06-10,103,Braided USB-C Cable (6ft),Accessories,2.1,11.99,5,80,1,10,6,2,0,86.0,85.0,82.0,85.0,99.71428571428571,25.636655305209015,102.28571428571429,21.52790164996468,99.46666666666667,20.762587928080197
2025-06-11,103,Braided USB-C Cable (6ft),Accessories,2.1,11.99,5,111,2,11,6,2,0,80.0,99.0,105.0,82.0,99.0,26.178871888095934,102.14285714285714,21.678976497473872,98.96666666666667,21.052452282962992
2025-06-12,103,Braided USB-C Cable (6ft),Accessories,2.1,11.99,5,98,3,12,6,2,0,111.0,94.0,103.0,72.0,100.71428571428571,26.568868284230103,102.57142857142857,21.798780084830796,99.93333333333334,20.91185661595914
2025-06-13,103,Braided USB-C Cable (6ft),Accessories,2.1,11.99,5,146,4,13,6,2,0,98.0,137.0,127.0,136.0,101.28571428571429,26.443110543922426,102.21428571428571,21.832151912783576,100.36666666666666,20.725601914362855
2025-06-14,103,Braided USB-C Cable (6ft),Accessories,2.1,11.99,5,140,5,14,6,2,1,146.0,131.0,131.0,132.0,102.57142857142857,28.599866799556725,103.57142857142857,23.97663698017558,102.5,22.02310698741912
2025-06-15,103,Braided USB-C Cable (6ft),Accessories,2.1,11.99,5,106,6,15,6,2,1,140.0,66.0,91.0,102.0,103.85714285714286,30.24581828632728,104.21428571428571,24.872532181964495,104.76666666666667,22.273663640138377
2025-06-16,103,Braided USB-C Cable (6ft),Accessories,2.1,11.99,5,94,0,16,6,2,0,106.0,86.0,95.0,89.0,109.57142857142857,25.27091307450235,105.28571428571429,24.58088241336715,103.76666666666667,21.482444048544608
2025-06-17,103,Braided USB-C Cable (6ft),Accessories,2.1,11.99,5,73,1,17,6,2,0,94.0,80.0,85.0,71.0,110.71428571428571,24.18480435944786,105.21428571428571,24.614500327522972,102.5,20.871941237807306
2025-06-18,103,Braided USB-C Cable (6ft),Accessories,2.1,11.99,5,85,2,18,6,2,0,73.0,111.0,99.0,84.0,109.71428571428571,25.759880212676354,104.35714285714286,25.563216190026328,101.53333333333333,21.556234930242667
2025-06-19,103,Braided USB-C Cable (6ft),Accessories,2.1,11.99,5,86,3,19,6,2,0,85.0,98.0,94.0,79.0,106.0,27.36786436680813,103.35714285714286,26.057944729323644,101.4,21.648604319112934
2025-06-20,103,Braided USB-C Cable (6ft),Accessories,2.1,11.99,5,139,4,20,6,2,0,86.0,146.0,137.0,119.0,104.28571428571429,28.312036814249776,102.78571428571429,26.364832554074717,101.9,21.08823826457408
2025-06-21,103,Braided USB-C Cable (6ft),Accessories,2.1,11.99,5,132,5,21,6,2,1,139.0,140.0,131.0,119.0,103.28571428571429,26.669047512764706,102.92857142857143,26.569109552591044,103.73333333333333,21.855218477806222
2025-06-22,103,Braided USB-C Cable (6ft),Accessories,2.1,11.99,5,81,6,22,6,2,1,132.0,106.0,66.0,105.0,102.14285714285714,24.949472749462995,103.0,26.651598306812566,105.5,21.928960539542842
2025-06-23,103,Braided USB-C Cable (6ft),Accessories,2.1,11.99,5,85,0,23,6,2,0,81.0,94.0,86.0,100.0,98.57142857142857,26.06950416902964,104.07142857142857,25.317869292152285,104.23333333333333,22.21786068309306
2025-06-24,103,Braided USB-C Cable (6ft),Accessories,2.1,11.99,5,93,1,24,6,2,0,85.0,73.0,80.0,82.0,97.28571428571429,26.550042597042438,104.0,25.374123705975663,103.1,22.305635595300654
2025-06-25,103,Braided USB-C Cable (6ft),Accessories,2.1,11.99,5,87,2,25,6,2,0,93.0,85.0,111.0,105.0,100.14285714285714,24.497813313495215,104.92857142857143,24.655984718067632,102.7,22.377867760741637
2025-06-26,103,Braided USB-C Cable (6ft),Accessories,2.1,11.99,5,82,3,26,6,2,0,87.0,86.0,98.0,103.0,100.42857142857143,24.30265515574489,103.21428571428571,25.03283557935176,102.26666666666667,22.557105055962865
2025-06-27,103,Braided USB-C Cable (6ft),Accessories,2.1,11.99,5,147,4,27,6,2,0,82.0,139.0,146.0,127.0,99.85714285714286,24.741520914100313,102.07142857142857,25.64690500360109,102.26666666666667,22.557105055962865
2025-06-28,103,Braided USB-C Cable (6ft),Accessories,2.1,11.99,5,119,5,28,6,2,1,147.0,132.0,140.0,131.0,101.0,26.938200880286583,102.14285714285714,25.77970920304201,103.66666666666667,23.990419543748214
2025-06-29,103,Braided USB-C Cable (6ft),Accessories,2.1,11.99,5,86,6,29,6,2,1,119.0,81.0,106.0,91.0,99.14285714285714,24.80879260415945,100.64285714285714,23.95382462751443,104.2,24.15238975825129
2025-06-30,103,Braided USB-C Cable (6ft),Accessories,2.1,11.99,5,85,0,30,6,2,0,86.0,85.0,94.0,95.0,99.85714285714286,24.265397664360044,99.21428571428571,24.204826509884946,102.83333333333333,23.977120320225556
2025-07-01,103,Braided USB-C Cable (6ft),Accessories,2.1,11.99,5,94,1,1,7,3,0,85.0,93.0,73.0,85.0,99.85714285714286,24.265397664360044,98.57142857142857,24.47200688294942,101.3,23.581333939046484
2025-07-02,103,Braided USB-C Cable (6ft),Accessories,2.1,11.99,5,88,2,2,7,3,0,94.0,87.0,85.0,99.0,100.0,24.221202832780058,100.07142857142857,23.40435293409623,101.4,23.542478116418987
2025-07-03,103,Braided USB-C Cable (6ft),Accessories,2.1,11.99,5,79,3,3,7,3,0,88.0,82.0,86.0,94.0,100.14285714285714,24.13454351083104,100.28571428571429,23.26909000048244,101.16666666666667,23.642573133392528
2025-07-04,103,Braided USB-C Cable (6ft),Accessories,2.1,11.99,5,121,4,4,7,3,0,79.0,147.0,139.0,137.0,99.71428571428571,24.53374740851401,99.78571428571429,23.671399722770246,100.96666666666667,23.80884120532177
2025-07-05,103,Braided USB-C Cable (6ft),Accessories,2.1,11.99,5,157,5,5,7,3,1,121.0,119.0,132.0,131.0,96.0,16.990193249833048,98.5,21.79184745230698,101.7,24.08340392941962
2025-07-06,103,Braided USB-C Cable (6ft),Accessories,2.1,11.99,5,118,6,6,7,3,1,157.0,86.0,81.0,66.0,101.42857142857143,28.040786620309362,100.28571428571429,25.463181780241623,103.8,26.05484930706359
2025-07-07,103,Braided USB-C Cable (6ft),Accessories,2.1,11.99,5,98,0,7,7,3,0,118.0,85.0,85.0,86.0,106.0,27.71281292110216,102.92857142857143,25.226555866370727,103.16666666666667,25.443762643745583
2025-07-08,103,Braided USB-C Cable (6ft),Accessories,2.1,11.99,5,104,1,8,7,3,0,98.0,94.0,93.0,80.0,107.85714285714286,26.479102272223354,103.85714285714286,24.75062436774897,102.06666666666666,24.906630239457442
2025-07-09,103,Braided USB-C Cable (6ft),Accessories,2.1,11.99,5,92,2,9,7,3,0,104.0,88.0,87.0,111.0,109.28571428571429,25.869636550174075,104.64285714285714,24.55326123680192,103.33333333333333,23.95733756051587
2025-07-10,103,Braided USB-C Cable (6ft),Accessories,2.1,11.99,5,86,3,10,7,3,0,92.0,79.0,82.0,98.0,109.85714285714286,25.36026137765272,105.0,24.31207360709747,103.53333333333333,23.832364741993214
2025-07-11,103,Braided USB-C Cable (6ft),Accessories,2.1,11.99,5,146,4,11,7,3,0,86.0,121.0,147.0,146.0,110.85714285714286,24.04460141368254,105.28571428571429,24.043001769037417,103.73333333333333,23.652561767405206
2025-07-12,103,Braided USB-C Cable (6ft),Accessories,2.1,11.99,5,140,5,12,7,3,1,146.0,157.0,119.0,140.0,114.42857142857143,27.42175014386187,105.21428571428571,23.910662479734484,104.9,24.85592970257419
2025-07-13,103,Braided USB-C Cable (6ft),Accessories,2.1,11.99,5,70,6,13,7,3,1,140.0,118.0,86.0,106.0,112.0,23.49468024894162,106.71428571428571,25.451095099390987,106.3,25.62481286727298
2025-07-14,103,Braided USB-C Cable (6ft),Accessories,2.1,11.99,5,90,0,14,7,3,0,70.0,98.0,85.0,94.0,105.14285714285714,28.020400731304033,105.57142857142857,26.777471259119473,103.76666666666667,25.319589435759053
2025-07-15,103,Braided USB-C Cable (6ft),Accessories,2.1,11.99,5,89,1,15,7,3,0,90.0,104.0,94.0,73.0,104.0,28.51899951494336,105.92857142857143,26.51404355232351,102.1,24.48412575104739
2025-07-16,103,Braided USB-C Cable (6ft),Accessories,2.1,11.99,5,116,2,16,7,3,0,89.0,92.0,88.0,85.0,101.85714285714286,29.077073279066383,105.57142857142857,26.719955912314795,101.53333333333333,24.58725957347283
2025-07-17,103,Braided USB-C Cable (6ft),Accessories,2.1,11.99,5,91,3,17,7,3,0,116.0,86.0,79.0,86.0,105.28571428571429,29.135970241348893,107.57142857142857,26.34888491499666,102.26666666666667,24.682722329783516
2025-07-18,103,Braided USB-C Cable (6ft),Accessories,2.1,11.99,5,156,4,18,7,3,0,91.0,146.0,121.0,139.0,106.0,28.641461787648687,108.42857142857143,25.530417109835867,102.86666666666666,24.16000304483498
2025-07-19,103,Braided USB-C Cable (6ft),Accessories,2.1,11.99,5,146,5,19,7,3,1,156.0,140.0,157.0,132.0,107.42857142857143,31.111933095717273,110.92857142857143,28.407648714642107,105.23333333333333,25.773125984026564
2025-07-20,103,Braided USB-C Cable (6ft),Accessories,2.1,11.99,5,87,6,20,7,3,1,146.0,70.0,118.0,81.0,108.28571428571429,32.22170223992057,110.14285714285714,27.160087070374637,107.23333333333333,26.545579972793107
2025-07-21,103,Braided USB-C Cable (6ft),Accessories,2.1,11.99,5,103,0,21,7,3,0,87.0,90.0,98.0,85.0,110.71428571428571,29.36956636675857,107.92857142857143,27.727976113316696,105.5,26.09366418011904
2025-07-22,103,Braided USB-C Cable (6ft),Accessories,2.1,11.99,5,95,1,22,7,3,0,103.0,89.0,104.0,93.0,112.57142857142857,28.23034503778494,108.28571428571429,27.62225571869562,104.53333333333333,25.610791547278662
2025-07-23,103,Braided USB-C Cable (6ft),Accessories,2.1,11.99,5,88,2,23,7,3,0,95.0,116.0,92.0,87.0,113.42857142857143,27.47639679711277,107.64285714285714,27.833591058445784,105.0,25.29276849083615
2025-07-24,103,Braided USB-C Cable (6ft),Accessories,2.1,11.99,5,89,3,24,7,3,0,88.0,91.0,86.0,82.0,109.42857142857143,29.03364222677527,107.35714285714286,28.02638082196886,105.1,25.216784229884492
2025-07-25,103,Braided USB-C Cable (6ft),Accessories,2.1,11.99,5,135,4,25,7,3,0,89.0,156.0,146.0,147.0,109.14285714285714,29.254222324470206,107.57142857142857,27.861509942279476,104.96666666666667,25.293427432128833
2025-07-26,103,Braided USB-C Cable (6ft),Accessories,2.1,11.99,5,132,5,26,7,3,1,135.0,146.0,140.0,119.0,106.14285714285714,24.3065736748216,106.78571428571429,26.830460793166193,106.56666666666666,25.633603125495306
2025-07-27,103,Braided USB-C Cable (6ft),Accessories,2.1,11.99,5,82,6,27,7,3,1,132.0,87.0,70.0,86.0,104.14285714285714,20.80407469246181,106.21428571428571,26.145093881375452,108.23333333333333,25.60668465167984
2025-07-28,103,Braided USB-C Cable (6ft),Accessories,2.1,11.99,5,93,0,28,7,3,0,82.0,103.0,90.0,85.0,103.42857142857143,21.562754484350716,107.07142857142857,25.039858336150935,106.06666666666666,24.955040031795296
2025-07-29,103,Braided USB-C Cable (6ft),Accessories,2.1,11.99,5,85,1,29,7,3,0,93.0,95.0,89.0,94.0,102.0,21.924111536540593,107.28571428571429,24.894944100323738,105.2,24.941863437284262
2025-07-30,103,Braided USB-C Cable (6ft),Accessories,2.1,11.99,5,91,2,30,7,3,0,85.0,88.0,116.0,88.0,100.57142857142857,22.76588927069882,107.0,25.14266982947213,105.16666666666667,24.969061315726414
2025-07-31,103,Braided USB-C Cable (6ft),Accessories,2.1,11.99,5,115,3,31,7,3,0,91.0,89.0,91.0,79.0,101.0,22.516660498395527,105.21428571428571,25.341296704812102,105.36666666666666,24.8255754294296
2025-08-01,103,Braided USB-C Cable (6ft),Accessories,2.1,11.99,5,137,4,1,8,3,0,115.0,135.0,156.0,121.0,104.71428571428571,22.351094572110664,106.92857142857143,25.116541548164253,106.06666666666666,24.790061041408947
2025-08-02,103,Braided USB-C Cable (6ft),Accessories,2.1,11.99,5,138,5,2,8,3,1,137.0,132.0,146.0,157.0,105.0,22.810816147900965,105.57142857142857,22.653626932277646,107.7,25.169973901593487
2025-08-03,103,Braided USB-C Cable (6ft),Accessories,2.1,11.99,5,84,6,3,8,3,1,138.0,82.0,87.0,118.0,105.85714285714286,24.072311697803283,105.0,21.63330765278398,109.66666666666667,25.155150748810943
2025-08-04,103,Braided USB-C Cable (6ft),Accessories,2.1,11.99,5,79,0,4,8,3,0,84.0,93.0,103.0,98.0,106.14285714285714,23.751691669076198,104.78571428571429,21.839197545939076,108.43333333333334,25.485199671551555
2025-08-05,103,Braided USB-C Cable (6ft),Accessories,2.1,11.99,5,96,1,5,8,3,0,79.0,85.0,95.0,104.0,104.14285714285714,25.563180367008258,103.07142857142857,22.90604315866918,105.83333333333333,24.31131896637978
2025-08-06,103,Braided USB-C Cable (6ft),Accessories,2.1,11.99,5,93,2,6,8,3,0,96.0,91.0,88.0,92.0,105.71428571428571,24.506558888824742,103.14285714285714,22.88048258923936,105.1,24.263425007682812
2025-08-07,103,Braided USB-C Cable (6ft),Accessories,2.1,11.99,5,98,3,7,8,3,0,93.0,115.0,89.0,86.0,106.0,24.317346346452766,103.5,22.663932715966315,104.93333333333334,24.330955638832805
2025-08-08,103,Braided USB-C Cable (6ft),Accessories,2.1,11.99,5,146,4,8,8,3,0,98.0,137.0,135.0,146.0,103.57142857142857,24.11677937907658,104.14285714285714,22.346423368464123,104.73333333333333,24.363530310597465
2025-08-09,103,Braided USB-C Cable (6ft),Accessories,2.1,11.99,5,132,5,9,8,3,1,146.0,138.0,132.0,140.0,104.85714285714286,26.333936099189515,104.92857142857143,23.669078451120075,106.53333333333333,25.36456030646362
2025-08-10,103,Braided USB-C Cable (6ft),Accessories,2.1,11.99,5,79,6,10,8,3,1,132.0,84.0,82.0,70.0,104.0,25.146238950056514,104.92857142857143,23.669078451120075,108.06666666666666,25.47065022704576
2025-08-11,103,Braided USB-C Cable (6ft),Accessories,2.1,11.99,5,102,0,11,8,3,0,79.0,79.0,93.0,90.0,103.28571428571429,25.869636550174047,104.71428571428571,23.905031885579056,105.83333333333333,24.96215526356445
2025-08-12,103,Braided USB-C Cable (6ft),Accessories,2.1,11.99,5,89,1,12,8,3,0,102.0,96.0,85.0,89.0,106.57142857142857,23.63512317757312,105.35714285714286,23.685786529403778,104.56666666666666,24.118505319579274
2025-08-13,103,Braided USB-C Cable (6ft),Accessories,2.1,11.99,5,104,2,13,8,3,0,89.0,93.0,91.0,116.0,105.57142857142857,24.295796226625722,105.64285714285714,23.44422888755077,105.2,23.418825318754656
2025-08-14,103,Braided USB-C Cable (6ft),Accessories,2.1,11.99,5,104,3,14,8,3,0,104.0,98.0,115.0,91.0,107.14285714285714,23.6954888212123,106.57142857142857,23.074175660629447,105.66666666666667,23.244329428372676
2025-08-15,103,Braided USB-C Cable (6ft),Accessories,2.1,11.99,5,148,4,15,8,3,0,104.0,146.0,137.0,156.0,108.0,23.416518386244785,105.78571428571429,22.95205226764494,106.16666666666667,23.033833186518642
2025-08-16,103,Braided USB-C Cable (6ft),Accessories,2.1,11.99,5,126,5,16,8,3,1,148.0,132.0,138.0,146.0,108.28571428571429,23.963265537862362,106.57142857142857,24.254148846408487,107.23333333333333,24.215531256261723
2025-08-17,103,Braided USB-C Cable (6ft),Accessories,2.1,11.99,5,81,6,17,8,3,1,126.0,79.0,84.0,87.0,107.42857142857143,23.064092892467883,105.71428571428571,23.24924670881778,108.4,24.249564517952592
2025-08-18,103,Braided USB-C Cable (6ft),Accessories,2.1,11.99,5,93,0,18,8,3,0,81.0,102.0,79.0,103.0,107.71428571428571,22.66211438880837,105.5,23.4774851228216,105.9,23.0072702152737
2025-08-19,103,Braided USB-C Cable (6ft),Accessories,2.1,11.99,5,83,1,19,8,3,0,93.0,89.0,96.0,95.0,106.42857142857143,23.287028884890418,106.5,22.541414876076136,104.13333333333334,21.82648396556004
2025-08-20,103,Braided USB-C Cable (6ft),Accessories,2.1,11.99,5,68,2,20,8,3,0,83.0,104.0,93.0,88.0,105.57142857142857,24.130597056138512,105.57142857142857,23.263422215719146,104.0,21.946643761946653
2025-08-21,103,Braided USB-C Cable (6ft),Accessories,2.1,11.99,5,94,3,21,8,3,0,68.0,104.0,98.0,89.0,100.42857142857143,28.040786620309344,103.78571428571429,25.18295690901528,102.83333333333333,22.91074636170924
2025-08-22,103,Braided USB-C Cable (6ft),Accessories,2.1,11.99,5,144,4,22,8,3,0,94.0,148.0,146.0,135.0,99.0,28.083209693100816,103.5,25.27616694407238,102.8,22.923260284457008
2025-08-23,103,Braided USB-C Cable (6ft),Accessories,2.1,11.99,5,160,5,23,8,3,1,144.0,126.0,132.0,132.0,98.42857142857143,26.937317008548803,103.35714285714286,25.021858575921346,104.66666666666667,23.93429703819694
2025-08-24,103,Braided USB-C Cable (6ft),Accessories,2.1,11.99,5,85,6,24,8,3,1,160.0,81.0,79.0,82.0,103.28571428571429,34.68772254325875,105.35714285714286,28.38094469847725,107.03333333333333,25.77152041242069
2025-08-25,103,Braided USB-C Cable (6ft),Accessories,2.1,11.99,5,99,0,25,8,3,0,85.0,93.0,102.0,93.0,103.85714285714286,34.29007908724519,105.78571428571429,27.994995628143652,105.36666666666666,25.51603057083828
2025-08-26,103,Braided USB-C Cable (6ft),Accessories,2.1,11.99,5,87,1,26,8,3,0,99.0,83.0,89.0,85.0,104.71428571428571,34.047585747569556,105.57142857142857,28.037651294462812,104.26666666666667,25.03505588147358
2025-08-27,103,Braided USB-C Cable (6ft),Accessories,2.1,11.99,5,94,2,27,8,3,0,87.0,68.0,104.0,91.0,105.28571428571429,33.65369858680373,105.42857142857143,28.13351214289655,104.43333333333334,24.897975729008532
2025-08-28,103,Braided USB-C Cable (6ft),Accessories,2.1,11.99,5,82,3,28,8,3,0,94.0,94.0,104.0,115.0,109.0,30.099833886584943,104.71428571428571,28.29903116424954,104.46666666666667,24.882805770019285
2025-08-29,103,Braided USB-C Cable (6ft),Accessories,2.1,11.99,5,148,4,29,8,3,0,82.0,144.0,148.0,137.0,107.28571428571429,31.40973461478838,103.14285714285714,28.945192620263867,104.36666666666666,24.969613717384608
2025-08-30,103,Braided USB-C Cable (6ft),Accessories,2.1,11.99,5,127,5,30,8,3,1,148.0,160.0,126.0,138.0,107.85714285714286,32.215051199858905,103.14285714285714,28.945192620263867,106.26666666666667,26.062171467650106
2025-08-31,103,Braided USB-C Cable (6ft),Accessories,2.1,11.99,5,96,6,31,8,3,1,127.0,85.0,81.0,84.0,103.14285714285714,24.89597404821771,103.21428571428571,29.007104093861038,106.66666666666667,26.291906888167926
2025-09-01,103,Braided USB-C Cable (6ft),Accessories,2.1,11.99,5,92,0,1,9,3,0,96.0,99.0,93.0,79.0,104.71428571428571,23.88663702933996,104.28571428571429,28.39400958335723,105.3,25.720178580385014
2025-09-02,103,Braided USB-C Cable (6ft),Accessories,2.1,11.99,5,88,1,2,9,3,0,92.0,87.0,83.0,96.0,103.71428571428571,24.308532697486452,104.21428571428571,28.425824043068207,103.76666666666667,25.066371666153564
2025-09-03,103,Braided USB-C Cable (6ft),Accessories,2.1,11.99,5,83,2,3,9,3,0,88.0,94.0,68.0,93.0,103.85714285714286,24.19661526900398,104.57142857142857,28.16903451477362,103.9,24.96804854761103
2025-09-04,103,Braided USB-C Cable (6ft),Accessories,2.1,11.99,5,83,3,4,9,3,0,83.0,82.0,94.0,98.0,102.28571428571429,25.276565468923337,105.64285714285714,26.92898679249429,104.03333333333333,24.84084974577064
2025-09-05,103,Braided USB-C Cable (6ft),Accessories,2.1,11.99,5,137,4,5,9,3,0,83.0,148.0,144.0,146.0,102.42857142857143,25.145292089886727,104.85714285714286,27.450254707679594,103.6,25.097877365941947
2025-09-06,103,Braided USB-C Cable (6ft),Accessories,2.1,11.99,5,137,5,6,9,3,1,137.0,127.0,160.0,132.0,100.85714285714286,21.96534066378657,104.35714285714286,26.736915255179298,105.06666666666666,25.73463161515656
2025-09-07,103,Braided USB-C Cable (6ft),Accessories,2.1,11.99,5,94,6,7,9,3,1,137.0,96.0,85.0,79.0,102.28571428571429,24.164121376635396,102.71428571428571,23.574525271110847,106.36666666666666,26.343203446355794
2025-09-08,103,Braided USB-C Cable (6ft),Accessories,2.1,11.99,5,93,0,8,9,3,0,94.0,92.0,99.0,102.0,102.0,24.26245384677058,103.35714285714286,23.17361610790352,104.63333333333334,25.337015763820556
2025-09-09,103,Braided USB-C Cable (6ft),Accessories,2.1,11.99,5,100,1,9,9,3,0,93.0,88.0,87.0,89.0,102.14285714285714,24.196615269003974,102.92857142857143,23.315443167778135,103.33333333333333,24.880865565015355
2025-09-10,103,Braided USB-C Cable (6ft),Accessories,2.1,11.99,5,92,2,10,9,3,0,100.0,83.0,94.0,104.0,103.85714285714286,23.440908482313493,103.85714285714286,22.887205504914267,104.03333333333333,24.464588530241464
2025-09-11,103,Braided USB-C Cable (6ft),Accessories,2.1,11.99,5,109,3,11,9,3,0,92.0,83.0,82.0,104.0,105.14285714285714,22.326580357864856,103.71428571428571,22.959591833106685,103.7,24.561183280492216
2025-09-12,103,Braided USB-C Cable (6ft),Accessories,2.1,11.99,5,141,4,12,9,3,0,109.0,137.0,148.0,148.0,108.85714285714286,20.078417695198592,105.64285714285714,22.113717089546157,104.36666666666666,24.419442978952205
2025-09-13,103,Braided USB-C Cable (6ft),Accessories,2.1,11.99,5,139,5,13,9,3,1,141.0,137.0,127.0,126.0,109.42857142857143,21.04643392483363,105.14285714285714,21.140035451746552,105.6,25.31811400068583
2025-09-14,103,Braided USB-C Cable (6ft),Accessories,2.1,11.99,5,96,6,14,9,3,1,139.0,94.0,96.0,81.0,109.71428571428571,21.491969707422555,106.0,22.30557019083941,106.76666666666667,26.0380137667899
2025-09-15,103,Braided USB-C Cable (6ft),Accessories,2.1,11.99,5,92,0,15,9,3,0,96.0,93.0,92.0,93.0,110.0,21.26029162546946,106.0,22.30557019083941,105.03333333333333,24.904622660965114
2025-09-16,103,Braided USB-C Cable (6ft),Accessories,2.1,11.99,5,76,1,16,9,3,0,92.0,100.0,88.0,83.0,109.85714285714286,21.396483912305094,106.0,22.30557019083941,103.9,24.690288471939436
2025-09-17,103,Braided USB-C Cable (6ft),Accessories,2.1,11.99,5,104,2,17,9,3,0,76.0,92.0,83.0,68.0,106.42857142857143,24.87875360528311,105.14285714285714,23.260587805447805,103.73333333333333,24.86644787429553
2025-09-18,103,Braided USB-C Cable (6ft),Accessories,2.1,11.99,5,83,3,18,9,3,0,104.0,109.0,83.0,94.0,108.14285714285714,24.12072809451511,106.64285714285714,22.383397497173785,104.1,24.783684844727144
2025-09-19,103,Braided USB-C Cable (6ft),Accessories,2.1,11.99,5,149,4,19,9,3,0,83.0,141.0,137.0,144.0,104.42857142857143,25.902748521197264,106.64285714285714,22.383397497173785,104.1,24.783684844727144
2025-09-20,103,Braided USB-C Cable (6ft),Accessories,2.1,11.99,5,142,5,20,9,3,1,149.0,139.0,137.0,160.0,105.57142857142857,27.885821623524993,107.5,23.819029238114556,106.8,25.125066477867108
2025-09-21,103,Braided USB-C Cable (6ft),Accessories,2.1,11.99,5,67,6,21,9,3,1,142.0,96.0,94.0,85.0,106.0,28.501461950807712,107.85714285714286,24.32743668831918,108.4,25.801095940369247
2025-09-22,103,Braided USB-C Cable (6ft),Accessories,2.1,11.99,5,104,0,22,9,3,0,67.0,92.0,93.0,99.0,101.85714285714286,32.08025650057778,105.92857142857143,26.48501546074773,105.83333333333333,25.966932995550366
2025-09-23,103,Braided USB-C Cable (6ft),Accessories,2.1,11.99,5,70,1,23,9,3,0,104.0,76.0,100.0,87.0,103.57142857142857,31.78499196611068,106.71428571428571,26.233943283840926,103.96666666666667,23.866703589517435
2025-09-24,103,Braided USB-C Cable (6ft),Accessories,2.1,11.99,5,104,2,24,9,3,0,70.0,104.0,92.0,94.0,102.71428571428571,32.71958784232214,104.57142857142857,27.990971856913212,103.46666666666667,24.428267025825978
2025-09-25,103,Braided USB-C Cable (6ft),Accessories,2.1,11.99,5,91,3,25,9,3,0,104.0,83.0,109.0,82.0,102.71428571428571,32.71958784232214,105.42857142857143,27.75916836959333,103.63333333333334,24.41379391518927
2025-09-26,103,Braided USB-C Cable (6ft),Accessories,2.1,11.99,5,138,4,26,9,3,0,91.0,149.0,141.0,148.0,103.85714285714286,32.04906952070315,104.14285714285714,27.996860106522266,103.76666666666667,24.330601326714874
2025-09-27,103,Braided USB-C Cable (6ft),Accessories,2.1,11.99,5,142,5,27,9,3,1,138.0,142.0,139.0,127.0,102.28571428571429,29.64632796662629,103.92857142857143,27.702997021189713,105.23333333333333,25.037466178582804
2025-09-28,103,Braided USB-C Cable (6ft),Accessories,2.1,11.99,5,88,6,28,9,3,1,142.0,67.0,96.0,96.0,102.28571428571429,29.64632796662629,104.14285714285714,28.005101576064966,107.23333333333333,25.50954295178954
2025-09-29,103,Braided USB-C Cable (6ft),Accessories,2.1,11.99,5,89,0,29,9,3,0,88.0,104.0,92.0,92.0,105.28571428571429,26.361046297610578,103.57142857142857,28.2644497713846,105.23333333333333,24.53664863906196
2025-09-30,103,Braided USB-C Cable (6ft),Accessories,2.1,11.99,5,96,1,30,9,3,0,89.0,70.0,76.0,88.0,103.14285714285714,27.082765561814337,103.35714285714286,28.37010111653886,103.96666666666667,24.35439963557293
2025-10-01,103,Braided USB-C Cable (6ft),Accessories,2.1,11.99,5,87,2,1,10,4,0,96.0,104.0,104.0,83.0,106.85714285714286,23.298272979118654,104.78571428571429,27.372581934451198,103.96666666666667,24.35439963557293
2025-10-02,103,Braided USB-C Cable (6ft),Accessories,2.1,11.99,5,92,3,2,10,4,0,87.0,91.0,83.0,83.0,104.42857142857143,24.500728852132557,103.57142857142857,27.78409696132027,103.8,24.45601258840323
2025-10-03,103,Braided USB-C Cable (6ft),Accessories,2.1,11.99,5,149,4,3,10,4,0,92.0,138.0,149.0,137.0,104.57142857142857,24.41213593589032,104.21428571428571,27.372581934451198,103.93333333333334,24.377679634612797
2025-10-04,103,Braided USB-C Cable (6ft),Accessories,2.1,11.99,5,134,5,4,10,4,1,149.0,142.0,142.0,137.0,106.14285714285714,27.125809182576113,104.21428571428571,27.372581934451198,106.13333333333334,25.380868892674386
2025-10-05,103,Braided USB-C Cable (6ft),Accessories,2.1,11.99,5,73,6,5,10,4,1,134.0,88.0,67.0,94.0,105.0,25.482019804821988,103.64285714285714,26.59556684532552,107.83333333333333,25.48574088594929
2025-10-06,103,Braided USB-C Cable (6ft),Accessories,2.1,11.99,5,109,0,6,10,4,0,73.0,89.0,104.0,93.0,102.85714285714286,27.685306400258547,104.07142857142857,26.001373590090022,105.7,25.63826612029706
2025-10-07,103,Braided USB-C Cable (6ft),Accessories,2.1,11.99,5,95,1,7,10,4,0,109.0,96.0,70.0,100.0,105.71428571428571,27.041414445958665,104.42857142857143,26.034634581691368,104.76666666666667,24.960221226546857
2025-10-08,103,Braided USB-C Cable (6ft),Accessories,2.1,11.99,5,89,2,8,10,4,0,95.0,87.0,104.0,92.0,105.57142857142857,27.103856692711727,106.21428571428571,24.290481109427926,104.8,24.946010668559044
2025-10-09,103,Braided USB-C Cable (6ft),Accessories,2.1,11.99,5,95,3,9,10,4,0,89.0,92.0,91.0,109.0,105.85714285714286,26.885117143310545,105.14285714285714,24.722637221963065,104.66666666666667,25.021829549874802
2025-10-10,103,Braided USB-C Cable (6ft),Accessories,2.1,11.99,5,122,4,10,10,4,0,95.0,149.0,138.0,141.0,106.28571428571429,26.650292591979213,105.42857142857143,24.56925622904271,104.5,25.07058999622107
2025-10-11,103,Braided USB-C Cable (6ft),Accessories,2.1,11.99,5,173,5,11,10,4,1,122.0,134.0,142.0,139.0,102.42857142857143,20.735293124342068,104.28571428571429,23.275700671692878,105.5,25.152980216926643
2025-10-12,103,Braided USB-C Cable (6ft),Accessories,2.1,11.99,5,96,6,12,10,4,1,173.0,73.0,88.0,96.0,108.0,32.52178756874649,106.5,28.111727637575626,107.63333333333334,28.011676547263388
2025-10-13,103,Braided USB-C Cable (6ft),Accessories,2.1,11.99,5,96,0,13,10,4,0,96.0,109.0,89.0,92.0,111.28571428571429,29.40926319894412,107.07142857142857,27.78617333443796,106.13333333333334,27.36059756018816
2025-10-14,103,Braided USB-C Cable (6ft),Accessories,2.1,11.99,5,96,1,14,10,4,0,96.0,95.0,96.0,76.0,109.42857142857143,29.98253459853566,107.57142857142857,27.49745242945049,104.7,26.697733340439985
2025-10-15,103,Braided USB-C Cable (6ft),Accessories,2.1,11.99,5,91,2,15,10,4,0,96.0,89.0,87.0,104.0,109.57142857142857,29.904610251359596,107.57142857142857,27.49745242945049,104.7,26.697733340439985
2025-10-16,103,Braided USB-C Cable (6ft),Accessories,2.1,11.99,5,98,3,16,10,4,0,91.0,95.0,92.0,83.0,109.85714285714286,29.684050551480745,107.85714285714286,27.287238896477035,104.66666666666667,26.71475549054379
2025-10-17,103,Braided USB-C Cable (6ft),Accessories,2.1,11.99,5,145,4,17,10,4,0,98.0,122.0,149.0,149.0,110.28571428571429,29.454565496225467,108.28571428571429,27.065244734298545,105.4,26.197657173482323
2025-10-18,103,Braided USB-C Cable (6ft),Accessories,2.1,11.99,5,134,5,18,10,4,1,145.0,173.0,134.0,142.0,113.57142857142857,32.13957655216366,108.0,26.619830664664025,106.76666666666667,27.173368470305412
2025-10-19,103,Braided USB-C Cable (6ft),Accessories,2.1,11.99,5,109,6,19,10,4,1,134.0,96.0,73.0,67.0,108.0,21.85558662371417,108.0,26.619830664664025,108.46666666666667,27.23047650289493
2025-10-20,103,Braided USB-C Cable (6ft),Accessories,2.1,11.99,5,99,0,20,10,4,0,109.0,96.0,109.0,104.0,109.85714285714286,21.208713393544905,110.57142857142857,24.644282487844155,107.13333333333334,26.134576559684735
2025-10-21,103,Braided USB-C Cable (6ft),Accessories,2.1,11.99,5,84,1,21,10,4,0,99.0,96.0,95.0,70.0,110.28571428571429,20.910239004805813,109.85714285714286,24.837493812804496,105.7,25.322948567217257
2025-10-22,103,Braided USB-C Cable (6ft),Accessories,2.1,11.99,5,93,2,22,10,4,0,84.0,91.0,89.0,104.0,108.57142857142857,22.692562238592366,109.07142857142857,25.508563526526064,106.26666666666667,24.607166510554613
2025-10-23,103,Braided USB-C Cable (6ft),Accessories,2.1,11.99,5,97,3,23,10,4,0,93.0,98.0,95.0,91.0,108.85714285714286,22.445701677816427,109.35714285714286,25.287902680491808,105.9,24.723784444161836
2025-10-24,103,Braided USB-C Cable (6ft),Accessories,2.1,11.99,5,135,4,24,10,4,0,97.0,145.0,122.0,138.0,108.71428571428571,22.52934594193617,109.5,25.20607374912159,106.8,23.847793218226926
2025-10-25,103,Braided USB-C Cable (6ft),Accessories,2.1,11.99,5,130,5,25,10,4,1,135.0,134.0,173.0,142.0,107.28571428571429,20.022606271531416,110.42857142857143,25.931015838520192,107.83333333333333,24.387791368143446
2025-10-26,103,Braided USB-C Cable (6ft),Accessories,2.1,11.99,5,85,6,26,10,4,1,130.0,109.0,96.0,88.0,106.71428571428571,19.1721524240612,107.35714285714286,19.76246303108364,109.13333333333334,24.498744983103254
2025-10-27,103,Braided USB-C Cable (6ft),Accessories,2.1,11.99,5,92,0,27,10,4,0,85.0,99.0,96.0,89.0,103.28571428571429,20.77429730632148,106.57142857142857,20.45525806284499,107.36666666666666,24.255085969798145
2025-10-28,103,Braided USB-C Cable (6ft),Accessories,2.1,11.99,5,92,1,28,10,4,0,92.0,84.0,96.0,96.0,102.28571428571429,21.17950491799645,106.28571428571429,20.64136463671762,105.7,23.49930299773399
2025-10-29,103,Braided USB-C Cable (6ft),Accessories,2.1,11.99,5,108,2,29,10,4,0,92.0,93.0,91.0,87.0,103.42857142857143,20.222571076705062,106.0,20.82158643183713,105.83333333333333,23.406576342813437
2025-10-30,103,Braided USB-C Cable (6ft),Accessories,2.1,11.99,5,95,3,30,10,4,0,108.0,97.0,98.0,92.0,105.57142857142857,19.721875695592146,107.21428571428571,20.37033503530445,106.46666666666667,23.191457008151065
2025-10-31,103,Braided USB-C Cable (6ft),Accessories,2.1,11.99,5,137,4,31,10,4,0,95.0,135.0,145.0,149.0,105.28571428571429,19.88059594776028,107.0,20.49014772631365,106.43333333333334,23.207732559961826
2025-11-01,103,Braided USB-C Cable (6ft),Accessories,2.1,11.99,5,219,5,1,11,4,1,137.0,130.0,134.0,134.0,105.57142857142857,20.38673705179558,106.42857142857143,19.433176571223612,108.1,23.556754650315746
2025-11-02,103,Braided USB-C Cable (6ft),Accessories,2.1,11.99,5,165,6,2,11,4,1,219.0,85.0,109.0,73.0,118.28571428571429,47.664502115355916,112.5,35.4156636358721,112.33333333333333,30.847045723781374
2025-11-03,103,Braided USB-C Cable (6ft),Accessories,2.1,11.99,5,135,0,3,11,4,0,165.0,92.0,99.0,109.0,129.71428571428572,47.94341903297505,116.5,38.05411127086516,112.86666666666666,31.631208218045273
2025-11-04,103,Braided USB-C Cable (6ft),Accessories,2.1,11.99,5,130,1,4,11,4,0,135.0,92.0,84.0,95.0,135.85714285714286,44.96824276245251,119.07142857142857,37.996891139456906,112.9,31.65476485351038
2025-11-05,103,Braided USB-C Cable (6ft),Accessories,2.1,11.99,5,150,2,5,11,4,0,130.0,108.0,93.0,89.0,141.28571428571428,40.90115844208777,122.35714285714286,36.697531132336316,114.8,30.878404461192087
2025-11-06,103,Braided USB-C Cable (6ft),Accessories,2.1,11.99,5,137,3,6,11,4,0,150.0,95.0,97.0,95.0,147.28571428571428,38.19561181477222,126.42857142857143,36.350249783745106,116.16666666666667,31.513635071224346
2025-11-07,103,Braided USB-C Cable (6ft),Accessories,2.1,11.99,5,218,4,7,11,4,0,137.0,137.0,135.0,122.0,153.28571428571428,31.287453745946905,129.28571428571428,35.419309317482096,117.56666666666666,31.473780366754724
2025-11-08,103,Braided USB-C Cable (6ft),Accessories,2.1,11.99,5,226,5,8,11,4,1,218.0,219.0,130.0,173.0,164.85714285714286,38.42494229632876,135.21428571428572,42.65637038082278,121.86666666666666,35.93263172923059
2025-11-09,103,Braided USB-C Cable (6ft),Accessories,2.1,11.99,5,157,6,9,11,4,1,226.0,165.0,85.0,96.0,165.85714285714286,40.12243167866982,142.07142857142858,48.99837404792795,126.23333333333333,40.25494900680206
2025-11-10,103,Braided USB-C Cable (6ft),Accessories,2.1,11.99,5,167,0,10,11,4,0,157.0,135.0,92.0,96.0,164.71428571428572,40.26460101923399,147.21428571428572,46.248789707953975,127.4,40.63343281177422
2025-11-11,103,Braided USB-C Cable (6ft),Accessories,2.1,11.99,5,135,1,11,11,4,0,167.0,130.0,92.0,96.0,169.28571428571428,38.08636801496609,152.57142857142858,43.63081882853394,127.2,40.415428941825276
2025-11-12,103,Braided USB-C Cable (6ft),Accessories,2.1,11.99,5,138,2,12,11,4,0,135.0,150.0,108.0,91.0,170.0,37.26481808176005,155.64285714285714,40.43533706445989,128.5,40.00237061940727
2025-11-13,103,Braided USB-C Cable (6ft),Accessories,2.1,11.99,5,140,3,13,11,4,0,138.0,137.0,95.0,98.0,168.28571428571428,38.59064776909166,157.78571428571428,38.46312634084869,129.9,39.558206786176946
2025-11-14,103,Braided USB-C Cable (6ft),Accessories,2.1,11.99,5,200,4,14,11,4,0,140.0,218.0,137.0,145.0,168.71428571428572,38.19997506855337,161.0,34.48745591348564,131.36666666666667,39.070655125733786
2025-11-15,103,Braided USB-C Cable (6ft),Accessories,2.1,11.99,5,204,5,15,11,4,1,200.0,226.0,219.0,134.0,166.14285714285714,34.782316251358644,165.5,35.21745633587455,135.0,40.238084550284796
2025-11-16,103,Braided USB-C Cable (6ft),Accessories,2.1,11.99,5,129,6,16,11,4,1,204.0,157.0,165.0,109.0,163.0,28.98275349237895,164.42857142857142,33.65826972497429,138.53333333333333,41.510890414305884
2025-11-17,103,Braided USB-C Cable (6ft),Accessories,2.1,11.99,5,138,0,17,11,4,0,129.0,167.0,135.0,99.0,159.0,31.74901573277516,161.85714285714286,34.961202986821185,138.0,41.52772235673343
2025-11-18,103,Braided USB-C Cable (6ft),Accessories,2.1,11.99,5,145,1,18,11,4,0,138.0,135.0,130.0,84.0,154.85714285714286,32.41619230892995,162.07142857142858,34.792714280908974,138.13333333333333,41.52085751999118
2025-11-19,103,Braided USB-C Cable (6ft),Accessories,2.1,11.99,5,128,2,19,11,4,0,145.0,138.0,150.0,93.0,156.28571428571428,31.60545462265599,163.14285714285714,33.94986607622196,139.33333333333334,41.16856294203928
2025-11-20,103,Braided USB-C Cable (6ft),Accessories,2.1,11.99,5,148,3,20,11,4,0,128.0,140.0,137.0,97.0,154.85714285714286,32.77411870886634,161.57142857142858,35.09484793596279,140.3,40.524279652812055
2025-11-21,103,Braided USB-C Cable (6ft),Accessories,2.1,11.99,5,222,4,21,11,4,0,148.0,200.0,218.0,135.0,156.0,32.30583022716908,162.35714285714286,34.62237414171349,142.43333333333334,39.11846140875831
2025-11-22,103,Braided USB-C Cable (6ft),Accessories,2.1,11.99,5,213,5,22,11,4,1,222.0,204.0,226.0,130.0,159.14285714285714,37.88767861028431,162.64285714285714,35.129665620290304,146.73333333333332,40.560668338822545
2025-11-23,103,Braided USB-C Cable (6ft),Accessories,2.1,11.99,5,149,6,23,11,4,1,213.0,129.0,157.0,85.0,160.42857142857142,39.76957439574947,161.71428571428572,33.45819106662148,150.6,41.180510957959584
2025-11-24,103,Braided USB-C Cable (6ft),Accessories,2.1,11.99,5,142,0,24,11,4,0,149.0,138.0,167.0,92.0,163.28571428571428,37.80526544329638,161.14285714285714,33.61285729931593,151.06666666666666,41.076827374158846
2025-11-25,103,Braided USB-C Cable (6ft),Accessories,2.1,11.99,5,150,1,25,11,4,0,142.0,145.0,135.0,92.0,163.85714285714286,37.387290939696705,159.35714285714286,33.940235126462525,151.46666666666667,40.92274751733838
2025-11-26,103,Braided USB-C Cable (6ft),Accessories,2.1,11.99,5,153,2,26,11,4,0,150.0,128.0,138.0,108.0,164.57142857142858,37.012867775307335,160.42857142857142,33.34369802229798,153.63333333333333,38.95575149721351
2025-11-27,103,Braided USB-C Cable (6ft),Accessories,2.1,11.99,5,141,3,27,11,4,0,153.0,148.0,140.0,95.0,168.14285714285714,33.97758364681328,161.5,32.80419766760627,155.66666666666666,37.17927985551525
2025-11-28,103,Braided USB-C Cable (6ft),Accessories,2.1,11.99,5,208,4,28,11,4,0,141.0,222.0,200.0,137.0,167.14285714285714,34.763144139680364,161.57142857142858,32.75483354986132,157.3,35.31547477552439
2025-11-29,103,Braided USB-C Cable (6ft),Accessories,2.1,11.99,5,222,5,29,11,4,1,208.0,213.0,204.0,219.0,165.14285714285714,31.31255643469874,162.14285714285714,33.53725171726587,160.63333333333333,35.22096097431235
2025-11-30,103,Braided USB-C Cable (6ft),Accessories,2.1,11.99,5,157,6,30,11,4,1,222.0,149.0,129.0,165.0,166.42857142857142,33.69894727760869,163.42857142857142,35.54999574967903,164.86666666666667,34.688498872436085
2025-12-01,103,Braided USB-C Cable (6ft),Accessories,2.1,11.99,5,120,0,1,12,4,0,157.0,142.0,138.0,135.0,167.57142857142858,33.140393997140656,165.42857142857142,34.227101914922685,165.53333333333333,34.32475062905975
2025-12-02,103,Braided USB-C Cable (6ft),Accessories,2.1,11.99,5,139,1,2,12,4,0,120.0,150.0,145.0,130.0,164.42857142857142,36.80967781647082,164.14285714285714,35.64538408536799,162.23333333333332,33.761519958157514
2025-12-03,103,Braided USB-C Cable (6ft),Accessories,2.1,11.99,5,131,2,3,12,4,0,139.0,153.0,128.0,150.0,162.85714285714286,37.75106431801441,163.71428571428572,35.92819456687413,161.36666666666667,34.020767829050705
2025-12-04,103,Braided USB-C Cable (6ft),Accessories,2.1,11.99,5,144,3,4,12,4,0,131.0,141.0,148.0,137.0,159.71428571428572,39.57993719766914,163.92857142857142,35.70706520416519,161.23333333333332,34.135312218139966
2025-12-05,103,Braided USB-C Cable (6ft),Accessories,2.1,11.99,5,204,4,5,12,4,0,144.0,208.0,222.0,218.0,160.14285714285714,39.35915213953245,163.64285714285714,35.859999448404345,161.7,33.78752065073951
2025-12-06,103,Braided USB-C Cable (6ft),Accessories,2.1,11.99,5,232,5,6,12,4,1,204.0,222.0,213.0,226.0,159.57142857142858,38.56966486267481,162.35714285714286,33.874444969298345,163.5,34.572013796292595
2025-12-07,103,Braided USB-C Cable (6ft),Accessories,2.1,11.99,5,131,6,7,12,4,1,232.0,157.0,149.0,157.0,161.0,41.352146256270714,163.71428571428572,36.34964516053358,166.66666666666666,36.36532388978829
2025-12-08,103,Braided USB-C Cable (6ft),Accessories,2.1,11.99,5,135,0,8,12,4,0,131.0,120.0,142.0,167.0,157.28571428571428,42.90965037422352,162.42857142857142,37.21809792542887,163.76666666666668,35.591245856378876
2025-12-09,103,Braided USB-C Cable (6ft),Accessories,2.1,11.99,5,142,1,9,12,4,0,135.0,139.0,150.0,135.0,159.42857142857142,41.072525865259195,161.92857142857142,37.559110921144196,160.73333333333332,33.94410550965492
2025-12-10,103,Braided USB-C Cable (6ft),Accessories,2.1,11.99,5,129,2,10,12,4,0,142.0,131.0,153.0,138.0,159.85714285714286,40.83882373195301,161.35714285714286,37.81454165317306,160.23333333333332,34.11105931829298
2025-12-11,103,Braided USB-C Cable (6ft),Accessories,2.1,11.99,5,167,3,11,12,4,0,129.0,144.0,141.0,140.0,159.57142857142858,41.08064078880772,159.64285714285714,38.75486499059907,158.96666666666667,34.55378948561362
2025-12-12,103,Braided USB-C Cable (6ft),Accessories,2.1,11.99,5,199,4,12,12,4,0,167.0,204.0,208.0,200.0,162.85714285714286,40.5439209229883,161.5,38.4142401480733,160.03333333333333,34.281274000924284
2025-12-13,103,Braided USB-C Cable (6ft),Accessories,2.1,11.99,5,212,5,13,12,4,1,199.0,232.0,222.0,204.0,162.14285714285714,39.73423616743536,160.85714285714286,37.64379025888527,162.06666666666666,34.73538723602765
2025-12-14,103,Braided USB-C Cable (6ft),Accessories,2.1,11.99,5,124,6,14,12,4,1,212.0,131.0,157.0,129.0,159.28571428571428,34.20874296489277,160.14285714285714,36.47097295290967,164.46666666666667,35.633898364390184
2025-12-15,103,Braided USB-C Cable (6ft),Accessories,2.1,11.99,5,135,0,15,12,4,0,124.0,135.0,120.0,138.0,158.28571428571428,35.25958160894852,157.78571428571428,37.7342500438743,161.93333333333334,35.72204316407591
2025-12-16,103,Braided USB-C Cable (6ft),Accessories,2.1,11.99,5,112,1,16,12,4,0,135.0,142.0,139.0,145.0,158.28571428571428,35.25958160894852,158.85714285714286,36.77971251583206,159.63333333333333,35.136662582995484
2025-12-17,103,Braided USB-C Cable (6ft),Accessories,2.1,11.99,5,153,2,17,12,4,0,112.0,129.0,131.0,128.0,154.0,39.17482184601065,156.92857142857142,38.56555714367678,159.06666666666666,35.77895098145478
2025-12-18,103,Braided USB-C Cable (6ft),Accessories,2.1,11.99,5,142,3,18,12,4,0,153.0,167.0,144.0,148.0,157.42857142857142,37.64242793647066,158.5,37.86971592995365,159.56666666666666,35.57864851122184
2025-12-19,103,Braided USB-C Cable (6ft),Accessories,2.1,11.99,5,211,4,19,12,4,0,142.0,199.0,204.0,222.0,153.85714285714286,37.76871973573101,158.35714285714286,37.93234289313855,159.46666666666667,35.625188041447814
2025-12-20,103,Braided USB-C Cable (6ft),Accessories,2.1,11.99,5,228,5,20,12,4,1,211.0,212.0,232.0,213.0,155.57142857142858,40.34376095035085,158.85714285714286,38.620156440859795,162.23333333333332,36.31346604349363
2025-12-21,103,Braided USB-C Cable (6ft),Accessories,2.1,11.99,5,141,6,21,12,4,1,228.0,124.0,131.0,149.0,157.85714285714286,44.32993184229887,158.57142857142858,38.047974343562004,164.9,38.12443329143549
2025-12-22,103,Braided USB-C Cable (6ft),Accessories,2.1,11.99,5,142,0,22,12,4,0,141.0,135.0,135.0,142.0,160.28571428571428,42.59778666282362,159.28571428571428,37.58155965860952,162.2,36.78586685127878
2025-12-23,103,Braided USB-C Cable (6ft),Accessories,2.1,11.99,5,160,1,23,12,4,0,142.0,112.0,142.0,150.0,161.28571428571428,41.98298975265379,159.78571428571428,37.278945535245235,159.83333333333334,35.67195685334822
2025-12-24,103,Braided USB-C Cable (6ft),Accessories,2.1,11.99,5,137,2,24,12,4,0,160.0,153.0,129.0,153.0,168.14285714285714,36.099070031551506,161.07142857142858,36.92708883881709,160.2,35.61324821293155
2025-12-25,103,Braided USB-C Cable (6ft),Accessories,2.1,11.99,5,143,3,25,12,4,0,137.0,142.0,167.0,141.0,165.85714285714286,37.6892052247881,161.64285714285714,36.45145801211236,160.03333333333333,35.71291984251878
2025-12-26,103,Braided USB-C Cable (6ft),Accessories,2.1,11.99,5,197,4,26,12,4,0,143.0,211.0,199.0,208.0,166.0,37.58545818087988,159.92857142857142,36.74331814862981,159.8,35.80348663429896
2025-12-27,103,Braided USB-C Cable (6ft),Accessories,2.1,11.99,5,205,5,27,12,4,1,197.0,228.0,212.0,222.0,164.0,35.080858978461045,159.78571428571428,36.58326345250195,161.26666666666668,36.41137879491983
2025-12-28,103,Braided USB-C Cable (6ft),Accessories,2.1,11.99,5,118,6,28,12,4,1,205.0,141.0,124.0,157.0,160.71428571428572,28.55821122849668,159.28571428571428,35.85532590291708,163.4,37.05224643010532
2025-12-29,103,Braided USB-C Cable (6ft),Accessories,2.1,11.99,5,123,0,29,12,4,0,118.0,142.0,135.0,120.0,157.42857142857142,32.284450038458466,158.85714285714286,36.34208652165219,160.4,36.959997014479804
2025-12-30,103,Braided USB-C Cable (6ft),Accessories,2.1,11.99,5,141,1,30,12,4,0,123.0,160.0,112.0,139.0,154.71428571428572,34.51914582621412,158.0,37.08202965152965,157.1,35.66738102195798
2024-01-31,104,Adjustable Standing Desk,Furniture,185.0,399.99,14,8,2,31,1,1,0,9.0,7.0,6.0,6.0,7.285714285714286,1.2535663410560194,7.5,1.990361389682401,7.2,2.7467849544889558
2024-02-01,104,Adjustable Standing Desk,Furniture,185.0,399.99,14,5,3,1,2,1,0,8.0,5.0,8.0,8.0,7.428571428571429,1.272418020560705,7.642857142857143,1.9456912102680333,7.366666666666666,2.632467484599052
2024-02-02,104,Adjustable Standing Desk,Furniture,185.0,399.99,14,10,4,2,2,1,0,5.0,8.0,8.0,13.0,7.428571428571429,1.272418020560705,7.428571428571429,2.0648816585306435,7.366666666666666,2.632467484599052
2024-02-03,104,Adjustable Standing Desk,Furniture,185.0,399.99,14,8,5,3,2,1,1,10.0,7.0,13.0,11.0,7.714285714285714,1.6035674514745468,7.571428571428571,2.173769703826678,7.5,2.6619930308984134
2024-02-04,104,Adjustable Standing Desk,Furniture,185.0,399.99,14,8,6,4,2,1,1,8.0,7.0,6.0,2.0,7.857142857142857,1.5735915849388864,7.214285714285714,1.5281246137553148,7.5,2.6619930308984134
2024-02-05,104,Adjustable Standing Desk,Furniture,185.0,399.99,14,6,0,5,2,1,0,8.0,8.0,5.0,10.0,8.0,1.5275252316519465,7.357142857142857,1.4990839693802156,7.333333333333333,2.4541777657185153
2024-02-06,104,Adjustable Standing Desk,Furniture,185.0,399.99,14,5,1,6,2,1,0,6.0,9.0,8.0,7.0,7.714285714285714,1.7043362064926937,7.428571428571429,1.3985864135061346,7.166666666666667,2.3647312792341766
2024-02-07,104,Adjustable Standing Desk,Furniture,185.0,399.99,14,2,2,7,2,1,0,5.0,8.0,7.0,9.0,7.142857142857143,1.8644544714716103,7.214285714285714,1.5281246137553148,7.266666666666667,2.1961303480775283
2024-02-08,104,Adjustable Standing Desk,Furniture,185.0,399.99,14,3,3,8,2,1,0,2.0,5.0,5.0,3.0,6.285714285714286,2.6276913640612203,6.857142857142857,2.0701966780270613,7.0,2.3341542070028205
2024-02-09,104,Adjustable Standing Desk,Furniture,185.0,399.99,14,9,4,9,2,1,0,3.0,10.0,8.0,12.0,6.0,2.8867513459481313,6.714285714285714,2.2677868380553616,6.866666666666666,2.4457328544635244
2024-02-10,104,Adjustable Standing Desk,Furniture,185.0,399.99,14,10,5,10,2,1,1,9.0,8.0,7.0,7.0,5.857142857142857,2.6726124191242464,6.785714285714286,2.326389458385656,6.866666666666666,2.4457328544635244
2024-02-11,104,Adjustable Standing Desk,Furniture,185.0,399.99,14,7,6,11,2,1,1,10.0,8.0,7.0,5.0,6.142857142857143,3.02371578407382,7.0,2.480694691784168,7.1,2.3975562270922794
2024-02-12,104,Adjustable Standing Desk,Furniture,185.0,399.99,14,6,0,12,2,1,0,7.0,6.0,8.0,5.0,6.0,2.9439202887759515,7.0,2.480694691784168,6.933333333333334,2.211776214491083
2024-02-13,104,Adjustable Standing Desk,Furniture,185.0,399.99,14,5,1,13,2,1,0,6.0,5.0,9.0,5.0,6.0,2.9439202887759515,6.857142857142857,2.47626091756667,6.9,2.218262756116239
2024-02-14,104,Adjustable Standing Desk,Furniture,185.0,399.99,14,6,2,14,2,1,0,5.0,2.0,8.0,6.0,6.0,2.9439202887759515,6.571428571428571,2.440500759279527,6.9,2.218262756116239
2024-02-15,104,Adjustable Standing Desk,Furniture,185.0,399.99,14,7,3,15,2,1,0,6.0,3.0,5.0,8.0,6.571428571428571,2.37045304088641,6.428571428571429,2.4087751663859773,6.933333333333334,2.1961303480775283
2024-02-16,104,Adjustable Standing Desk,Furniture,185.0,399.99,14,10,4,16,2,1,0,7.0,9.0,10.0,8.0,7.142857142857143,1.7728105208558385,6.571428571428571,2.3766261061327336,7.0,2.1655611680148388
2024-02-17,104,Adjustable Standing Desk,Furniture,185.0,399.99,14,10,5,17,2,1,1,10.0,10.0,8.0,13.0,7.285714285714286,1.9760470401187091,6.571428571428571,2.3766261061327336,7.133333333333334,2.224213667070142
2024-02-18,104,Adjustable Standing Desk,Furniture,185.0,399.99,14,4,6,18,2,1,1,10.0,7.0,8.0,6.0,7.285714285714286,1.9760470401187091,6.714285714285714,2.5246042013801624,7.2,2.280350850198276
2024-02-19,104,Adjustable Standing Desk,Furniture,185.0,399.99,14,3,0,19,2,1,0,4.0,6.0,6.0,5.0,6.857142857142857,2.3401261667248807,6.428571428571429,2.5933134645226974,7.066666666666666,2.347901973712046
2024-02-20,104,Adjustable Standing Desk,Furniture,185.0,399.99,14,9,1,20,2,1,0,3.0,5.0,5.0,8.0,6.428571428571429,2.760262237369419,6.214285714285714,2.7506243047595675,6.733333333333333,2.1803722132942687
2024-02-21,104,Adjustable Standing Desk,Furniture,185.0,399.99,14,6,2,21,2,1,0,9.0,6.0,2.0,7.0,7.0,2.8284271247461916,6.5,2.8216198293778794,6.833333333333333,2.2141135586447938
2024-02-22,104,Adjustable Standing Desk,Furniture,185.0,399.99,14,10,3,22,2,1,0,6.0,7.0,3.0,5.0,7.0,2.8284271247461916,6.785714285714286,2.5169753346357666,6.866666666666666,2.1929877797878516
2024-02-23,104,Adjustable Standing Desk,Furniture,185.0,399.99,14,11,4,23,2,1,0,10.0,10.0,9.0,8.0,7.428571428571429,3.0472470011002217,7.285714285714286,2.3996336716761073,6.933333333333334,2.258063456750639
2024-02-24,104,Adjustable Standing Desk,Furniture,185.0,399.99,14,9,5,24,2,1,1,11.0,10.0,10.0,7.0,7.571428571428571,3.2071349029490936,7.428571428571429,2.5634797778466227,7.066666666666666,2.377093753440044
2024-02-25,104,Adjustable Standing Desk,Furniture,185.0,399.99,14,6,6,25,2,1,1,9.0,4.0,7.0,7.0,7.428571428571429,3.101458950082626,7.357142857142857,2.499450489058094,7.2,2.369344445927665
2024-02-26,104,Adjustable Standing Desk,Furniture,185.0,399.99,14,11,0,26,2,1,0,6.0,3.0,6.0,8.0,7.714285714285714,2.8115408417381933,7.285714285714286,2.5246042013801633,7.133333333333334,2.3741907272153604
2024-02-27,104,Adjustable Standing Desk,Furniture,185.0,399.99,14,5,1,27,2,1,0,11.0,9.0,5.0,9.0,8.857142857142858,2.1157009420498154,7.642857142857143,2.677747125911943,7.266666666666667,2.476556749467561
2024-02-28,104,Adjustable Standing Desk,Furniture,185.0,399.99,14,7,2,28,2,1,0,5.0,6.0,6.0,8.0,8.285714285714286,2.5634797778466236,7.642857142857143,2.677747125911943,7.2,2.5106668986271488
2024-02-29,104,Adjustable Standing Desk,Furniture,185.0,399.99,14,4,3,29,2,1,0,7.0,10.0,7.0,5.0,8.428571428571429,2.4397501823713332,7.714285714285714,2.6436737675081985,7.166666666666667,2.506313866099435
2024-03-01,104,Adjustable Standing Desk,Furniture,185.0,399.99,14,6,4,1,3,1,0,4.0,11.0,10.0,10.0,7.571428571428571,2.819996622760559,7.5,2.8216198293778807,7.0,2.5461261988930657
2024-03-02,104,Adjustable Standing Desk,Furniture,185.0,399.99,14,17,5,2,3,1,1,6.0,9.0,10.0,8.0,6.857142857142857,2.4102953780654808,7.214285714285714,2.7506243047595693,6.933333333333334,2.545223157120064
2024-03-03,104,Adjustable Standing Desk,Furniture,185.0,399.99,14,7,6,3,3,1,1,17.0,6.0,4.0,8.0,8.0,4.546060565661952,7.714285714285714,3.7504578475079637,7.333333333333333,3.1109742717580016
2024-03-04,104,Adjustable Standing Desk,Furniture,185.0,399.99,14,13,0,4,3,1,0,7.0,11.0,3.0,6.0,8.142857142857142,4.488079449258574,7.928571428571429,3.6047892441175393,7.233333333333333,3.0702502799623996
2024-03-05,104,Adjustable Standing Desk,Furniture,185.0,399.99,14,3,1,5,3,1,0,13.0,5.0,9.0,5.0,8.428571428571429,4.7559486560567095,8.642857142857142,3.543295789931327,7.4,3.2440927747267767
2024-03-06,104,Adjustable Standing Desk,Furniture,185.0,399.99,14,10,2,6,3,1,0,3.0,7.0,6.0,2.0,8.142857142857142,5.047394424471945,8.214285714285714,3.8466483198628008,7.233333333333333,3.3392476267332545
2024-03-07,104,Adjustable Standing Desk,Furniture,185.0,399.99,14,1,3,7,3,1,0,10.0,4.0,10.0,3.0,8.571428571428571,5.061526214398936,8.5,3.8179736873010386,7.366666666666666,3.3680377315166075
2024-03-08,104,Adjustable Standing Desk,Furniture,185.0,399.99,14,12,4,8,3,1,0,1.0,6.0,11.0,9.0,8.142857142857142,5.610364558225292,7.857142857142857,4.276179870598791,7.233333333333333,3.539757768191386
2024-03-09,104,Adjustable Standing Desk,Furniture,185.0,399.99,14,11,5,9,3,1,1,12.0,17.0,9.0,10.0,9.0,5.686240703077327,7.928571428571429,4.340582834212399,7.566666666666666,3.5005746654664778
2024-03-10,104,Adjustable Standing Desk,Furniture,185.0,399.99,14,8,6,10,3,1,1,11.0,7.0,6.0,7.0,8.142857142857142,4.634241089562614,8.071428571428571,4.4109005833326105,7.833333333333333,3.444969679395454
2024-03-11,104,Adjustable Standing Desk,Furniture,185.0,399.99,14,10,0,11,3,1,0,8.0,13.0,11.0,6.0,8.285714285714286,4.6084807950229365,8.214285714285714,4.3708575365019176,7.8,3.4381229843000685
2024-03-12,104,Adjustable Standing Desk,Furniture,185.0,399.99,14,12,1,12,3,1,0,10.0,3.0,5.0,5.0,7.857142857142857,4.220133150686577,8.142857142857142,4.3298097818787324,7.8,3.4381229843000685
2024-03-13,104,Adjustable Standing Desk,Furniture,185.0,399.99,14,8,2,13,3,1,0,12.0,10.0,7.0,6.0,9.142857142857142,3.8483144114694956,8.642857142857142,4.343113786517384,7.966666666666667,3.5182610647222052
2024-03-14,104,Adjustable Standing Desk,Furniture,185.0,399.99,14,9,3,14,3,1,0,8.0,1.0,4.0,7.0,8.857142857142858,3.8483144114694956,8.714285714285714,4.322189107537834,8.033333333333333,3.498603990888004
2024-03-15,104,Adjustable Standing Desk,Furniture,185.0,399.99,14,13,4,15,3,1,0,9.0,12.0,6.0,10.0,10.0,1.7320508075688779,9.071428571428571,4.103737240694067,8.166666666666666,3.4549647768386005
2024-03-16,104,Adjustable Standing Desk,Furniture,185.0,399.99,14,12,5,16,3,1,1,13.0,11.0,17.0,10.0,10.142857142857142,1.9518001458970669,9.571428571428571,4.1271015292777875,8.4,3.5389458785116337
2024-03-17,104,Adjustable Standing Desk,Furniture,185.0,399.99,14,9,6,17,3,1,1,12.0,8.0,7.0,4.0,10.285714285714286,2.0586634591635518,9.214285714285714,3.6199993928722725,8.566666666666666,3.5881349812511454
2024-03-18,104,Adjustable Standing Desk,Furniture,185.0,399.99,14,8,0,18,3,1,0,9.0,10.0,13.0,3.0,10.428571428571429,1.902379462422684,9.357142857142858,3.5649391591991053,8.533333333333333,3.578993629820937
2024-03-19,104,Adjustable Standing Desk,Furniture,185.0,399.99,14,5,1,19,3,1,0,8.0,12.0,3.0,9.0,10.142857142857142,2.1157009420498154,9.0,3.4194016570604435,8.466666666666667,3.569345862347535
2024-03-20,104,Adjustable Standing Desk,Furniture,185.0,399.99,14,4,2,20,3,1,0,5.0,8.0,10.0,6.0,9.142857142857142,2.6726124191242437,9.142857142857142,3.1830595551871386,8.5,3.5306539396235515
2024-03-21,104,Adjustable Standing Desk,Furniture,185.0,399.99,14,6,3,21,3,1,0,4.0,9.0,1.0,10.0,8.571428571428571,3.309438162646486,8.714285714285714,3.4513892727549473,8.533333333333333,3.4813130037221662
2024-03-22,104,Adjustable Standing Desk,Furniture,185.0,399.99,14,10,4,22,3,1,0,6.0,13.0,12.0,11.0,8.142857142857142,3.4364987719368982,9.071428571428571,2.7863481949921978,8.433333333333334,3.5104114439403142
2024-03-23,104,Adjustable Standing Desk,Furniture,185.0,399.99,14,11,5,23,3,1,1,10.0,12.0,11.0,9.0,7.714285714285714,2.8702082220799303,8.928571428571429,2.673640149375316,8.566666666666666,3.4907101671815095
2024-03-24,104,Adjustable Standing Desk,Furniture,185.0,399.99,14,10,6,24,3,1,1,11.0,9.0,8.0,6.0,7.571428571428571,2.6367367999823093,8.928571428571429,2.6736401493753164,8.6,3.5095927654516186
2024-03-25,104,Adjustable Standing Desk,Furniture,185.0,399.99,14,4,0,25,3,1,0,10.0,8.0,10.0,11.0,7.714285714285714,2.751622897751174,9.071428571428571,2.6736401493753164,8.566666666666666,3.4907101671815095
2024-03-26,104,Adjustable Standing Desk,Furniture,185.0,399.99,14,3,1,26,3,1,0,4.0,5.0,12.0,5.0,7.142857142857143,3.0783421635988537,8.642857142857142,2.9770181999170537,8.4,3.587334040376136
2024-03-27,104,Adjustable Standing Desk,Furniture,185.0,399.99,14,7,2,27,3,1,0,3.0,4.0,8.0,7.0,6.857142857142857,3.3876526498728396,8.0,3.16227766016838,8.3,3.6966900385857757
2024-03-28,104,Adjustable Standing Desk,Furniture,185.0,399.99,14,7,3,28,3,1,0,7.0,6.0,9.0,4.0,7.285714285714286,3.147183169877772,7.928571428571429,3.1735514130747235,8.166666666666666,3.6679725992032357
2024-03-29,104,Adjustable Standing Desk,Furniture,185.0,399.99,14,11,4,29,3,1,0,7.0,10.0,13.0,6.0,7.428571428571429,3.1014589500826246,7.785714285714286,3.166618468883255,8.233333333333333,3.6263721144752465
2024-03-30,104,Adjustable Standing Desk,Furniture,185.0,399.99,14,12,5,30,3,1,1,11.0,11.0,12.0,17.0,7.571428571428571,3.2586880211286897,7.642857142857143,2.9510661139308976,8.366666666666667,3.6528999659064763
2024-03-31,104,Adjustable Standing Desk,Furniture,185.0,399.99,14,9,6,31,3,1,1,12.0,10.0,9.0,7.0,7.714285714285714,3.4503277967117705,7.642857142857143,2.9510661139308976,8.633333333333333,3.6149434424281135
2024-04-01,104,Adjustable Standing Desk,Furniture,185.0,399.99,14,7,0,1,4,2,0,9.0,4.0,8.0,13.0,7.571428571428571,3.3594217189442417,7.642857142857143,2.9510661139308976,8.733333333333333,3.580920064138143
2024-04-02,104,Adjustable Standing Desk,Furniture,185.0,399.99,14,7,1,2,4,2,0,7.0,3.0,5.0,3.0,8.0,2.9999999999999996,7.571428571428571,2.953857600710421,8.4,3.2334459039534122
2024-04-03,104,Adjustable Standing Desk,Furniture,185.0,399.99,14,7,2,3,4,2,0,7.0,7.0,4.0,10.0,8.571428571428571,2.149196970742238,7.714285714285714,2.8670159085328115,8.4,3.2334459039534122
2024-04-04,104,Adjustable Standing Desk,Furniture,185.0,399.99,14,12,3,4,4,2,0,7.0,7.0,6.0,1.0,8.571428571428571,2.149196970742238,7.928571428571429,2.6736401493753146,8.2,3.1227750700188173
2024-04-05,104,Adjustable Standing Desk,Furniture,185.0,399.99,14,11,4,5,4,2,0,12.0,11.0,10.0,12.0,9.285714285714286,2.3603873774083275,8.357142857142858,2.8177225625601343,8.5,3.037126591209935
2024-04-06,104,Adjustable Standing Desk,Furniture,185.0,399.99,14,15,5,6,4,2,1,11.0,12.0,11.0,11.0,9.285714285714286,2.3603873774083275,8.428571428571429,2.8746715053613126,8.533333333333333,3.0595619850282296
2024-04-07,104,Adjustable Standing Desk,Furniture,185.0,399.99,14,7,6,7,4,2,1,15.0,9.0,10.0,8.0,9.714285714285714,3.0937725468153863,8.714285714285714,3.3149677206589816,9.0,2.936101097573517
2024-04-08,104,Adjustable Standing Desk,Furniture,185.0,399.99,14,6,0,8,4,2,0,7.0,7.0,4.0,10.0,9.428571428571429,3.2586880211286884,8.5,3.3224180258452654,8.833333333333334,2.9016444010052393
2024-04-09,104,Adjustable Standing Desk,Furniture,185.0,399.99,14,8,1,9,4,2,0,6.0,7.0,3.0,12.0,9.285714285714286,3.4016802570830436,8.642857142857142,3.1527068432634917,8.666666666666666,2.9164614049283726
2024-04-10,104,Adjustable Standing Desk,Furniture,185.0,399.99,14,5,2,10,4,2,0,8.0,7.0,7.0,8.0,9.428571428571429,3.309438162646485,9.0,2.717464881947032,8.666666666666666,2.9164614049283726
2024-04-11,104,Adjustable Standing Desk,Furniture,185.0,399.99,14,7,3,11,4,2,0,5.0,12.0,7.0,9.0,9.142857142857142,3.6253078686998617,8.857142857142858,2.8784916685157,8.5,2.979817166342187
2024-04-12,104,Adjustable Standing Desk,Furniture,185.0,399.99,14,16,4,12,4,2,0,7.0,11.0,11.0,13.0,8.428571428571429,3.4572215654165044,8.857142857142858,2.8784916685157,8.333333333333334,2.916461404928372
2024-04-13,104,Adjustable Standing Desk,Furniture,185.0,399.99,14,13,5,13,4,2,1,16.0,15.0,12.0,12.0,9.142857142857142,4.450789122113493,9.214285714285714,3.4234164543304155,8.6,3.2334459039534122
2024-04-14,104,Adjustable Standing Desk,Furniture,185.0,399.99,14,5,6,14,4,2,1,13.0,7.0,9.0,9.0,8.857142857142858,4.059087394500206,9.285714285714286,3.4956802227578305,8.733333333333333,3.3314937452609215
2024-04-15,104,Adjustable Standing Desk,Furniture,185.0,399.99,14,11,0,15,4,2,0,5.0,6.0,7.0,8.0,8.571428571428571,4.276179870598789,9.0,3.679464844031201,8.466666666666667,3.298205712132011
2024-04-16,104,Adjustable Standing Desk,Furniture,185.0,399.99,14,1,1,16,4,2,0,11.0,8.0,7.0,5.0,9.285714285714286,4.19182878603463,9.285714285714286,3.667499073012762,8.433333333333334,3.2661622880613295
2024-04-17,104,Adjustable Standing Desk,Furniture,185.0,399.99,14,10,2,17,4,2,0,1.0,5.0,7.0,4.0,8.285714285714286,5.250850271282601,8.857142857142858,4.258153136263202,8.166666666666666,3.533907999244806
2024-04-18,104,Adjustable Standing Desk,Furniture,185.0,399.99,14,4,3,18,4,2,0,10.0,7.0,12.0,6.0,9.0,5.06622805119022,9.071428571428571,4.232916537989195,8.233333333333333,3.549485959221791
2024-04-19,104,Adjustable Standing Desk,Furniture,185.0,399.99,14,15,4,19,4,2,0,4.0,16.0,11.0,10.0,8.571428571428571,5.380741673076392,8.5,4.345643264767069,8.2,3.585411052277423
2024-04-20,104,Adjustable Standing Desk,Furniture,185.0,399.99,14,10,5,20,4,2,1,15.0,13.0,15.0,11.0,8.428571428571429,5.159365040297847,8.785714285714286,4.643913658320327,8.566666666666666,3.7016616337227144
2024-04-21,104,Adjustable Standing Desk,Furniture,185.0,399.99,14,9,6,21,4,2,1,10.0,5.0,7.0,10.0,8.0,4.830458915396478,8.428571428571429,4.3094580368566735,8.7,3.6779867056443467
2024-04-22,104,Adjustable Standing Desk,Furniture,185.0,399.99,14,2,0,22,4,2,0,9.0,11.0,6.0,4.0,8.571428571428571,4.649628761422529,8.571428571428571,4.291571089657309,8.666666666666666,3.6703221068206116
2024-04-23,104,Adjustable Standing Desk,Furniture,185.0,399.99,14,7,1,23,4,2,0,2.0,1.0,8.0,3.0,7.285714285714286,5.089672082242813,8.285714285714286,4.59813626840888,8.366666666666667,3.837054665462446
2024-04-24,104,Adjustable Standing Desk,Furniture,185.0,399.99,14,5,2,24,4,2,0,7.0,10.0,5.0,7.0,8.142857142857142,4.298393941484477,8.214285714285714,4.610666086179063,8.266666666666667,3.832108749926646
2024-04-25,104,Adjustable Standing Desk,Furniture,185.0,399.99,14,5,3,25,4,2,0,5.0,4.0,7.0,7.0,7.428571428571429,4.353433237386435,8.214285714285714,4.610666086179063,8.3,3.797912312183429
2024-04-26,104,Adjustable Standing Desk,Furniture,185.0,399.99,14,12,4,26,4,2,0,5.0,15.0,16.0,11.0,7.571428571428571,4.237025012007947,8.071428571428571,4.681621772162123,8.366666666666667,3.718391692870614
2024-04-27,104,Adjustable Standing Desk,Furniture,185.0,399.99,14,8,5,27,4,2,1,12.0,10.0,13.0,12.0,7.142857142857143,3.4364987719368965,7.785714285714286,4.263955755084552,8.533333333333333,3.7667632985265267
2024-04-28,104,Adjustable Standing Desk,Furniture,185.0,399.99,14,4,6,28,4,2,1,8.0,9.0,5.0,9.0,6.857142857142857,3.236694374850747,7.428571428571429,3.994501715614095,8.566666666666666,3.757138798876479
2024-04-29,104,Adjustable Standing Desk,Furniture,185.0,399.99,14,10,0,29,4,2,0,4.0,2.0,11.0,7.0,6.142857142857143,3.236694374850747,7.357142857142857,4.049827021132988,8.333333333333334,3.8176841990502774
2024-04-30,104,Adjustable Standing Desk,Furniture,185.0,399.99,14,7,1,30,4,2,0,10.0,7.0,1.0,7.0,7.285714285714286,2.927700218845598,7.285714285714286,3.988995852603497,8.266666666666667,3.768593749739378
2024-05-01,104,Adjustable Standing Desk,Furniture,185.0,399.99,14,5,2,1,5,2,0,7.0,5.0,10.0,7.0,7.285714285714286,2.927700218845598,7.714285714285714,3.5610839194434436,8.2,3.7728613489791387
2024-05-02,104,Adjustable Standing Desk,Furniture,185.0,399.99,14,7,3,2,5,2,0,5.0,5.0,4.0,12.0,7.285714285714286,2.927700218845598,7.357142857142857,3.5649391591991018,8.133333333333333,3.812260921465545
2024-05-03,104,Adjustable Standing Desk,Furniture,185.0,399.99,14,10,4,3,5,2,0,7.0,12.0,15.0,11.0,7.571428571428571,2.7602622373694143,7.571428571428571,3.4354326950469853,8.133333333333333,3.812260921465545
2024-05-04,104,Adjustable Standing Desk,Furniture,185.0,399.99,14,8,5,4,5,2,1,10.0,8.0,10.0,15.0,7.285714285714286,2.288688541085315,7.214285714285714,2.805998284679868,8.233333333333333,3.820844222774941
2024-05-05,104,Adjustable Standing Desk,Furniture,185.0,399.99,14,9,6,5,5,2,1,8.0,4.0,9.0,7.0,7.285714285714286,2.288688541085315,7.071428571428571,2.7022579081571374,8.1,3.7540782421622296
2024-05-06,104,Adjustable Standing Desk,Furniture,185.0,399.99,14,12,0,6,5,2,0,9.0,10.0,2.0,6.0,8.0,1.8257418583505496,7.071428571428571,2.7022579081571374,8.033333333333333,3.7183916928706138
2024-05-07,104,Adjustable Standing Desk,Furniture,185.0,399.99,14,6,1,7,5,2,0,12.0,7.0,7.0,8.0,8.285714285714286,2.288688541085314,7.785714285714286,2.577374078952673,7.933333333333334,3.5616088318714
2024-05-08,104,Adjustable Standing Desk,Furniture,185.0,399.99,14,8,2,8,5,2,0,6.0,5.0,5.0,5.0,8.142857142857142,2.410295378065476,7.714285714285714,2.614414816964751,7.9,3.575298396034888
2024-05-09,104,Adjustable Standing Desk,Furniture,185.0,399.99,14,9,3,9,5,2,0,8.0,7.0,5.0,7.0,8.571428571428571,1.9880595947760054,7.928571428571429,2.495050044643339,7.966666666666667,3.557249357088386
2024-05-10,104,Adjustable Standing Desk,Furniture,185.0,399.99,14,12,4,10,5,2,0,9.0,10.0,12.0,16.0,8.857142857142858,1.8644544714716031,8.214285714285714,2.3592231912080877,8.0,3.5622542262468837
2024-05-11,104,Adjustable Standing Desk,Furniture,185.0,399.99,14,13,5,11,5,2,1,12.0,8.0,8.0,13.0,9.142857142857142,2.1930626551751287,8.214285714285714,2.3592231912080877,8.233333333333333,3.5881349812511454
2024-05-12,104,Adjustable Standing Desk,Furniture,185.0,399.99,14,12,6,12,5,2,1,13.0,9.0,4.0,5.0,9.857142857142858,2.5448360411214006,8.571428571428571,2.6808232293109517,8.433333333333334,3.6829835481701454
2024-05-13,104,Adjustable Standing Desk,Furniture,185.0,399.99,14,7,0,13,5,2,0,12.0,12.0,10.0,11.0,10.285714285714286,2.6276913640612105,9.142857142857142,2.476260917566676,8.3,3.4655944407253143
2024-05-14,104,Adjustable Standing Desk,Furniture,185.0,399.99,14,10,1,14,5,2,0,7.0,6.0,7.0,1.0,9.571428571428571,2.7602622373694117,8.928571428571429,2.5256921584232903,8.1,3.35641434292301
2024-05-15,104,Adjustable Standing Desk,Furniture,185.0,399.99,14,10,2,15,5,2,0,10.0,8.0,5.0,10.0,10.142857142857142,2.267786838055355,9.142857142857142,2.476260917566676,8.266666666666667,3.3211270763810377
2024-05-16,104,Adjustable Standing Desk,Furniture,185.0,399.99,14,7,3,16,5,2,0,10.0,9.0,7.0,4.0,10.428571428571429,2.0701966780270524,9.5,2.1750331562459593,8.233333333333333,3.297682920427335
2024-05-17,104,Adjustable Standing Desk,Furniture,185.0,399.99,14,11,4,17,5,2,0,7.0,12.0,10.0,15.0,10.142857142857142,2.4102953780654706,9.5,2.1750331562459593,8.433333333333334,3.013570837959894
2024-05-18,104,Adjustable Standing Desk,Furniture,185.0,399.99,14,12,5,18,5,2,1,11.0,13.0,8.0,10.0,10.0,2.309401076758495,9.571428571428571,2.2088732148135866,8.466666666666667,3.036937356243478
2024-05-19,104,Adjustable Standing Desk,Furniture,185.0,399.99,14,6,6,19,5,2,1,12.0,12.0,9.0,9.0,9.857142857142858,2.1157009420498065,9.857142857142858,2.24832049649179,8.733333333333333,2.981937964309203
2024-05-20,104,Adjustable Standing Desk,Furniture,185.0,399.99,14,9,0,20,5,2,0,6.0,7.0,12.0,2.0,9.0,2.3094010767584976,9.642857142857142,2.4684826500112624,8.433333333333334,2.7753015783108532
2024-05-21,104,Adjustable Standing Desk,Furniture,185.0,399.99,14,9,1,21,5,2,0,9.0,10.0,6.0,7.0,9.285714285714286,2.1380899352993885,9.428571428571429,2.3766261061327416,8.4,2.76180850293726
2024-05-22,104,Adjustable Standing Desk,Furniture,185.0,399.99,14,7,2,22,5,2,0,9.0,10.0,8.0,5.0,9.142857142857142,2.1157009420498087,9.642857142857142,2.1699749327564226,8.4,2.76180850293726
2024-05-23,104,Adjustable Standing Desk,Furniture,185.0,399.99,14,11,3,23,5,2,0,7.0,7.0,9.0,5.0,8.714285714285714,2.214669705568278,9.571428571428571,2.243427518991212,8.566666666666666,2.5008044682673116
2024-05-24,104,Adjustable Standing Desk,Furniture,185.0,399.99,14,12,4,24,5,2,0,11.0,11.0,12.0,12.0,9.285714285714286,2.2146697055682765,9.714285714285714,2.2677868380553705,8.7,2.520946729661916
2024-05-25,104,Adjustable Standing Desk,Furniture,185.0,399.99,14,9,5,25,5,2,1,12.0,12.0,13.0,8.0,9.428571428571429,2.3704530408864017,9.714285714285714,2.2677868380553705,8.933333333333334,2.4904414971194813
2024-05-26,104,Adjustable Standing Desk,Furniture,185.0,399.99,14,10,6,26,5,2,1,9.0,6.0,12.0,4.0,9.0,2.0816659994661264,9.428571428571429,2.064881658530651,9.066666666666666,2.3770937534400476
2024-05-27,104,Adjustable Standing Desk,Furniture,185.0,399.99,14,8,0,27,5,2,0,10.0,9.0,7.0,10.0,9.571428571428571,1.6183471874253648,9.285714285714286,1.9386185179765991,9.0,2.319334030455208
2024-05-28,104,Adjustable Standing Desk,Furniture,185.0,399.99,14,8,1,28,5,2,0,8.0,9.0,10.0,7.0,9.428571428571429,1.7182493859684407,9.357142857142858,1.8649455697210058,9.0,2.319334030455208
2024-05-29,104,Adjustable Standing Desk,Furniture,185.0,399.99,14,8,2,29,5,2,0,8.0,7.0,10.0,5.0,9.285714285714286,1.799470821684867,9.214285714285714,1.8883680959850206,9.133333333333333,2.1291625896895123
2024-05-30,104,Adjustable Standing Desk,Furniture,185.0,399.99,14,11,3,30,5,2,0,8.0,11.0,7.0,7.0,9.428571428571429,1.618347187425365,9.071428571428571,1.899971081329959,9.066666666666666,2.132399220779642
2024-05-31,104,Adjustable Standing Desk,Furniture,185.0,399.99,14,12,4,31,5,2,0,11.0,12.0,11.0,10.0,9.428571428571429,1.618347187425365,9.357142857142858,1.8649455697210058,9.2,2.123757243092116
2024-06-01,104,Adjustable Standing Desk,Furniture,185.0,399.99,14,6,5,1,6,2,1,12.0,9.0,12.0,8.0,9.428571428571429,1.618347187425365,9.428571428571429,1.949922511844466,9.433333333333334,2.028815406591495
2024-06-02,104,Adjustable Standing Desk,Furniture,185.0,399.99,14,4,6,2,6,2,1,6.0,10.0,6.0,9.0,9.0,2.0816659994661264,9.0,2.0000000000000058,9.4,2.0777972421077013
2024-06-03,104,Adjustable Standing Desk,Furniture,185.0,399.99,14,11,0,3,6,2,0,4.0,8.0,9.0,12.0,8.142857142857142,2.7342623276105846,8.857142857142858,2.28227763622028,9.2,2.295422731707909
2024-06-04,104,Adjustable Standing Desk,Furniture,185.0,399.99,14,7,1,4,6,2,0,11.0,8.0,9.0,6.0,8.571428571428571,2.9358214555806343,9.0,2.3533936216582134,9.3,2.306662015808219
2024-06-05,104,Adjustable Standing Desk,Furniture,185.0,399.99,14,8,2,5,6,2,0,7.0,8.0,7.0,8.0,8.428571428571429,2.9920529661723783,8.857142857142858,2.413332928581518,9.233333333333333,2.344227441791985
2024-06-06,104,Adjustable Standing Desk,Furniture,185.0,399.99,14,9,3,6,6,2,0,8.0,11.0,11.0,9.0,8.428571428571429,2.9920529661723783,8.928571428571429,2.3685206585314242,9.1,2.294671488771176
2024-06-07,104,Adjustable Standing Desk,Furniture,185.0,399.99,14,10,4,7,6,2,0,9.0,12.0,12.0,12.0,8.142857142857142,2.794552524023083,8.785714285714286,2.2930856412794047,9.2,2.219039866932206
2024-06-08,104,Adjustable Standing Desk,Furniture,185.0,399.99,14,14,5,8,6,2,1,10.0,6.0,9.0,13.0,7.857142857142857,2.4102953780654737,8.642857142857142,2.1342317247536817,9.266666666666667,2.211776214491088
2024-06-09,104,Adjustable Standing Desk,Furniture,185.0,399.99,14,6,6,9,6,2,1,14.0,4.0,10.0,12.0,9.0,3.1622776601683755,9.0,2.572038999584695,9.433333333333334,2.373464415855725
2024-06-10,104,Adjustable Standing Desk,Furniture,185.0,399.99,14,5,0,10,6,2,0,6.0,11.0,8.0,7.0,9.285714285714286,2.6903708365381926,8.714285714285714,2.6726124191242477,9.233333333333333,2.4023455970813425
2024-06-11,104,Adjustable Standing Desk,Furniture,185.0,399.99,14,10,1,11,6,2,0,5.0,7.0,8.0,10.0,8.428571428571429,2.9920529661723787,8.5,2.848751413406342,8.966666666666667,2.413801313614939
2024-06-12,104,Adjustable Standing Desk,Furniture,185.0,399.99,14,8,2,12,6,2,0,10.0,8.0,8.0,10.0,8.857142857142858,2.968084198523314,8.642857142857142,2.8718030481306975,8.9,2.3540134473585397
2024-06-13,104,Adjustable Standing Desk,Furniture,185.0,399.99,14,5,3,13,6,2,0,8.0,9.0,11.0,7.0,8.857142857142858,2.968084198523314,8.642857142857142,2.8718030481306975,8.933333333333334,2.333169123942701
2024-06-14,104,Adjustable Standing Desk,Furniture,185.0,399.99,14,17,4,14,6,2,0,5.0,10.0,12.0,11.0,8.285714285714286,3.3022358947782453,8.214285714285714,2.9398736610366707,8.766666666666667,2.4308836669612255
2024-06-15,104,Adjustable Standing Desk,Furniture,185.0,399.99,14,5,5,15,6,2,1,17.0,14.0,6.0,12.0,9.285714285714286,4.680252333449755,8.571428571428571,3.6524867338101803,9.0,2.852705914475372
2024-06-16,104,Adjustable Standing Desk,Furniture,185.0,399.99,14,9,6,16,6,2,1,5.0,6.0,4.0,6.0,8.0,4.3969686527576375,8.5,3.7158703297736757,8.933333333333334,2.9235468932072255
2024-06-17,104,Adjustable Standing Desk,Furniture,185.0,399.99,14,7,0,17,6,2,0,9.0,5.0,11.0,9.0,8.428571428571429,4.314979445958879,8.857142857142858,3.483083135939789,8.866666666666667,2.8974820618686463
2024-06-18,104,Adjustable Standing Desk,Furniture,185.0,399.99,14,8,1,18,6,2,0,7.0,10.0,7.0,9.0,8.714285714285714,4.111540089159035,8.571428571428571,3.457751286030268,8.7,2.8545184991639077
2024-06-19,104,Adjustable Standing Desk,Furniture,185.0,399.99,14,8,2,19,6,2,0,8.0,8.0,8.0,7.0,8.428571428571429,4.076646614442757,8.642857142857142,3.4330328116279785,8.766666666666667,2.8123291774432904
2024-06-20,104,Adjustable Standing Desk,Furniture,185.0,399.99,14,6,3,20,6,2,0,8.0,5.0,9.0,11.0,8.428571428571429,4.076646614442757,8.642857142857142,3.4330328116279785,8.733333333333333,2.8153928290043644
2024-06-21,104,Adjustable Standing Desk,Furniture,185.0,399.99,14,12,4,21,6,2,0,6.0,17.0,10.0,12.0,8.571428571428571,3.9520940802374116,8.428571428571429,3.501961773597233,8.633333333333333,2.8585423501876077
2024-06-22,104,Adjustable Standing Desk,Furniture,185.0,399.99,14,18,5,22,6,2,1,12.0,5.0,14.0,9.0,7.857142857142857,2.2677868380553576,8.571428571428571,3.6101200856712583,8.8,2.9054051886690146
2024-06-23,104,Adjustable Standing Desk,Furniture,185.0,399.99,14,5,6,23,6,2,1,18.0,9.0,6.0,10.0,9.714285714285714,4.111540089159035,8.857142857142858,4.1852698260068655,9.033333333333333,3.337181686572581
2024-06-24,104,Adjustable Standing Desk,Furniture,185.0,399.99,14,8,0,24,6,2,0,5.0,7.0,5.0,8.0,9.142857142857142,4.488079449258572,8.785714285714286,4.245877121099072,8.8,3.3671844372535884
2024-06-25,104,Adjustable Standing Desk,Furniture,185.0,399.99,14,8,1,25,6,2,0,8.0,8.0,10.0,8.0,9.285714285714286,4.42396073348629,9.0,4.113766756037214,8.766666666666667,3.370084756258783
2024-06-26,104,Adjustable Standing Desk,Furniture,185.0,399.99,14,7,2,26,6,2,0,8.0,8.0,8.0,8.0,9.285714285714286,4.42396073348629,8.857142857142858,4.111094611061502,8.7,3.3646232560529588
2024-06-27,104,Adjustable Standing Desk,Furniture,185.0,399.99,14,7,3,27,6,2,0,7.0,6.0,5.0,11.0,9.142857142857142,4.488079449258572,8.785714285714286,4.1357460759088704,8.666666666666666,3.376729016455823
2024-06-28,104,Adjustable Standing Desk,Furniture,185.0,399.99,14,12,4,28,6,2,0,7.0,12.0,17.0,12.0,9.285714285714286,4.386125310350266,8.928571428571429,4.02806091379894,8.633333333333333,3.3884523304013436
2024-06-29,104,Adjustable Standing Desk,Furniture,185.0,399.99,14,8,5,29,6,2,1,12.0,18.0,5.0,6.0,9.285714285714286,4.386125310350266,8.571428571428571,3.4354326950469893,8.766666666666667,3.4409635111487997
2024-06-30,104,Adjustable Standing Desk,Furniture,185.0,399.99,14,11,6,30,6,2,1,8.0,5.0,9.0,4.0,7.857142857142857,2.1157009420498096,8.785714285714286,3.285833729314878,8.666666666666666,3.4173324274264316
2024-07-01,104,Adjustable Standing Desk,Furniture,185.0,399.99,14,13,0,1,7,3,0,11.0,8.0,7.0,11.0,8.714285714285714,1.9760470401187018,8.928571428571429,3.338914741102515,8.633333333333333,3.3884523304013436
2024-07-02,104,Adjustable Standing Desk,Furniture,185.0,399.99,14,5,1,2,7,3,0,13.0,8.0,8.0,7.0,9.428571428571429,2.5071326821120308,9.357142857142858,3.4553669037542845,8.866666666666667,3.441464537216612
2024-07-03,104,Adjustable Standing Desk,Furniture,185.0,399.99,14,10,2,3,7,3,0,5.0,7.0,8.0,8.0,9.0,2.9999999999999964,9.142857142857142,3.6343900738351187,8.9,3.397260559678171
2024-07-04,104,Adjustable Standing Desk,Furniture,185.0,399.99,14,6,3,4,7,3,0,10.0,7.0,6.0,9.0,9.428571428571429,2.8784916685156943,9.285714285714286,3.6253078686998674,8.866666666666667,3.380811301665811
2024-07-05,104,Adjustable Standing Desk,Furniture,185.0,399.99,14,9,4,5,7,3,0,6.0,12.0,12.0,10.0,9.285714285714286,3.039423504234844,9.285714285714286,3.6253078686998674,8.833333333333334,3.404695878193604
2024-07-06,104,Adjustable Standing Desk,Furniture,185.0,399.99,14,12,5,6,7,3,1,9.0,8.0,18.0,14.0,8.857142857142858,2.794552524023084,9.071428571428571,3.5401930784869715,8.866666666666667,3.401149231062059
2024-07-07,104,Adjustable Standing Desk,Furniture,185.0,399.99,14,5,6,7,7,3,1,12.0,11.0,5.0,6.0,9.428571428571429,2.992052966172379,8.642857142857142,2.619663597227206,8.966666666666667,3.448971194262224
2024-07-08,104,Adjustable Standing Desk,Furniture,185.0,399.99,14,9,0,8,7,3,0,5.0,13.0,8.0,5.0,8.571428571428571,3.309438162646483,8.642857142857142,2.619663597227206,8.8,3.5174442132183783
2024-07-09,104,Adjustable Standing Desk,Furniture,185.0,399.99,14,13,1,9,7,3,0,9.0,5.0,8.0,10.0,8.0,2.7080128015453155,8.714285714285714,2.614414816964756,8.633333333333333,3.3782604514988064
2024-07-10,104,Adjustable Standing Desk,Furniture,185.0,399.99,14,7,2,10,7,3,0,13.0,10.0,7.0,8.0,9.142857142857142,2.911389784311001,9.071428571428571,2.841025971621625,8.866666666666667,3.43143011639144
2024-07-11,104,Adjustable Standing Desk,Furniture,185.0,399.99,14,6,3,11,7,3,0,7.0,6.0,7.0,5.0,8.714285714285714,2.9840847683606246,9.071428571428571,2.841025971621625,8.933333333333334,3.3726417900035237
2024-07-12,104,Adjustable Standing Desk,Furniture,185.0,399.99,14,10,4,12,7,3,0,6.0,9.0,12.0,17.0,8.714285714285714,2.9840847683606246,9.0,2.9088723694137024,8.8,3.40790156892013
2024-07-13,104,Adjustable Standing Desk,Furniture,185.0,399.99,14,11,5,13,7,3,1,10.0,12.0,8.0,5.0,8.857142857142858,3.023715784073814,8.857142857142858,2.797172827012276,8.866666666666667,3.411272725713295
2024-07-14,104,Adjustable Standing Desk,Furniture,185.0,399.99,14,5,6,14,7,3,1,11.0,5.0,11.0,9.0,8.714285714285714,2.8702082220799268,9.071428571428571,2.841025971621625,9.066666666666666,3.3521309057367406
2024-07-15,104,Adjustable Standing Desk,Furniture,185.0,399.99,14,9,0,15,7,3,0,5.0,9.0,13.0,7.0,8.714285714285714,2.8702082220799268,8.642857142857142,2.9770181999170555,8.666666666666666,3.0775419359963387
2024-07-16,104,Adjustable Standing Desk,Furniture,185.0,399.99,14,6,1,16,7,3,0,9.0,13.0,5.0,8.0,8.714285714285714,2.8702082220799268,8.357142857142858,2.706321456179188,8.8,2.998850354431823
2024-07-17,104,Adjustable Standing Desk,Furniture,185.0,399.99,14,7,2,17,7,3,0,6.0,7.0,10.0,8.0,7.714285714285714,2.2886885410853117,8.428571428571429,2.6228078235206063,8.7,3.0416646984720455
2024-07-18,104,Adjustable Standing Desk,Furniture,185.0,399.99,14,10,3,18,7,3,0,7.0,6.0,6.0,6.0,7.714285714285714,2.2886885410853117,8.214285714285714,2.6070487714470003,8.7,3.0416646984720455
2024-07-19,104,Adjustable Standing Desk,Furniture,185.0,399.99,14,11,4,19,7,3,0,10.0,10.0,9.0,12.0,8.285714285714286,2.2886885410853117,8.5,2.564551242795335,8.766666666666667,3.0477049967354852
2024-07-20,104,Adjustable Standing Desk,Furniture,185.0,399.99,14,14,5,20,7,3,1,11.0,11.0,12.0,18.0,8.428571428571429,2.439750182371328,8.642857142857142,2.648864571185839,8.866666666666667,3.0708117912811383
2024-07-21,104,Adjustable Standing Desk,Furniture,185.0,399.99,14,11,6,21,7,3,1,14.0,5.0,5.0,5.0,8.857142857142858,3.1320159337914912,8.785714285714286,2.887068553942712,9.133333333333333,3.159368480472374
2024-07-22,104,Adjustable Standing Desk,Furniture,185.0,399.99,14,8,0,22,7,3,0,11.0,9.0,9.0,8.0,9.714285714285714,2.6903708365381935,9.214285714285714,2.7225149975873304,9.1,3.133247736664045
2024-07-23,104,Adjustable Standing Desk,Furniture,185.0,399.99,14,4,1,23,7,3,0,8.0,6.0,13.0,8.0,9.571428571428571,2.7602622373694135,9.142857142857142,2.7416206003901316,8.766666666666667,2.648139663643314
2024-07-24,104,Adjustable Standing Desk,Furniture,185.0,399.99,14,8,2,24,7,3,0,4.0,7.0,7.0,7.0,9.285714285714286,3.2513733362117234,8.5,2.8216198293778847,8.733333333333333,2.702914561438594
2024-07-25,104,Adjustable Standing Desk,Furniture,185.0,399.99,14,11,3,25,7,3,0,8.0,10.0,6.0,7.0,9.428571428571429,3.154739442867023,8.571428571428571,2.793241450751765,8.733333333333333,2.702914561438594
2024-07-26,104,Adjustable Standing Desk,Furniture,185.0,399.99,14,15,4,26,7,3,0,11.0,11.0,10.0,12.0,9.571428571428571,3.207134902949089,8.928571428571429,2.7586029271879884,8.833333333333334,2.73020566780339
2024-07-27,104,Adjustable Standing Desk,Furniture,185.0,399.99,14,8,5,27,7,3,1,15.0,14.0,11.0,8.0,10.142857142857142,3.8047589248453653,9.285714285714286,3.1968390982000097,9.1,2.9284572848114987
2024-07-28,104,Adjustable Standing Desk,Furniture,185.0,399.99,14,9,6,28,7,3,1,8.0,11.0,5.0,11.0,9.285714285714286,3.4503277967117683,9.071428571428571,3.1735514130747275,9.133333333333333,2.9093586606143926
2024-07-29,104,Adjustable Standing Desk,Furniture,185.0,399.99,14,6,0,29,7,3,0,9.0,8.0,9.0,13.0,9.0,3.36650164612069,9.357142857142858,2.951066113930903,9.033333333333333,2.8585423501876104
2024-07-30,104,Adjustable Standing Desk,Furniture,185.0,399.99,14,8,1,30,7,3,0,6.0,4.0,6.0,5.0,8.714285714285714,3.5456210417116703,9.142857142857142,3.084879822048753,8.966666666666667,2.9063940608220387
2024-07-31,104,Adjustable Standing Desk,Furniture,185.0,399.99,14,8,2,31,7,3,0,8.0,8.0,7.0,10.0,9.285714285714286,2.927700218845596,9.285714285714286,2.9724005172864687,8.866666666666667,2.885556580905875
2024-08-01,104,Adjustable Standing Desk,Furniture,185.0,399.99,14,7,3,1,8,3,0,8.0,11.0,10.0,6.0,9.285714285714286,2.927700218845596,9.357142857142858,2.9248837677666932,8.7,2.781093806152661
2024-08-02,104,Adjustable Standing Desk,Furniture,185.0,399.99,14,13,4,2,8,3,0,7.0,15.0,11.0,9.0,8.714285714285714,2.9277002188455965,9.142857142857142,2.9834709485930864,8.766666666666667,2.7124659010516283
2024-08-03,104,Adjustable Standing Desk,Furniture,185.0,399.99,14,16,5,3,8,3,1,13.0,8.0,14.0,12.0,8.428571428571429,2.225394561056743,9.285714285714286,3.1238184579520283,8.866666666666667,2.8129421746919947
2024-08-04,104,Adjustable Standing Desk,Furniture,185.0,399.99,14,6,6,4,8,3,1,16.0,9.0,11.0,5.0,9.571428571428571,3.5989416433697468,9.428571428571429,3.390354774135817,9.2,3.0444975804295527
2024-08-05,104,Adjustable Standing Desk,Furniture,185.0,399.99,14,10,0,5,8,3,0,6.0,6.0,8.0,9.0,9.142857142857142,3.848314411469493,9.071428571428571,3.4743961448615215,9.1,3.1000556168537083
2024-08-06,104,Adjustable Standing Desk,Furniture,185.0,399.99,14,4,1,6,8,3,0,10.0,8.0,4.0,13.0,9.714285714285714,3.5923198500080535,9.214285714285714,3.468064665987726,9.033333333333333,3.0567430642629345
2024-08-07,104,Adjustable Standing Desk,Furniture,185.0,399.99,14,5,2,7,8,3,0,4.0,8.0,8.0,7.0,9.142857142857142,4.180453381654968,9.214285714285714,3.468064665987726,9.0,3.107277331329329
2024-08-08,104,Adjustable Standing Desk,Furniture,185.0,399.99,14,7,3,8,8,3,0,5.0,7.0,11.0,6.0,8.714285714285714,4.461475305855887,9.0,3.6374124361652003,8.866666666666667,3.191943882201948
2024-08-09,104,Adjustable Standing Desk,Furniture,185.0,399.99,14,8,4,9,8,3,0,7.0,13.0,15.0,10.0,8.714285714285714,4.461475305855887,8.714285714285714,3.6253078686998665,8.666666666666666,3.110974271758002
2024-08-10,104,Adjustable Standing Desk,Furniture,185.0,399.99,14,8,5,10,8,3,1,8.0,16.0,8.0,11.0,8.0,4.041451884327378,8.214285714285714,3.1422327051996635,8.7,3.0978301638627532
2024-08-11,104,Adjustable Standing Desk,Furniture,185.0,399.99,14,8,6,11,8,3,1,8.0,6.0,9.0,5.0,6.857142857142857,2.035400978396425,8.214285714285714,3.1422327051996635,8.766666666666667,3.058998408689978
2024-08-12,104,Adjustable Standing Desk,Furniture,185.0,399.99,14,7,0,12,8,3,0,8.0,10.0,6.0,9.0,7.142857142857143,2.035400978396425,8.142857142857142,3.1343541319027506,8.7,3.0529804544366823
2024-08-13,104,Adjustable Standing Desk,Furniture,185.0,399.99,14,9,1,13,8,3,0,7.0,4.0,8.0,6.0,6.714285714285714,1.6035674514745404,8.214285714285714,3.092884424923455,8.566666666666666,3.0363695805822206
2024-08-14,104,Adjustable Standing Desk,Furniture,185.0,399.99,14,5,2,14,8,3,0,9.0,5.0,8.0,7.0,7.428571428571429,1.2724180205606959,8.285714285714286,3.099095933396646,8.7,2.9612439138377944
2024-08-15,104,Adjustable Standing Desk,Furniture,185.0,399.99,14,5,3,15,8,3,0,5.0,7.0,7.0,10.0,7.428571428571429,1.2724180205606959,8.071428571428571,3.2216643026735268,8.566666666666666,3.0363695805822206
2024-08-16,104,Adjustable Standing Desk,Furniture,185.0,399.99,14,12,4,16,8,3,0,5.0,8.0,13.0,11.0,7.142857142857143,1.5735915849388802,7.928571428571429,3.315796359022296,8.533333333333333,3.0708117912811352
2024-08-17,104,Adjustable Standing Desk,Furniture,185.0,399.99,14,12,5,17,8,3,1,12.0,8.0,16.0,14.0,7.714285714285714,2.4299715851758195,7.857142857142857,3.2071349029490954,8.7,3.120013262571281
2024-08-18,104,Adjustable Standing Desk,Furniture,185.0,399.99,14,9,6,18,8,3,1,12.0,8.0,6.0,11.0,8.285714285714286,2.927700218845596,7.571428571428571,2.5332947751066066,8.766666666666667,3.16972024582322
2024-08-19,104,Adjustable Standing Desk,Furniture,185.0,399.99,14,7,0,19,8,3,0,9.0,7.0,10.0,8.0,8.428571428571429,2.935821455580635,7.785714285714286,2.516975334635771,8.7,3.1420397504015525
2024-08-20,104,Adjustable Standing Desk,Furniture,185.0,399.99,14,9,1,20,8,3,0,7.0,9.0,4.0,4.0,8.428571428571429,2.935821455580635,7.571428571428571,2.440500759279532,8.466666666666667,2.991174758649451
2024-08-21,104,Adjustable Standing Desk,Furniture,185.0,399.99,14,9,2,21,8,3,0,9.0,5.0,5.0,8.0,8.428571428571429,2.935821455580635,7.928571428571429,2.23483903100548,8.4,2.9548323950367488
2024-08-22,104,Adjustable Standing Desk,Furniture,185.0,399.99,14,6,3,22,8,3,0,9.0,5.0,7.0,11.0,9.0,2.5166114784235787,8.214285714285714,2.0821058655036864,8.433333333333334,2.9558047312357076
2024-08-23,104,Adjustable Standing Desk,Furniture,185.0,399.99,14,8,4,23,8,3,0,6.0,12.0,8.0,15.0,9.142857142857142,2.2677868380553585,8.142857142857142,2.143223411921075,8.5,2.873781600897181
2024-08-24,104,Adjustable Standing Desk,Furniture,185.0,399.99,14,15,5,24,8,3,1,8.0,12.0,8.0,8.0,8.571428571428571,1.9023794624226775,8.142857142857142,2.143223411921075,8.5,2.873781600897181
2024-08-25,104,Adjustable Standing Desk,Furniture,185.0,399.99,14,7,6,25,8,3,1,15.0,9.0,8.0,9.0,9.0,2.8867513459481247,8.642857142857142,2.8177225625601365,8.633333333333333,3.0792221737643906
2024-08-26,104,Adjustable Standing Desk,Furniture,185.0,399.99,14,9,0,26,8,3,0,7.0,7.0,7.0,6.0,8.714285714285714,2.9840847683606246,8.571428571428571,2.847786879295944,8.366666666666667,2.846453732379063
2024-08-27,104,Adjustable Standing Desk,Furniture,185.0,399.99,14,11,1,27,8,3,0,9.0,9.0,9.0,8.0,9.0,2.8867513459481247,8.714285714285714,2.8128433856309765,8.4,2.847866715207402
2024-08-28,104,Adjustable Standing Desk,Furniture,185.0,399.99,14,5,2,28,8,3,0,11.0,9.0,5.0,8.0,9.285714285714286,2.9840847683606246,8.857142857142858,2.878491668515702,8.466666666666667,2.885556580905872
2024-08-29,104,Adjustable Standing Desk,Furniture,185.0,399.99,14,13,3,29,8,3,0,5.0,6.0,5.0,7.0,8.714285714285714,3.401680257083042,8.857142857142858,2.878491668515702,8.433333333333334,2.9205966954496225
2024-08-30,104,Adjustable Standing Desk,Furniture,185.0,399.99,14,15,4,30,8,3,0,13.0,8.0,12.0,13.0,9.714285714285714,3.4982989063393672,9.428571428571429,2.847786879295945,8.6,3.035423051808145
2024-08-31,104,Adjustable Standing Desk,Furniture,185.0,399.99,14,13,5,31,8,3,1,15.0,15.0,12.0,16.0,10.714285714285714,3.9036002917941293,9.642857142857142,3.1527068432634944,8.833333333333334,3.2492262562597616
2024-09-01,104,Adjustable Standing Desk,Furniture,185.0,399.99,14,6,6,1,9,3,1,13.0,7.0,9.0,6.0,10.428571428571429,3.598941643369746,9.714285714285714,3.220811446456685,9.033333333333333,3.3164515034465167
2024-09-02,104,Adjustable Standing Desk,Furniture,185.0,399.99,14,11,0,2,9,3,0,6.0,9.0,7.0,10.0,10.285714285714286,3.7733400639347643,9.5,3.368405237817129,8.8,3.2737198076974074
2024-09-03,104,Adjustable Standing Desk,Furniture,185.0,399.99,14,7,1,3,9,3,0,11.0,11.0,9.0,4.0,10.571428571428571,3.7352886036263553,9.785714285714286,3.309161442200951,8.633333333333333,3.0112814700645343
2024-09-04,104,Adjustable Standing Desk,Furniture,185.0,399.99,14,6,2,4,9,3,0,7.0,5.0,9.0,5.0,10.0,3.958114029012636,9.642857142857142,3.3879229592808047,8.666666666666666,2.9865599324113785
2024-09-05,104,Adjustable Standing Desk,Furniture,185.0,399.99,14,5,3,5,9,3,0,6.0,13.0,6.0,7.0,10.142857142857142,3.760699023168049,9.428571428571429,3.523859023511361,8.533333333333333,3.0141429082351694
2024-09-06,104,Adjustable Standing Desk,Furniture,185.0,399.99,14,9,4,6,9,3,0,5.0,15.0,8.0,8.0,9.0,3.958114029012636,9.357142857142858,3.6078364037860062,8.566666666666666,2.9674479146965287
2024-09-07,104,Adjustable Standing Desk,Furniture,185.0,399.99,14,11,5,7,9,3,1,9.0,13.0,15.0,8.0,8.142857142857142,2.968084198523315,9.428571428571429,3.588749208167228,8.7,2.890531510603734
2024-09-08,104,Adjustable Standing Desk,Furniture,185.0,399.99,14,10,6,8,9,3,1,11.0,6.0,7.0,8.0,7.857142857142857,2.4784787961282064,9.142857142857142,3.2547513873422984,8.833333333333334,2.901644401005241
2024-09-09,104,Adjustable Standing Desk,Furniture,185.0,399.99,14,8,0,9,9,3,0,10.0,11.0,9.0,7.0,8.428571428571429,2.439750182371329,9.357142857142858,3.2011330411672634,8.9,2.904811703791275
2024-09-10,104,Adjustable Standing Desk,Furniture,185.0,399.99,14,10,1,10,9,3,0,8.0,7.0,11.0,9.0,8.0,2.160246899469282,9.285714285714286,3.220811446456684,8.9,2.904811703791275
2024-09-11,104,Adjustable Standing Desk,Furniture,185.0,399.99,14,12,2,11,9,3,0,10.0,6.0,5.0,5.0,8.428571428571429,2.2253945610567425,9.214285714285714,3.190817870283214,8.966666666666667,2.906394060822039
2024-09-12,104,Adjustable Standing Desk,Furniture,185.0,399.99,14,10,3,12,9,3,0,12.0,5.0,13.0,5.0,9.285714285714286,2.2886885410853126,9.714285714285714,3.023715784073823,9.133333333333333,2.932967584303436
2024-09-13,104,Adjustable Standing Desk,Furniture,185.0,399.99,14,16,4,13,9,3,0,10.0,9.0,15.0,12.0,10.0,1.2909944487357974,9.5,2.875627021925965,9.166666666666666,2.937079634877001
2024-09-14,104,Adjustable Standing Desk,Furniture,185.0,399.99,14,9,5,14,9,3,1,16.0,11.0,13.0,12.0,11.0,2.516611478423579,9.571428571428571,3.0309756163343207,9.533333333333333,3.0820205344404634
2024-09-15,104,Adjustable Standing Desk,Furniture,185.0,399.99,14,10,6,15,9,3,1,9.0,10.0,6.0,9.0,10.714285714285714,2.627691364061214,9.285714285714286,2.8670159085328155,9.666666666666666,2.9633780041368905
2024-09-16,104,Adjustable Standing Desk,Furniture,185.0,399.99,14,12,0,16,9,3,0,10.0,8.0,11.0,7.0,10.714285714285714,2.627691364061214,9.571428571428571,2.709365117635379,9.6,2.9313995715828134
2024-09-17,104,Adjustable Standing Desk,Furniture,185.0,399.99,14,9,1,17,9,3,0,12.0,10.0,7.0,9.0,11.285714285714286,2.3603873774083253,9.642857142857142,2.762583597263287,9.6,2.9313995715828134
2024-09-18,104,Adjustable Standing Desk,Furniture,185.0,399.99,14,8,2,18,9,3,0,9.0,12.0,6.0,9.0,11.142857142857142,2.478478796128206,9.785714285714286,2.665407211740007,9.6,2.9313995715828134
2024-09-19,104,Adjustable Standing Desk,Furniture,185.0,399.99,14,10,3,19,9,3,0,8.0,10.0,5.0,6.0,10.571428571428571,2.6992062325273074,9.928571428571429,2.495050044643346,9.633333333333333,2.906394060822044
2024-09-20,104,Adjustable Standing Desk,Furniture,185.0,399.99,14,16,4,20,9,3,0,10.0,16.0,9.0,8.0,10.571428571428571,2.6992062325273074,10.285714285714286,2.0542103640523925,9.666666666666666,2.904613848551205
2024-09-21,104,Adjustable Standing Desk,Furniture,185.0,399.99,14,19,5,21,9,3,1,16.0,9.0,11.0,15.0,10.571428571428571,2.6992062325273074,10.785714285714286,2.516975334635778,9.9,3.1222229039690643
2024-09-22,104,Adjustable Standing Desk,Furniture,185.0,399.99,14,2,6,22,9,3,1,19.0,10.0,10.0,7.0,12.0,4.041451884327379,11.357142857142858,3.342204313073893,10.333333333333334,3.4474711704761853
2024-09-23,104,Adjustable Standing Desk,Furniture,185.0,399.99,14,11,0,23,9,3,0,2.0,12.0,8.0,9.0,10.857142857142858,5.550632739564363,10.785714285714286,4.172779398924411,10.133333333333333,3.748409624446579
2024-09-24,104,Adjustable Standing Desk,Furniture,185.0,399.99,14,9,1,24,9,3,0,11.0,9.0,10.0,11.0,10.714285714285714,5.529143565818177,11.0,4.095025124371134,10.0,3.638870609178744
2024-09-25,104,Adjustable Standing Desk,Furniture,185.0,399.99,14,5,2,25,9,3,0,9.0,8.0,12.0,5.0,10.714285714285714,5.529143565818177,10.928571428571429,4.122439265108166,10.066666666666666,3.6001277116555115
2024-09-26,104,Adjustable Standing Desk,Furniture,185.0,399.99,14,2,3,26,9,3,0,5.0,10.0,10.0,13.0,10.285714285714286,5.879747322073334,10.428571428571429,4.397801648626207,9.933333333333334,3.7132877274898175
2024-09-27,104,Adjustable Standing Desk,Furniture,185.0,399.99,14,15,4,27,9,3,0,2.0,16.0,16.0,15.0,9.142857142857142,6.669047194029327,9.857142857142858,4.9436383807435265,9.633333333333333,3.9782454400915537
2024-09-28,104,Adjustable Standing Desk,Furniture,185.0,399.99,14,8,5,28,9,3,1,15.0,19.0,9.0,13.0,9.0,6.506407098647709,9.785714285714286,4.854475673637071,9.966666666666667,3.9955434944562938
2024-09-29,104,Adjustable Standing Desk,Furniture,185.0,399.99,14,6,6,29,9,3,1,8.0,2.0,10.0,6.0,7.428571428571429,4.790864322059319,9.714285714285714,4.8742426856119705,9.8,3.9688441816139726
2024-09-30,104,Adjustable Standing Desk,Furniture,185.0,399.99,14,6,0,30,9,3,0,6.0,11.0,12.0,11.0,8.0,4.2426406871192786,9.428571428571429,4.972451580988472,9.5,3.901812134256917
2024-10-01,104,Adjustable Standing Desk,Furniture,185.0,399.99,14,9,1,1,10,4,0,6.0,9.0,9.0,7.0,7.285714285714286,4.0708019567928515,9.0,4.992301766027064,9.266666666666667,3.894588051637047
2024-10-02,104,Adjustable Standing Desk,Furniture,185.0,399.99,14,6,2,2,10,4,0,9.0,5.0,8.0,6.0,7.285714285714286,4.0708019567928515,9.0,4.992301766027064,9.366666666666667,3.846030944101794
2024-10-03,104,Adjustable Standing Desk,Furniture,185.0,399.99,14,5,3,3,10,4,0,6.0,2.0,10.0,5.0,7.428571428571429,3.9940431835898935,8.857142857142858,5.051384316846574,9.2,3.8809881429240756
2024-10-04,104,Adjustable Standing Desk,Furniture,185.0,399.99,14,17,4,4,10,4,0,5.0,15.0,16.0,9.0,7.857142857142857,3.43649877193689,8.5,5.14033821096209,9.133333333333333,3.9368579571420486
2024-10-05,104,Adjustable Standing Desk,Furniture,185.0,399.99,14,10,5,5,10,4,1,17.0,8.0,19.0,11.0,8.142857142857142,4.140393356054118,8.571428571428571,5.258169990438847,9.5,4.1418802993076875
2024-10-06,104,Adjustable Standing Desk,Furniture,185.0,399.99,14,5,6,6,10,4,1,10.0,6.0,2.0,10.0,8.428571428571429,4.197504927816949,7.928571428571429,4.358268634963373,9.666666666666666,4.054230088339271
2024-10-07,104,Adjustable Standing Desk,Furniture,185.0,399.99,14,9,0,7,10,4,0,5.0,6.0,11.0,8.0,8.285714285714286,4.309458036856666,8.142857142857142,4.111094611061501,9.533333333333333,4.1417415405244435
2024-10-08,104,Adjustable Standing Desk,Furniture,185.0,399.99,14,8,1,8,10,4,0,9.0,9.0,9.0,10.0,8.714285714285714,4.191828786034625,8.0,4.038278384125136,9.466666666666667,4.133407489138278
2024-10-09,104,Adjustable Standing Desk,Furniture,185.0,399.99,14,6,2,9,10,4,0,8.0,6.0,5.0,12.0,8.571428571428571,4.197504927816949,7.928571428571429,4.028060913798939,9.4,4.140631302857927
2024-10-10,104,Adjustable Standing Desk,Furniture,185.0,399.99,14,10,3,10,10,4,0,6.0,5.0,2.0,10.0,8.571428571428571,4.197504927816949,8.0,3.9807227793648052,9.333333333333334,4.179864156622333
2024-10-11,104,Adjustable Standing Desk,Furniture,185.0,399.99,14,12,4,11,10,4,0,10.0,17.0,15.0,16.0,9.285714285714286,3.903600291794127,8.571428571428571,3.6101200856712587,9.333333333333334,4.179864156622333
2024-10-12,104,Adjustable Standing Desk,Furniture,185.0,399.99,14,8,5,12,10,4,1,12.0,10.0,8.0,9.0,8.571428571428571,2.439750182371322,8.357142857142858,3.272428946331949,9.333333333333334,4.179864156622333
2024-10-13,104,Adjustable Standing Desk,Furniture,185.0,399.99,14,12,6,13,10,4,1,8.0,5.0,6.0,10.0,8.285714285714286,2.3603873774083177,8.357142857142858,3.272428946331949,9.266666666666667,4.184811068394958
2024-10-14,104,Adjustable Standing Desk,Furniture,185.0,399.99,14,6,0,14,10,4,0,12.0,9.0,6.0,12.0,9.285714285714286,2.214669705568273,8.785714285714286,3.332325855074145,9.133333333333333,4.023494221087743
2024-10-15,104,Adjustable Standing Desk,Furniture,185.0,399.99,14,8,1,15,10,4,0,6.0,8.0,9.0,9.0,8.857142857142858,2.5448360411213975,8.785714285714286,3.332325855074145,9.033333333333333,4.063999502217367
2024-10-16,104,Adjustable Standing Desk,Furniture,185.0,399.99,14,6,2,16,10,4,0,8.0,6.0,6.0,8.0,8.857142857142858,2.5448360411213975,8.714285714285714,3.338091841585124,8.966666666666667,4.063999502217367
2024-10-17,104,Adjustable Standing Desk,Furniture,185.0,399.99,14,7,3,17,10,4,0,6.0,10.0,5.0,10.0,8.857142857142858,2.5448360411213975,8.714285714285714,3.338091841585124,8.766666666666667,4.057205878462405
2024-10-18,104,Adjustable Standing Desk,Furniture,185.0,399.99,14,13,4,18,10,4,0,7.0,12.0,17.0,16.0,8.428571428571429,2.5727509827123893,8.857142857142858,3.2071349029490963,8.7,4.0696521922047895
2024-10-19,104,Adjustable Standing Desk,Furniture,185.0,399.99,14,10,5,19,10,4,1,13.0,8.0,10.0,19.0,8.571428571428571,2.8199966227605486,8.571428571428571,2.533294775106608,8.866666666666667,4.14174154052444
2024-10-20,104,Adjustable Standing Desk,Furniture,185.0,399.99,14,10,6,20,10,4,1,10.0,12.0,5.0,2.0,8.857142857142858,2.853569193634017,8.571428571428571,2.533294775106608,8.866666666666667,4.14174154052444
2024-10-21,104,Adjustable Standing Desk,Furniture,185.0,399.99,14,6,0,21,10,4,0,10.0,6.0,9.0,11.0,8.571428571428571,2.5727509827123898,8.928571428571429,2.3358176204584082,8.666666666666666,3.924576263824506
2024-10-22,104,Adjustable Standing Desk,Furniture,185.0,399.99,14,7,1,22,10,4,0,6.0,8.0,8.0,9.0,8.571428571428571,2.5727509827123898,8.714285714285714,2.462911704859532,8.233333333333333,3.4309276249749243
2024-10-23,104,Adjustable Standing Desk,Furniture,185.0,399.99,14,4,2,23,10,4,0,7.0,6.0,6.0,5.0,8.428571428571429,2.6367367999823,8.642857142857142,2.499450489058099,8.4,3.233445903953412
2024-10-24,104,Adjustable Standing Desk,Furniture,185.0,399.99,14,5,3,24,10,4,0,4.0,7.0,10.0,2.0,8.142857142857142,3.0237157840738087,8.5,2.7103789119150603,8.166666666666666,3.2914029430219136
2024-10-25,104,Adjustable Standing Desk,Furniture,185.0,399.99,14,13,4,25,10,4,0,5.0,13.0,12.0,15.0,7.857142857142857,3.2366943748507393,8.142857142857142,2.824539250572028,8.033333333333333,3.3371816865725754
2024-10-26,104,Adjustable Standing Desk,Furniture,185.0,399.99,14,14,5,26,10,4,1,13.0,10.0,8.0,8.0,7.857142857142857,3.2366943748507393,8.214285714285714,2.939873661036671,8.3,3.4053710112318036
2024-10-27,104,Adjustable Standing Desk,Furniture,185.0,399.99,14,10,6,27,10,4,1,14.0,10.0,12.0,6.0,8.428571428571429,3.952094080237408,8.642857142857142,3.319108843723498,8.7,3.344063190295551
2024-10-28,104,Adjustable Standing Desk,Furniture,185.0,399.99,14,9,0,28,10,4,0,10.0,6.0,6.0,6.0,8.428571428571429,3.952094080237408,8.5,3.2045640529143413,8.533333333333333,3.1374636509319975
2024-10-29,104,Adjustable Standing Desk,Furniture,185.0,399.99,14,9,1,29,10,4,0,9.0,7.0,8.0,9.0,8.857142857142858,3.804758924845361,8.714285714285714,3.123818457952027,8.566666666666666,3.1369140703974456
2024-10-30,104,Adjustable Standing Desk,Furniture,185.0,399.99,14,10,2,30,10,4,0,9.0,4.0,6.0,6.0,9.142857142857142,3.716116764786026,8.785714285714286,3.117656206155554,8.666666666666666,3.099870223460791
2024-10-31,104,Adjustable Standing Desk,Furniture,185.0,399.99,14,7,3,31,10,4,0,10.0,5.0,7.0,5.0,10.0,2.9439202887759426,9.071428571428571,3.0246242160558845,8.8,3.067066440709126
2024-11-01,104,Adjustable Standing Desk,Furniture,185.0,399.99,14,23,4,1,11,4,0,7.0,13.0,13.0,17.0,10.285714285714286,2.4299715851758164,9.071428571428571,3.0246242160558845,8.733333333333333,3.084257394926844
2024-11-02,104,Adjustable Standing Desk,Furniture,185.0,399.99,14,20,5,2,11,4,1,23.0,14.0,10.0,10.0,11.714285714285714,5.407226205560041,9.785714285714286,4.726009398548089,9.3,3.9926656897798067
2024-11-03,104,Adjustable Standing Desk,Furniture,185.0,399.99,14,16,6,3,11,4,1,20.0,10.0,10.0,5.0,12.571428571428571,6.2411842588070545,10.5,5.459642140991692,9.8,4.358107783003527
2024-11-04,104,Adjustable Standing Desk,Furniture,185.0,399.99,14,7,0,4,11,4,0,16.0,9.0,6.0,9.0,13.428571428571429,6.241184258807055,10.928571428571429,5.649564798954205,9.766666666666667,4.304635299008654
2024-11-05,104,Adjustable Standing Desk,Furniture,185.0,399.99,14,19,1,5,11,4,0,7.0,9.0,7.0,8.0,13.142857142857142,6.517376042257382,11.0,5.588449626754211,9.666666666666666,4.333775397433784
2024-11-06,104,Adjustable Standing Desk,Furniture,185.0,399.99,14,10,2,6,11,4,0,19.0,10.0,4.0,6.0,14.571428571428571,6.553806600166119,11.857142857142858,5.842248551017681,10.133333333333333,4.5617097016687636
2024-11-07,104,Adjustable Standing Desk,Furniture,185.0,399.99,14,18,3,7,11,4,0,10.0,7.0,5.0,10.0,14.571428571428571,6.553806600166119,12.285714285714286,5.42683604419274,10.166666666666666,4.556793589366543
2024-11-08,104,Adjustable Standing Desk,Furniture,185.0,399.99,14,12,4,8,11,4,0,18.0,23.0,13.0,12.0,16.142857142857142,5.698788509515907,13.214285714285714,5.1913918606236535,10.5,4.754308390908415
2024-11-09,104,Adjustable Standing Desk,Furniture,185.0,399.99,14,22,5,9,11,4,1,12.0,20.0,14.0,8.0,14.571428571428571,4.96175852083187,13.142857142857142,5.201436826007321,10.7,4.684162605028238
2024-11-10,104,Adjustable Standing Desk,Furniture,185.0,399.99,14,9,6,10,11,4,1,22.0,16.0,10.0,12.0,14.857142857142858,5.367450401216937,13.714285714285714,5.71675770706777,11.1,5.114886994403431
2024-11-11,104,Adjustable Standing Desk,Furniture,185.0,399.99,14,5,0,11,11,4,0,9.0,7.0,9.0,6.0,13.857142857142858,5.756983337031399,13.642857142857142,5.77270957386355,11.0,5.125998641139659
2024-11-12,104,Adjustable Standing Desk,Furniture,185.0,399.99,14,12,1,12,11,4,0,5.0,19.0,9.0,8.0,13.571428571428571,6.187545093630779,13.357142857142858,6.1093515060254875,10.9,5.215031325326631
2024-11-13,104,Adjustable Standing Desk,Furniture,185.0,399.99,14,14,2,13,11,4,0,12.0,10.0,10.0,6.0,12.571428571428571,5.711308748355989,13.571428571428571,5.996335877520873,10.9,5.215031325326631
2024-11-14,104,Adjustable Standing Desk,Furniture,185.0,399.99,14,13,3,14,11,4,0,14.0,18.0,7.0,7.0,13.142857142857142,5.610364558225295,13.857142857142858,5.907715201420848,11.166666666666666,5.1600810828522174
2024-11-15,104,Adjustable Standing Desk,Furniture,185.0,399.99,14,19,4,15,11,4,0,13.0,12.0,23.0,13.0,12.428571428571429,5.191568255583372,14.285714285714286,5.58057856703561,11.333333333333334,5.134960184067074
2024-11-16,104,Adjustable Standing Desk,Furniture,185.0,399.99,14,15,5,16,11,4,1,19.0,22.0,20.0,10.0,13.428571428571429,5.740416444159865,14.0,5.188745216627716,11.766666666666667,5.217234921860929
2024-11-17,104,Adjustable Standing Desk,Furniture,185.0,399.99,14,7,6,17,11,4,1,15.0,9.0,16.0,10.0,12.428571428571429,4.466808810815724,13.642857142857142,4.908503498359421,12.033333333333333,5.169428257142882
2024-11-18,104,Adjustable Standing Desk,Furniture,185.0,399.99,14,12,0,18,11,4,0,7.0,5.0,7.0,6.0,12.142857142857142,4.77593172161452,13.0,5.159010042186842,11.833333333333334,5.246235650992746
2024-11-19,104,Adjustable Standing Desk,Furniture,185.0,399.99,14,14,1,19,11,4,0,12.0,12.0,19.0,7.0,13.142857142857142,3.625307868699867,13.357142857142858,4.877060004317597,11.9,5.234830300579211
2024-11-20,104,Adjustable Standing Desk,Furniture,185.0,399.99,14,10,2,20,11,4,0,14.0,14.0,10.0,4.0,13.428571428571429,3.5989416433697534,13.0,4.6076858867298345,12.033333333333333,5.235708517303183
2024-11-21,104,Adjustable Standing Desk,Furniture,185.0,399.99,14,11,3,21,11,4,0,10.0,13.0,18.0,5.0,12.857142857142858,3.8047589248453706,13.0,4.6076858867298345,12.166666666666666,5.126559196517922
2024-11-22,104,Adjustable Standing Desk,Furniture,185.0,399.99,14,10,4,22,11,4,0,11.0,19.0,12.0,13.0,12.571428571428571,3.866830866792725,12.5,4.398426291999664,12.3,5.0388148579218495
2024-11-23,104,Adjustable Standing Desk,Furniture,185.0,399.99,14,15,5,23,11,4,1,10.0,15.0,22.0,14.0,11.285714285714286,2.6903708365381993,12.357142857142858,4.448113564840083,12.5,4.81198217097625
2024-11-24,104,Adjustable Standing Desk,Furniture,185.0,399.99,14,11,6,24,11,4,1,15.0,7.0,9.0,10.0,11.285714285714286,2.6903708365381993,11.857142857142858,3.5918099756388795,12.833333333333334,4.61693534219651
2024-11-25,104,Adjustable Standing Desk,Furniture,185.0,399.99,14,12,0,25,11,4,0,11.0,12.0,5.0,9.0,11.857142857142858,1.9518001458970704,12.0,3.5082320772281266,12.766666666666667,4.628869924896293
2024-11-26,104,Adjustable Standing Desk,Furniture,185.0,399.99,14,11,1,26,11,4,0,12.0,14.0,12.0,9.0,11.857142857142858,1.9518001458970704,12.5,2.8756270219259727,12.7,4.624895152586056
2024-11-27,104,Adjustable Standing Desk,Furniture,185.0,399.99,14,12,2,27,11,4,0,11.0,10.0,14.0,10.0,11.428571428571429,1.718249385968453,12.428571428571429,2.9013070188421093,12.733333333333333,4.60833826983172
2024-11-28,104,Adjustable Standing Desk,Furniture,185.0,399.99,14,14,3,28,11,4,0,12.0,11.0,13.0,7.0,11.714285714285714,1.6035674514745513,12.285714285714286,2.867015908532823,12.833333333333334,4.556793589366559
2024-11-29,104,Adjustable Standing Desk,Furniture,185.0,399.99,14,21,4,29,11,4,0,14.0,10.0,19.0,23.0,12.142857142857142,1.7728105208558422,12.357142857142858,2.898464921488437,13.0,4.502872646318764
2024-11-30,104,Adjustable Standing Desk,Furniture,185.0,399.99,14,19,5,30,11,4,1,21.0,15.0,15.0,20.0,13.714285714285714,3.5456210417116782,12.5,3.275785284595024,13.366666666666667,4.693967760150636
2024-12-01,104,Adjustable Standing Desk,Furniture,185.0,399.99,14,15,6,1,12,4,1,19.0,11.0,7.0,16.0,14.285714285714286,4.070801956792864,12.785714285714286,3.662251754329293,13.766666666666667,4.643745020572537
2024-12-02,104,Adjustable Standing Desk,Furniture,185.0,399.99,14,8,0,2,12,4,0,15.0,12.0,12.0,7.0,14.857142857142858,3.8047589248453737,13.357142857142858,3.2958515383186535,13.5,4.313171486952765
2024-12-03,104,Adjustable Standing Desk,Furniture,185.0,399.99,14,14,1,3,12,4,0,8.0,11.0,14.0,19.0,14.285714285714286,4.535573676110731,13.071428571428571,3.5833865742701296,13.1,4.245484416534198
2024-12-04,104,Adjustable Standing Desk,Furniture,185.0,399.99,14,11,2,4,12,4,0,14.0,12.0,10.0,10.0,14.714285714285714,4.309458036856678,13.071428571428571,3.5833865742701296,13.033333333333333,4.213961469255271
2024-12-05,104,Adjustable Standing Desk,Furniture,185.0,399.99,14,7,3,5,12,4,0,11.0,14.0,11.0,18.0,14.571428571428571,4.429339411136571,13.142857142857142,3.5269761041947127,13.166666666666666,4.077552793233882
2024-12-06,104,Adjustable Standing Desk,Furniture,185.0,399.99,14,20,4,6,12,4,0,7.0,21.0,10.0,12.0,13.571428571428571,5.287001130355561,12.857142857142858,3.860194153290605,12.766666666666667,4.074168697380222
2024-12-07,104,Adjustable Standing Desk,Furniture,185.0,399.99,14,21,5,7,12,4,1,20.0,19.0,15.0,22.0,13.428571428571429,5.061526214398938,13.571428571428571,4.200994126198194,13.1,4.245484416534198
2024-12-08,104,Adjustable Standing Desk,Furniture,185.0,399.99,14,6,6,8,12,4,1,21.0,15.0,11.0,9.0,13.714285714285714,5.468524655221181,14.0,4.640954808922579,13.2,4.3974914479147085
2024-12-09,104,Adjustable Standing Desk,Furniture,185.0,399.99,14,17,0,9,12,4,0,6.0,8.0,12.0,5.0,12.428571428571429,6.133436852128473,13.642857142857142,5.062792523091205,13.0,4.586336529150572
2024-12-10,104,Adjustable Standing Desk,Furniture,185.0,399.99,14,10,1,10,12,4,0,17.0,14.0,11.0,12.0,13.714285714285714,5.9920582360956685,14.0,5.114083119567596,12.833333333333334,4.331785753715455
2024-12-11,104,Adjustable Standing Desk,Furniture,185.0,399.99,14,8,2,11,12,4,0,10.0,11.0,12.0,14.0,13.142857142857142,6.1489449346634935,13.928571428571429,5.165928105075918,12.866666666666667,4.305035810923477
2024-12-12,104,Adjustable Standing Desk,Furniture,185.0,399.99,14,17,3,12,12,4,0,8.0,7.0,14.0,13.0,12.714285714285714,6.4216894379980145,13.642857142857142,5.386695045803465,12.966666666666667,4.14798109041459
2024-12-13,104,Adjustable Standing Desk,Furniture,185.0,399.99,14,20,4,13,12,4,0,17.0,20.0,21.0,19.0,14.142857142857142,6.039552175136044,13.857142857142858,5.461151510824059,13.133333333333333,4.207819759262155
2024-12-14,104,Adjustable Standing Desk,Furniture,185.0,399.99,14,20,5,14,12,4,1,20.0,21.0,19.0,15.0,14.142857142857142,6.039552175136044,13.785714285714286,5.366255985014447,13.333333333333334,4.389119252890288
2024-12-15,104,Adjustable Standing Desk,Furniture,185.0,399.99,14,9,6,15,12,4,1,20.0,6.0,15.0,7.0,14.0,5.859465277082318,13.857142857142858,5.4470477940192294,13.566666666666666,4.553765651545505
2024-12-16,104,Adjustable Standing Desk,Furniture,185.0,399.99,14,11,0,16,12,4,0,9.0,17.0,8.0,12.0,14.428571428571429,5.255382728122441,13.428571428571429,5.584515483621947,13.233333333333333,4.5081025394002925
2024-12-17,104,Adjustable Standing Desk,Furniture,185.0,399.99,14,11,1,17,12,4,0,11.0,10.0,14.0,14.0,13.571428571428571,5.25538272812244,13.642857142857142,5.41518012850689,13.1,4.513199033639179
2024-12-18,104,Adjustable Standing Desk,Furniture,185.0,399.99,14,11,2,18,12,4,0,11.0,8.0,11.0,10.0,13.714285714285714,5.154748157905351,13.428571428571429,5.459138924976894,13.233333333333333,4.384009606500116
2024-12-19,104,Adjustable Standing Desk,Furniture,185.0,399.99,14,13,3,19,12,4,0,11.0,17.0,7.0,11.0,14.142857142857142,4.705619740571605,13.428571428571429,5.459138924976894,13.2,4.3974914479147085
2024-12-20,104,Adjustable Standing Desk,Furniture,185.0,399.99,14,21,4,20,12,4,0,13.0,20.0,20.0,10.0,13.571428571428571,4.540820148282428,13.857142857142858,5.141941310396349,13.166666666666666,4.395007617060888
2024-12-21,104,Adjustable Standing Desk,Furniture,185.0,399.99,14,17,5,21,12,4,1,21.0,20.0,21.0,15.0,13.714285714285714,4.7858919654294265,13.928571428571429,5.239851520419642,13.533333333333333,4.576803080402506
2024-12-22,104,Adjustable Standing Desk,Furniture,185.0,399.99,14,15,6,22,12,4,1,17.0,9.0,6.0,11.0,13.285714285714286,4.231401884099634,13.642857142857142,4.924149951743227,13.733333333333333,4.593348514396976
2024-12-23,104,Adjustable Standing Desk,Furniture,185.0,399.99,14,13,0,23,12,4,0,15.0,11.0,17.0,12.0,14.142857142857142,3.8047589248453737,14.285714285714286,4.410277706737925,13.9,4.543657952157839
2024-12-24,104,Adjustable Standing Desk,Furniture,185.0,399.99,14,4,1,24,12,4,0,13.0,11.0,10.0,11.0,14.428571428571429,3.598941643369756,14.0,4.350066312491914,13.833333333333334,4.541633712840509
2024-12-25,104,Adjustable Standing Desk,Furniture,185.0,399.99,14,13,2,25,12,4,0,4.0,11.0,8.0,12.0,13.428571428571429,5.287001130355562,13.571428571428571,5.018646549301242,13.6,4.860821556784081
2024-12-26,104,Adjustable Standing Desk,Furniture,185.0,399.99,14,10,3,26,12,4,0,13.0,13.0,17.0,14.0,13.714285714285714,5.186980037050648,13.928571428571429,4.76306762358181,13.633333333333333,4.852893437181981
2024-12-27,104,Adjustable Standing Desk,Furniture,185.0,399.99,14,15,4,27,12,4,0,10.0,21.0,20.0,21.0,13.285714285714286,5.376314900074394,13.428571428571429,4.783212401631456,13.6,4.874988947821274
2024-12-28,104,Adjustable Standing Desk,Furniture,185.0,399.99,14,21,5,28,12,4,1,15.0,17.0,20.0,19.0,12.428571428571429,4.314979445958884,13.071428571428571,4.428305557421505,13.7,4.871804876903524
2024-12-29,104,Adjustable Standing Desk,Furniture,185.0,399.99,14,9,6,29,12,4,1,21.0,15.0,9.0,15.0,13.0,5.196152422706635,13.142857142857142,4.554915229425552,13.933333333333334,5.051004224722169
2024-12-30,104,Adjustable Standing Desk,Furniture,185.0,399.99,14,13,0,30,12,4,0,9.0,13.0,11.0,8.0,12.142857142857142,5.304984179322043,13.142857142857142,4.554915229425552,13.533333333333333,4.946146764511969
2024-12-31,104,Adjustable Standing Desk,Furniture,185.0,399.99,14,8,1,31,12,4,0,13.0,4.0,11.0,14.0,12.142857142857142,5.304984179322043,13.285714285714286,4.513715362495342,13.333333333333334,4.837592257577624
2025-01-01,104,Adjustable Standing Desk,Furniture,185.0,399.99,14,10,2,1,1,1,0,8.0,13.0,11.0,11.0,12.714285714285714,4.423960733486296,13.071428571428571,4.698023900687251,13.1,4.922502867724799
2025-01-02,104,Adjustable Standing Desk,Furniture,185.0,399.99,14,11,3,2,1,1,0,10.0,10.0,13.0,7.0,12.285714285714286,4.5355736761107295,13.0,4.739360554076736,13.166666666666666,4.864249123989246
2025-01-03,104,Adjustable Standing Desk,Furniture,185.0,399.99,14,4,4,3,1,1,0,11.0,15.0,21.0,20.0,12.428571428571429,4.466808810815724,12.857142857142858,4.769408008050143,13.066666666666666,4.877346178725341
2025-01-04,104,Adjustable Standing Desk,Furniture,185.0,399.99,14,17,5,4,1,1,1,4.0,21.0,17.0,21.0,10.857142857142858,5.27347359996462,11.642857142857142,4.700362389583028,12.833333333333334,5.13999418578322
2025-01-05,104,Adjustable Standing Desk,Furniture,185.0,399.99,14,8,6,5,1,1,1,17.0,9.0,15.0,6.0,10.285714285714286,4.070801956792859,11.642857142857142,4.700362389583028,13.166666666666666,5.072463411151579
2025-01-06,104,Adjustable Standing Desk,Furniture,185.0,399.99,14,12,0,6,1,1,0,8.0,13.0,13.0,17.0,10.142857142857142,4.140393356054124,11.142857142857142,4.688072309384963,12.766666666666667,4.987455527990039
2025-01-07,104,Adjustable Standing Desk,Furniture,185.0,399.99,14,2,1,7,1,1,0,12.0,8.0,4.0,10.0,10.0,4.04145188432738,11.071428571428571,4.665161976152205,12.466666666666667,4.739659040067353
2025-01-08,104,Adjustable Standing Desk,Furniture,185.0,399.99,14,5,2,8,1,1,0,2.0,10.0,13.0,8.0,9.142857142857142,5.047394424471943,10.928571428571429,4.921917789365727,12.333333333333334,4.978113015531339
2025-01-09,104,Adjustable Standing Desk,Furniture,185.0,399.99,14,9,3,9,1,1,0,5.0,11.0,10.0,17.0,8.428571428571429,5.2553827281224335,10.357142857142858,5.123207271549028,11.933333333333334,5.071443604131399
2025-01-10,104,Adjustable Standing Desk,Furniture,185.0,399.99,14,6,4,10,1,1,0,9.0,4.0,15.0,20.0,8.142857142857142,5.145501965424796,10.285714285714286,5.135525910130964,11.9,5.0878489459251774
2025-01-11,104,Adjustable Standing Desk,Furniture,185.0,399.99,14,10,5,11,1,1,1,6.0,17.0,21.0,20.0,8.428571428571429,4.928053803045809,9.642857142857142,5.062792523091207,11.833333333333334,5.153394149914019
2025-01-12,104,Adjustable Standing Desk,Furniture,185.0,399.99,14,3,6,12,1,1,1,10.0,8.0,9.0,9.0,7.428571428571429,3.3594217189442355,8.857142857142858,3.8800702384035715,11.6,5.069176631775433
2025-01-13,104,Adjustable Standing Desk,Furniture,185.0,399.99,14,6,0,13,1,1,0,3.0,12.0,13.0,11.0,6.714285714285714,3.72890894294321,8.428571428571429,4.182643362098374,11.033333333333333,5.04793117974111
2025-01-14,104,Adjustable Standing Desk,Furniture,185.0,399.99,14,7,1,14,1,1,0,6.0,2.0,8.0,11.0,5.857142857142857,2.911389784310992,7.928571428571429,4.008918628686377,10.566666666666666,4.8329567827953905
2025-01-15,104,Adjustable Standing Desk,Furniture,185.0,399.99,14,6,2,15,1,1,0,7.0,5.0,10.0,11.0,6.571428571428571,2.370453040886396,7.857142857142857,4.016449692435874,10.5,4.868972843601029
2025-01-16,104,Adjustable Standing Desk,Furniture,185.0,399.99,14,7,3,16,1,1,0,6.0,9.0,11.0,13.0,6.714285714285714,2.288688541085305,7.571428571428571,3.994501715614108,10.333333333333334,4.936376818270073
2025-01-17,104,Adjustable Standing Desk,Furniture,185.0,399.99,14,12,4,17,1,1,0,7.0,6.0,4.0,21.0,6.428571428571429,2.070196678027048,7.285714285714286,3.871564411063192,10.2,4.971643730126937
2025-01-18,104,Adjustable Standing Desk,Furniture,185.0,399.99,14,12,5,18,1,1,1,12.0,10.0,17.0,17.0,7.285714285714286,2.9277002188455916,7.857142857142857,3.9390967894282074,10.233333333333333,4.980536831149522
2025-01-19,104,Adjustable Standing Desk,Furniture,185.0,399.99,14,6,6,19,1,1,1,12.0,3.0,8.0,15.0,7.571428571428571,3.30943816264648,7.5,3.204564052914353,10.2,4.964702998374536
2025-01-20,104,Adjustable Standing Desk,Furniture,185.0,399.99,14,6,0,20,1,1,0,6.0,6.0,12.0,13.0,8.0,2.768874620972685,7.357142857142857,3.225073472201679,9.7,4.579941273528039
2025-01-21,104,Adjustable Standing Desk,Furniture,185.0,399.99,14,2,1,21,1,1,0,6.0,7.0,2.0,4.0,8.0,2.768874620972685,6.928571428571429,2.9473400188667207,9.333333333333334,4.412625563971659
2025-01-22,104,Adjustable Standing Desk,Furniture,185.0,399.99,14,7,2,22,1,1,0,2.0,6.0,5.0,13.0,7.285714285714286,3.5923198500080495,6.928571428571429,2.9473400188667207,8.9,4.4748338439582955
2025-01-23,104,Adjustable Standing Desk,Furniture,185.0,399.99,14,3,3,23,1,1,0,7.0,7.0,9.0,10.0,7.428571428571429,3.5523298860110915,7.071428571428571,2.8946711176092137,8.7,4.419002852103247
2025-01-24,104,Adjustable Standing Desk,Furniture,185.0,399.99,14,17,4,24,1,1,0,3.0,12.0,6.0,15.0,6.857142857142857,3.933978962347209,6.642857142857143,3.02825521882317,8.666666666666666,4.459266472332018
2025-01-25,104,Adjustable Standing Desk,Furniture,185.0,399.99,14,8,5,25,1,1,1,17.0,12.0,10.0,21.0,7.571428571428571,5.255382728122432,7.428571428571429,4.0896545973070655,8.8,4.649063680296105
2025-01-26,104,Adjustable Standing Desk,Furniture,185.0,399.99,14,4,6,26,1,1,1,8.0,6.0,3.0,9.0,7.0,4.89897948556635,7.285714285714286,4.027378827448482,8.733333333333333,4.645601058571687
2025-01-27,104,Adjustable Standing Desk,Furniture,185.0,399.99,14,4,0,27,1,1,0,4.0,6.0,6.0,13.0,6.714285714285714,5.02375310282016,7.357142857142857,3.953715737362541,8.366666666666667,4.567375563737884
2025-01-28,104,Adjustable Standing Desk,Furniture,185.0,399.99,14,3,1,28,1,1,0,4.0,2.0,7.0,8.0,6.428571428571429,5.126959555693241,7.214285714285714,4.041678467563313,7.8,3.960146287789089
2025-01-29,104,Adjustable Standing Desk,Furniture,185.0,399.99,14,8,2,29,1,1,0,3.0,7.0,6.0,10.0,6.571428571428571,4.995235825502225,6.928571428571429,4.196413958356612,7.6,4.047988005979238
2025-01-30,104,Adjustable Standing Desk,Furniture,185.0,399.99,14,7,3,30,1,1,0,8.0,3.0,7.0,11.0,6.714285714285714,5.02375310282016,7.071428571428571,4.196413958356612,7.433333333333334,3.9188609651744275
2025-01-31,104,Adjustable Standing Desk,Furniture,185.0,399.99,14,9,4,31,1,1,0,7.0,17.0,12.0,4.0,7.285714285714286,4.750939756661678,7.071428571428571,4.196413958356612,7.4,3.918127631654061
2025-02-01,104,Adjustable Standing Desk,Furniture,185.0,399.99,14,15,5,1,2,1,1,9.0,8.0,12.0,17.0,6.142857142857143,2.410295378065467,6.857142857142857,3.997251803179538,7.366666666666666,3.8994547216805593
2025-02-02,104,Adjustable Standing Desk,Furniture,185.0,399.99,14,8,6,2,2,1,1,15.0,4.0,6.0,8.0,7.142857142857143,4.14039335605412,7.071428571428571,4.358268634963382,7.5,4.091623065526059
2025-02-03,104,Adjustable Standing Desk,Furniture,185.0,399.99,14,5,0,3,2,1,0,8.0,4.0,6.0,12.0,7.714285714285714,3.9036002917941275,7.214285714285714,4.353222880872233,7.633333333333334,4.038464485704795
2025-02-04,104,Adjustable Standing Desk,Furniture,185.0,399.99,14,8,1,4,2,1,0,5.0,3.0,2.0,2.0,7.857142857142857,3.7606990231680473,7.142857142857143,4.382783500104848,7.233333333333333,3.654787444485361
2025-02-05,104,Adjustable Standing Desk,Furniture,185.0,399.99,14,3,2,5,2,1,0,8.0,8.0,7.0,5.0,8.571428571428571,3.1014589500826206,7.571428571428571,4.127101529277796,7.233333333333333,3.654787444485361
2025-02-06,104,Adjustable Standing Desk,Furniture,185.0,399.99,14,6,3,6,2,1,0,3.0,7.0,3.0,9.0,7.857142857142857,3.7606990231680473,7.285714285714286,4.304355065218553,6.933333333333334,3.6192334236289114
2025-02-07,104,Adjustable Standing Desk,Furniture,185.0,399.99,14,14,4,7,2,1,0,6.0,9.0,17.0,6.0,7.714285714285714,3.817254061682106,7.5,4.146360776911217,7.066666666666666,3.503036449684203
2025-02-08,104,Adjustable Standing Desk,Furniture,185.0,399.99,14,11,5,8,2,1,1,14.0,15.0,8.0,10.0,8.428571428571429,4.50396650583841,7.285714285714286,3.667499073012772,7.366666666666666,3.6997980684256895
2025-02-09,104,Adjustable Standing Desk,Furniture,185.0,399.99,14,4,6,9,2,1,1,11.0,8.0,4.0,3.0,7.857142857142857,3.716116764786028,7.5,3.797772626563762,7.433333333333334,3.747949631035833
2025-02-10,104,Adjustable Standing Desk,Furniture,185.0,399.99,14,7,0,10,2,1,0,4.0,5.0,4.0,6.0,7.285714285714286,3.9880774697543004,7.5,3.797772626563762,7.366666666666666,3.7918545488375814
2025-02-11,104,Adjustable Standing Desk,Furniture,185.0,399.99,14,9,1,11,2,1,0,7.0,8.0,3.0,7.0,7.571428571428571,3.866830866792717,7.714285714285714,3.667499073012772,7.266666666666667,3.759432581299119
2025-02-12,104,Adjustable Standing Desk,Furniture,185.0,399.99,14,7,2,12,2,1,0,9.0,3.0,8.0,6.0,7.714285714285714,3.9036002917941284,8.142857142857142,3.4161864220691713,7.466666666666667,3.6834516546242404
2025-02-13,104,Adjustable Standing Desk,Furniture,185.0,399.99,14,7,3,13,2,1,0,7.0,6.0,7.0,7.0,8.285714285714286,3.3523268393900985,8.071428571428571,3.4298303549499876,7.5,3.674234614174772
2025-02-14,104,Adjustable Standing Desk,Furniture,185.0,399.99,14,8,4,14,2,1,0,7.0,14.0,9.0,12.0,8.428571428571429,3.2586880211286857,8.071428571428571,3.4298303549499876,7.5,3.674234614174772
2025-02-15,104,Adjustable Standing Desk,Furniture,185.0,399.99,14,6,5,15,2,1,1,8.0,11.0,15.0,12.0,7.571428571428571,2.1491969707422305,8.0,3.419401657060455,7.566666666666666,3.6642102534665275
2025-02-16,104,Adjustable Standing Desk,Furniture,185.0,399.99,14,6,6,16,2,1,1,6.0,4.0,8.0,6.0,6.857142857142857,1.5735915849388713,7.357142857142857,2.7902892835178177,7.533333333333333,3.6740781938756664
2025-02-17,104,Adjustable Standing Desk,Furniture,185.0,399.99,14,9,0,17,2,1,0,6.0,7.0,5.0,6.0,7.142857142857143,1.0690449676496772,7.214285714285714,2.8059982846798865,7.333333333333333,3.584769827010335
2025-02-18,104,Adjustable Standing Desk,Furniture,185.0,399.99,14,8,1,18,2,1,0,9.0,9.0,8.0,2.0,7.428571428571429,1.272418020560688,7.5,2.7665585397468537,7.233333333333333,3.490710167181514
2025-02-19,104,Adjustable Standing Desk,Furniture,185.0,399.99,14,7,2,19,2,1,0,8.0,7.0,3.0,7.0,7.285714285714286,1.112697280528355,7.5,2.7665585397468537,7.3,3.4854376858680163
2025-02-20,104,Adjustable Standing Desk,Furniture,185.0,399.99,14,6,3,20,2,1,0,7.0,7.0,6.0,3.0,7.285714285714286,1.112697280528355,7.785714285714286,2.4550911444328536,7.333333333333333,3.4773487059811146
2025-02-21,104,Adjustable Standing Desk,Furniture,185.0,399.99,14,15,4,21,2,1,0,6.0,8.0,14.0,17.0,7.142857142857143,1.214985792587894,7.785714285714286,2.455091144432853,7.466666666666667,3.3397639120910596
2025-02-22,104,Adjustable Standing Desk,Furniture,185.0,399.99,14,6,5,22,2,1,1,15.0,6.0,11.0,8.0,8.142857142857142,3.2366943748507437,7.857142857142857,2.656114653953241,7.733333333333333,3.609693208220237
2025-02-23,104,Adjustable Standing Desk,Furniture,185.0,399.99,14,3,6,23,2,1,1,6.0,6.0,4.0,4.0,8.142857142857142,3.2366943748507437,7.5,2.5343790014670287,7.833333333333333,3.5143384459445173
2025-02-24,104,Adjustable Standing Desk,Furniture,185.0,399.99,14,12,0,24,2,1,0,3.0,9.0,7.0,4.0,7.714285714285714,3.728908942943213,7.428571428571429,2.6519741765272005,7.366666666666666,3.1675437381878977
2025-02-25,104,Adjustable Standing Desk,Furniture,185.0,399.99,14,10,1,25,2,1,0,12.0,8.0,9.0,3.0,8.142857142857142,4.059087394500203,7.785714285714286,2.9135907380775152,7.5,3.277404355636463
2025-02-26,104,Adjustable Standing Desk,Furniture,185.0,399.99,14,4,2,26,2,1,0,10.0,7.0,7.0,8.0,8.428571428571429,4.117326918327099,7.857142857142857,2.9575754846246674,7.7,3.23930601337322
2025-02-27,104,Adjustable Standing Desk,Furniture,185.0,399.99,14,8,3,27,2,1,0,4.0,6.0,7.0,7.0,8.0,4.434711565216687,7.642857142857143,3.128212634351184,7.7,3.23930601337322
2025-02-28,104,Adjustable Standing Desk,Furniture,185.0,399.99,14,13,4,28,2,1,0,8.0,15.0,8.0,9.0,8.285714285714286,4.347960660443224,7.714285714285714,3.123818457952038,7.866666666666666,3.1154048094006708
2025-03-01,104,Adjustable Standing Desk,Furniture,185.0,399.99,14,14,5,1,3,1,1,13.0,6.0,6.0,15.0,8.0,3.8729833462074126,8.071428571428571,3.429830354949987,8.033333333333333,3.2534685293182757
2025-03-02,104,Adjustable Standing Desk,Furniture,185.0,399.99,14,14,6,2,3,1,1,14.0,3.0,6.0,8.0,9.142857142857142,4.336994790119513,8.642857142857142,3.7129118338191622,8.266666666666667,3.423381402923887
2025-03-03,104,Adjustable Standing Desk,Furniture,185.0,399.99,14,8,0,3,3,1,0,14.0,12.0,9.0,5.0,10.714285714285714,3.6839419880650364,9.214285714285714,3.886437392316477,8.433333333333334,3.578511859200253
2025-03-04,104,Adjustable Standing Desk,Furniture,185.0,399.99,14,8,1,4,3,1,0,8.0,10.0,8.0,8.0,10.142857142857142,3.7606990231680517,9.142857142857142,3.8998450236889286,8.2,3.3569279880928997
2025-03-05,104,Adjustable Standing Desk,Furniture,185.0,399.99,14,6,2,5,3,1,0,8.0,4.0,7.0,3.0,9.857142857142858,3.8483144114694943,9.142857142857142,3.8998450236889286,8.2,3.3569279880928997
2025-03-06,104,Adjustable Standing Desk,Furniture,185.0,399.99,14,8,3,6,3,1,0,6.0,8.0,6.0,6.0,10.142857142857142,3.387652649872839,9.071428571428571,3.950935346204769,8.233333333333333,3.3289051045955578
2025-03-07,104,Adjustable Standing Desk,Furniture,185.0,399.99,14,13,4,7,3,1,0,8.0,13.0,15.0,14.0,10.142857142857142,3.387652649872839,9.214285714285714,3.866594037463662,8.233333333333333,3.3289051045955578
2025-03-08,104,Adjustable Standing Desk,Furniture,185.0,399.99,14,10,5,8,3,1,1,13.0,14.0,6.0,11.0,10.142857142857142,3.387652649872839,9.071428571428571,3.6682480772221564,8.566666666666666,3.2872096261779316
2025-03-09,104,Adjustable Standing Desk,Furniture,185.0,399.99,14,5,6,9,3,1,1,10.0,14.0,3.0,4.0,9.571428571428571,2.9358214555806366,9.357142857142858,3.564939159199116,8.7,3.2605267186083142
2025-03-10,104,Adjustable Standing Desk,Furniture,185.0,399.99,14,11,0,10,3,1,0,5.0,8.0,12.0,7.0,8.285714285714286,2.6276913640612136,9.5,3.3224180258452773,8.4,3.168813549318561
2025-03-11,104,Adjustable Standing Desk,Furniture,185.0,399.99,14,7,1,11,3,1,0,11.0,8.0,10.0,9.0,8.714285714285714,2.811540841738189,9.428571428571429,3.274946522506103,8.4,3.168813549318561
2025-03-12,104,Adjustable Standing Desk,Furniture,185.0,399.99,14,13,2,12,3,1,0,7.0,6.0,4.0,7.0,8.571428571428571,2.8784916685156943,9.214285714285714,3.3323258550741546,8.5,3.070998938905498
2025-03-13,104,Adjustable Standing Desk,Furniture,185.0,399.99,14,8,3,13,3,1,0,13.0,8.0,8.0,7.0,9.571428571428571,3.047247001100218,9.857142857142858,3.109715368056981,8.7,3.1639128982300204
2025-03-14,104,Adjustable Standing Desk,Furniture,185.0,399.99,14,11,4,14,3,1,0,8.0,13.0,13.0,8.0,9.571428571428571,3.047247001100218,9.857142857142858,3.1097153680569813,8.666666666666666,3.1659103755076843
2025-03-15,104,Adjustable Standing Desk,Furniture,185.0,399.99,14,15,5,15,3,1,1,11.0,10.0,14.0,6.0,9.285714285714286,2.751622897751172,9.714285714285714,2.99816793876045,8.8,3.177507155639152
2025-03-16,104,Adjustable Standing Desk,Furniture,185.0,399.99,14,7,6,16,3,1,1,15.0,5.0,14.0,6.0,10.0,3.5118845842842443,9.785714285714286,3.1176562061555657,9.066666666666666,3.3521309057367517
2025-03-17,104,Adjustable Standing Desk,Furniture,185.0,399.99,14,9,0,17,3,1,0,7.0,11.0,8.0,9.0,10.285714285714286,3.093772546815386,9.285714285714286,2.9464077588342685,9.033333333333333,3.3680377315166217
2025-03-18,104,Adjustable Standing Desk,Furniture,185.0,399.99,14,9,1,18,3,1,0,9.0,7.0,8.0,8.0,10.0,3.109126351029603,9.357142857142858,2.924883767766704,9.133333333333333,3.319049857116202
2025-03-19,104,Adjustable Standing Desk,Furniture,185.0,399.99,14,9,2,19,3,1,0,9.0,13.0,6.0,7.0,10.285714285714286,2.8702082220799285,9.428571428571429,2.9013070188421137,9.233333333333333,3.266162288061345
2025-03-20,104,Adjustable Standing Desk,Furniture,185.0,399.99,14,10,3,20,3,1,0,9.0,8.0,8.0,6.0,9.714285714285714,2.6276913640612154,9.642857142857142,2.734597224093902,9.233333333333333,3.266162288061345
2025-03-21,104,Adjustable Standing Desk,Furniture,185.0,399.99,14,14,4,21,3,1,0,10.0,11.0,13.0,15.0,10.0,2.516611478423581,9.785714285714286,2.694112424944782,9.3,3.260526718608317
2025-03-22,104,Adjustable Standing Desk,Furniture,185.0,399.99,14,9,5,22,3,1,1,14.0,15.0,10.0,6.0,10.428571428571429,2.935821455580636,9.857142857142858,2.7971728270122886,9.533333333333333,3.3397639120910707
2025-03-23,104,Adjustable Standing Desk,Furniture,185.0,399.99,14,7,6,23,3,1,1,9.0,7.0,5.0,3.0,9.571428571428571,2.149196970742237,9.785714285714286,2.8059982846798874,9.633333333333333,3.274597457054414
2025-03-24,104,Adjustable Standing Desk,Furniture,185.0,399.99,14,2,0,24,3,1,0,7.0,9.0,11.0,12.0,9.571428571428571,2.149196970742237,9.928571428571429,2.5858873113137166,9.366666666666667,3.145695836989119
2025-03-25,104,Adjustable Standing Desk,Furniture,185.0,399.99,14,7,1,25,3,1,0,2.0,9.0,7.0,10.0,8.571428571428571,3.598941643369749,9.285714285714286,3.3149677206589945,9.233333333333333,3.3700847562587968
2025-03-26,104,Adjustable Standing Desk,Furniture,185.0,399.99,14,9,2,26,3,1,0,7.0,9.0,13.0,4.0,8.285714285714286,3.638419332360584,9.285714285714286,3.3149677206589945,9.366666666666667,3.189241973857768
2025-03-27,104,Adjustable Standing Desk,Furniture,185.0,399.99,14,7,3,27,3,1,0,9.0,10.0,8.0,8.0,8.285714285714286,3.638419332360584,9.0,3.1378581622109603,9.266666666666667,3.1506248240006767
2025-03-28,104,Adjustable Standing Desk,Furniture,185.0,399.99,14,10,4,28,3,1,0,7.0,14.0,11.0,13.0,7.857142857142857,3.5790395093549625,8.928571428571429,3.173551413074739,9.166666666666666,3.174068783703065
2025-03-29,104,Adjustable Standing Desk,Furniture,185.0,399.99,14,11,5,29,3,1,1,10.0,9.0,15.0,14.0,7.285714285714286,2.627691364061219,8.857142857142858,3.1343541319027635,9.366666666666667,3.0227109701715618
2025-03-30,104,Adjustable Standing Desk,Furniture,185.0,399.99,14,8,6,30,3,1,1,11.0,7.0,7.0,14.0,7.571428571428571,2.9358214555806392,8.571428571428571,2.680823229310969,9.466666666666667,3.025561598861582
2025-03-31,104,Adjustable Standing Desk,Furniture,185.0,399.99,14,9,0,31,3,1,0,8.0,2.0,9.0,8.0,7.714285714285714,2.9277002188455996,8.642857142857142,2.6488645711858547,9.3,2.9612439138378113
2025-04-01,104,Adjustable Standing Desk,Furniture,185.0,399.99,14,8,1,1,4,2,0,9.0,7.0,9.0,8.0,8.714285714285714,1.496026483086189,8.642857142857142,2.6488645711858547,9.133333333333333,2.8251741885063284
2025-04-02,104,Adjustable Standing Desk,Furniture,185.0,399.99,14,8,2,2,4,2,0,8.0,9.0,9.0,6.0,8.857142857142858,1.3451854182690954,8.571428571428571,2.651974176527203,8.933333333333334,2.6772777390390616
2025-04-03,104,Adjustable Standing Desk,Furniture,185.0,399.99,14,10,3,3,4,2,0,8.0,7.0,10.0,8.0,8.714285714285714,1.3801311186847058,8.5,2.653009901689333,8.933333333333334,2.6772777390390616
2025-04-04,104,Adjustable Standing Desk,Furniture,185.0,399.99,14,16,4,4,4,2,0,10.0,10.0,14.0,13.0,9.142857142857142,1.2149857925879075,8.5,2.653009901689333,9.0,2.678136253647961
2025-04-05,104,Adjustable Standing Desk,Furniture,185.0,399.99,14,14,5,5,4,2,1,16.0,11.0,9.0,10.0,10.0,2.886751345948126,8.642857142857142,3.0027459959982665,9.333333333333334,2.9046138485512154
2025-04-06,104,Adjustable Standing Desk,Furniture,185.0,399.99,14,8,6,6,4,2,1,14.0,8.0,7.0,5.0,10.428571428571429,3.258688021128687,9.0,3.32820117735139,9.533333333333333,3.014142908235188
2025-04-07,104,Adjustable Standing Desk,Furniture,185.0,399.99,14,8,0,7,4,2,0,8.0,9.0,2.0,11.0,10.428571428571429,3.258688021128687,9.071428571428571,3.2925156553400687,9.366666666666667,2.953470586572216
2025-04-08,104,Adjustable Standing Desk,Furniture,185.0,399.99,14,5,1,8,4,2,0,8.0,8.0,7.0,7.0,10.285714285714286,3.3523268393901002,9.5,2.6238550616631784,9.3,2.9612439138378113
2025-04-09,104,Adjustable Standing Desk,Furniture,185.0,399.99,14,6,2,9,4,2,0,5.0,8.0,9.0,13.0,9.857142857142858,3.848314411469494,9.357142857142858,2.81772256256015,9.3,2.9612439138378113
2025-04-10,104,Adjustable Standing Desk,Furniture,185.0,399.99,14,6,3,10,4,2,0,6.0,10.0,7.0,8.0,9.571428571428571,4.076646614442758,9.142857142857142,2.957575484624669,9.133333333333333,3.002680794560601
2025-04-11,104,Adjustable Standing Desk,Furniture,185.0,399.99,14,9,4,11,4,2,0,6.0,16.0,10.0,11.0,9.0,4.281744192888375,9.071428571428571,3.0246242160558965,9.1,3.0325816929042526
2025-04-12,104,Adjustable Standing Desk,Furniture,185.0,399.99,14,12,5,12,4,2,1,9.0,14.0,11.0,15.0,8.0,3.0000000000000004,9.0,3.0127932350101916,8.966666666666667,2.9417720830318985
2025-04-13,104,Adjustable Standing Desk,Furniture,185.0,399.99,14,6,6,13,4,2,1,12.0,8.0,8.0,7.0,7.714285714285714,2.36038737740833,9.071428571428571,3.0750681221794185,9.1,2.9867523591976126
2025-04-14,104,Adjustable Standing Desk,Furniture,185.0,399.99,14,7,0,14,4,2,0,6.0,8.0,9.0,9.0,7.428571428571429,2.4397501823713337,8.928571428571429,3.1735514130747386,8.933333333333334,3.0164301043970387
2025-04-15,104,Adjustable Standing Desk,Furniture,185.0,399.99,14,16,1,15,4,2,0,7.0,5.0,8.0,9.0,7.285714285714286,2.429971585175825,8.785714285714286,3.214835117881621,8.666666666666666,2.808034449800153
2025-04-16,104,Adjustable Standing Desk,Furniture,185.0,399.99,14,9,2,16,4,2,0,16.0,6.0,8.0,9.0,8.857142857142858,3.8483144114694943,9.357142857142858,3.7335720750456307,8.966666666666667,3.0904004129956633
2025-04-17,104,Adjustable Standing Desk,Furniture,185.0,399.99,14,6,3,17,4,2,0,9.0,6.0,10.0,10.0,9.285714285714286,3.6384193323605825,9.428571428571429,3.715130926656273,8.966666666666667,3.0904004129956633
2025-04-18,104,Adjustable Standing Desk,Furniture,185.0,399.99,14,8,4,18,4,2,0,6.0,9.0,16.0,14.0,9.285714285714286,3.6384193323605825,9.142857142857142,3.820131750791678,8.866666666666667,3.1374636509320113
2025-04-19,104,Adjustable Standing Desk,Furniture,185.0,399.99,14,12,5,19,4,2,1,8.0,12.0,14.0,9.0,9.142857142857142,3.6709931185158147,8.571428571428571,3.2749465225061036,8.833333333333334,3.1413080224572227
2025-04-20,104,Adjustable Standing Desk,Furniture,185.0,399.99,14,9,6,20,4,2,1,12.0,6.0,8.0,7.0,9.142857142857142,3.6709931185158147,8.428571428571429,3.056249227510649,8.9,3.18780001968714
2025-04-21,104,Adjustable Standing Desk,Furniture,185.0,399.99,14,7,0,21,4,2,0,9.0,7.0,8.0,2.0,9.571428571428571,3.4086724129853843,8.5,3.057147992190424,8.733333333333333,3.0392073981871466
2025-04-22,104,Adjustable Standing Desk,Furniture,185.0,399.99,14,8,1,22,4,2,0,7.0,16.0,5.0,7.0,9.571428571428571,3.4086724129853843,8.428571428571429,3.081315546078589,8.666666666666666,3.0550504633039064
2025-04-23,104,Adjustable Standing Desk,Furniture,185.0,399.99,14,14,2,23,4,2,0,8.0,9.0,6.0,9.0,8.428571428571429,1.9023794624226813,8.642857142857142,2.9248837677667043,8.7,3.0416646984720583
2025-04-24,104,Adjustable Standing Desk,Furniture,185.0,399.99,14,8,3,24,4,2,0,14.0,6.0,6.0,7.0,9.142857142857142,2.8535691936340233,9.214285714285714,3.142232705199675,9.1,2.9166584564745035
2025-04-25,104,Adjustable Standing Desk,Furniture,185.0,399.99,14,16,4,25,4,2,0,8.0,8.0,9.0,10.0,9.428571428571429,2.5727509827123964,9.357142857142858,3.028255218823169,9.133333333333333,2.897482061868662
2025-04-26,104,Adjustable Standing Desk,Furniture,185.0,399.99,14,16,5,26,4,2,1,16.0,12.0,12.0,11.0,10.571428571428571,3.457221565416502,9.857142857142858,3.5050983275386685,9.366666666666667,3.1566386895069347
2025-04-27,104,Adjustable Standing Desk,Furniture,185.0,399.99,14,4,6,27,4,2,1,16.0,9.0,6.0,8.0,11.142857142857142,4.017817460121492,10.142857142857142,3.840215195435384,9.666666666666666,3.3459531226319785
2025-04-28,104,Adjustable Standing Desk,Furniture,185.0,399.99,14,6,0,28,4,2,0,4.0,7.0,7.0,9.0,10.428571428571429,4.8255273583012945,10.0,4.038278384125144,9.466666666666667,3.501067160790824
2025-04-29,104,Adjustable Standing Desk,Furniture,185.0,399.99,14,5,1,29,4,2,0,6.0,8.0,16.0,8.0,10.285714285714286,4.956957592256419,9.928571428571429,4.103737240694075,9.3,3.5443009135113437
2025-04-30,104,Adjustable Standing Desk,Furniture,185.0,399.99,14,10,2,30,4,2,0,5.0,14.0,9.0,8.0,9.857142857142858,5.304984179322039,9.142857142857142,3.899845023688929,9.2,3.6236769285849317
2025-05-01,104,Adjustable Standing Desk,Furniture,185.0,399.99,14,10,3,1,5,2,0,10.0,8.0,6.0,10.0,9.285714285714286,4.990467102863408,9.214285714285714,3.906179944426761,9.233333333333333,3.6263721144752616
2025-05-02,104,Adjustable Standing Desk,Furniture,185.0,399.99,14,10,4,2,5,2,0,10.0,16.0,8.0,16.0,9.571428571428571,4.961758520831864,9.5,3.797772626563762,9.3,3.6212971575732884
2025-05-03,104,Adjustable Standing Desk,Furniture,185.0,399.99,14,12,5,3,5,2,1,10.0,16.0,12.0,14.0,8.714285714285714,4.111540089159037,9.642857142857142,3.7745533175798216,9.366666666666667,3.6149434424281286
2025-05-04,104,Adjustable Standing Desk,Furniture,185.0,399.99,14,4,6,4,5,2,1,12.0,4.0,9.0,8.0,8.142857142857142,3.0783421635988546,9.642857142857142,3.7745533175798216,9.433333333333334,3.6453402786470486
2025-05-05,104,Adjustable Standing Desk,Furniture,185.0,399.99,14,7,0,5,5,2,0,4.0,6.0,7.0,8.0,8.142857142857142,3.0783421635988546,9.285714285714286,4.0653994302494585,9.033333333333333,3.557249357088401
2025-05-06,104,Adjustable Standing Desk,Furniture,185.0,399.99,14,9,1,6,5,2,0,7.0,5.0,8.0,5.0,8.285714285714286,2.984084768360628,9.285714285714286,4.0653994302494585,8.8,3.4481379282757647
2025-05-07,104,Adjustable Standing Desk,Furniture,185.0,399.99,14,9,2,7,5,2,0,9.0,10.0,14.0,6.0,8.857142857142858,2.609506430251477,9.357142857142858,4.049827021133001,8.833333333333334,3.444969679395468
2025-05-08,104,Adjustable Standing Desk,Furniture,185.0,399.99,14,5,3,8,5,2,0,9.0,10.0,8.0,6.0,8.714285714285714,2.5634797778466227,9.0,3.823007273781299,8.866666666666667,3.441464537216624
2025-05-09,104,Adjustable Standing Desk,Furniture,185.0,399.99,14,10,4,9,5,2,0,5.0,10.0,16.0,9.0,8.0,2.8284271247461907,8.785714285714286,3.964817804109078,8.866666666666667,3.441464537216624
2025-05-10,104,Adjustable Standing Desk,Furniture,185.0,399.99,14,14,5,10,5,2,1,10.0,12.0,16.0,12.0,8.0,2.8284271247461907,8.357142857142858,3.410552467250468,9.0,3.4038517735870664
2025-05-11,104,Adjustable Standing Desk,Furniture,185.0,399.99,14,11,6,11,5,2,1,14.0,4.0,4.0,6.0,8.285714285714286,3.3523268393901033,8.214285714285714,3.092884424923471,9.266666666666667,3.473379883642452
2025-05-12,104,Adjustable Standing Desk,Furniture,185.0,399.99,14,6,0,12,5,2,0,11.0,7.0,6.0,7.0,9.285714285714286,2.8702082220799294,8.714285714285714,2.920183646189506,9.333333333333334,3.48725100046297
2025-05-13,104,Adjustable Standing Desk,Furniture,185.0,399.99,14,13,1,13,5,2,0,6.0,9.0,5.0,16.0,9.142857142857142,3.0237157840738162,8.714285714285714,2.920183646189506,9.133333333333333,3.501067160790823
2025-05-14,104,Adjustable Standing Desk,Furniture,185.0,399.99,14,8,2,14,5,2,0,13.0,9.0,10.0,9.0,9.714285714285714,3.352326839390101,9.285714285714286,2.920183646189504,9.366666666666667,3.5182610647222208
2025-05-15,104,Adjustable Standing Desk,Furniture,185.0,399.99,14,13,3,15,5,2,0,8.0,5.0,10.0,6.0,9.571428571428571,3.4086724129853847,9.142857142857142,2.9314512776791455,9.4,3.4997536859140634
2025-05-16,104,Adjustable Standing Desk,Furniture,185.0,399.99,14,10,4,16,5,2,0,13.0,10.0,10.0,8.0,10.714285714285714,2.9277002188455947,9.357142857142858,3.103525113780816,9.3,3.3440631902955658
2025-05-17,104,Adjustable Standing Desk,Furniture,185.0,399.99,14,11,5,17,5,2,1,10.0,14.0,12.0,12.0,10.714285714285714,2.9277002188455947,9.357142857142858,3.103525113780816,9.333333333333334,3.345953122631977
2025-05-18,104,Adjustable Standing Desk,Furniture,185.0,399.99,14,6,6,18,5,2,1,11.0,11.0,4.0,9.0,10.285714285714286,2.5634797778466183,9.285714285714286,3.0490495726871014,9.5,3.2983799576197543
2025-05-19,104,Adjustable Standing Desk,Furniture,185.0,399.99,14,11,0,19,5,2,0,6.0,6.0,7.0,7.0,9.571428571428571,2.9920529661723796,9.428571428571429,2.8206460175009647,9.433333333333334,3.349558214135883
2025-05-20,104,Adjustable Standing Desk,Furniture,185.0,399.99,14,12,1,20,5,2,0,11.0,13.0,9.0,8.0,10.285714285714286,2.5634797778466183,9.714285714285714,2.7576068618270613,9.4,3.3280417769261286
2025-05-21,104,Adjustable Standing Desk,Furniture,185.0,399.99,14,12,2,21,5,2,0,12.0,8.0,9.0,14.0,10.142857142857142,2.4102953780654746,9.928571428571429,2.813819897858159,9.5,3.360521306029166
2025-05-22,104,Adjustable Standing Desk,Furniture,185.0,399.99,14,5,3,22,5,2,0,12.0,13.0,5.0,8.0,10.714285714285714,2.2886885410853113,10.142857142857142,2.851643058285558,9.666666666666666,3.3562431103977057
2025-05-23,104,Adjustable Standing Desk,Furniture,185.0,399.99,14,10,4,23,5,2,0,5.0,10.0,10.0,16.0,9.571428571428571,2.878491668515695,10.142857142857142,2.851643058285558,9.566666666666666,3.4509702117374124
2025-05-24,104,Adjustable Standing Desk,Furniture,185.0,399.99,14,10,5,24,5,2,1,10.0,11.0,14.0,16.0,9.571428571428571,2.878491668515695,10.142857142857142,2.851643058285558,9.433333333333334,3.349558214135883
2025-05-25,104,Adjustable Standing Desk,Furniture,185.0,399.99,14,7,6,25,5,2,1,10.0,6.0,11.0,4.0,9.428571428571429,2.8199966227605553,9.857142857142858,2.62699427123452,9.5,3.339935989475429
2025-05-26,104,Adjustable Standing Desk,Furniture,185.0,399.99,14,9,0,26,5,2,0,7.0,11.0,6.0,6.0,9.571428571428571,2.636736799982307,9.571428571428571,2.7093651176353903,9.2,3.1337979601710946
2025-05-27,104,Adjustable Standing Desk,Furniture,185.0,399.99,14,8,1,27,5,2,0,9.0,12.0,13.0,5.0,9.285714285714286,2.563479777846621,9.785714285714286,2.5169753346357853,8.966666666666667,2.858542350187624
2025-05-28,104,Adjustable Standing Desk,Furniture,185.0,399.99,14,5,2,28,5,2,0,8.0,12.0,8.0,10.0,8.714285714285714,2.288688541085317,9.428571428571429,2.3766261061327554,9.1,2.708225019938481
2025-05-29,104,Adjustable Standing Desk,Furniture,185.0,399.99,14,10,3,29,5,2,0,5.0,5.0,13.0,10.0,7.714285714285714,2.1380899352993983,9.214285714285714,2.6363894724697925,9.066666666666666,2.753472207123652
2025-05-30,104,Adjustable Standing Desk,Furniture,185.0,399.99,14,6,4,30,5,2,0,10.0,10.0,10.0,10.0,8.428571428571429,1.9023794624226842,9.0,2.417882099307977,9.233333333333333,2.6481396636433323
2025-05-31,104,Adjustable Standing Desk,Furniture,185.0,399.99,14,8,5,31,5,2,1,6.0,10.0,11.0,12.0,7.857142857142857,1.9518001458970693,8.714285714285714,2.5246042013801855,9.1,2.708225019938481
2025-06-01,104,Adjustable Standing Desk,Furniture,185.0,399.99,14,4,6,1,6,2,1,8.0,7.0,6.0,4.0,7.571428571428571,1.7182493859684538,8.5,2.4416261920160047,9.033333333333333,2.7099221687937156
2025-06-02,104,Adjustable Standing Desk,Furniture,185.0,399.99,14,6,0,2,6,2,0,4.0,9.0,11.0,7.0,7.142857142857143,2.1930626551751393,8.357142857142858,2.6488645711858574,8.833333333333334,2.8537130481041064
2025-06-03,104,Adjustable Standing Desk,Furniture,185.0,399.99,14,7,1,3,6,2,0,6.0,8.0,12.0,9.0,6.714285714285714,2.058663459163559,8.0,2.601774542351988,8.633333333333333,2.834313555930857
2025-06-04,104,Adjustable Standing Desk,Furniture,185.0,399.99,14,10,2,4,6,2,0,7.0,5.0,12.0,9.0,6.571428571428571,1.9880595947760185,7.642857142857143,2.3405174594568,8.733333333333333,2.7156422156974673
2025-06-05,104,Adjustable Standing Desk,Furniture,185.0,399.99,14,14,3,5,6,2,0,10.0,10.0,5.0,5.0,7.285714285714286,2.2146697055682876,7.5,2.1031112483834664,8.833333333333334,2.7048275275926708
2025-06-06,104,Adjustable Standing Desk,Furniture,185.0,399.99,14,17,4,6,6,2,0,14.0,6.0,10.0,10.0,7.857142857142857,3.287784027201881,8.142857142857142,2.5975474485084713,9.0,2.86476814973293
2025-06-07,104,Adjustable Standing Desk,Furniture,185.0,399.99,14,12,5,7,6,2,1,17.0,8.0,10.0,14.0,9.428571428571429,4.61364436055861,8.642857142857142,3.499607513315294,9.266666666666667,3.2156227833901125
2025-06-08,104,Adjustable Standing Desk,Furniture,185.0,399.99,14,9,6,8,6,2,1,12.0,4.0,7.0,11.0,10.0,4.654746681256311,8.785714285714286,3.5986871843145187,9.5,3.14861764961203
2025-06-09,104,Adjustable Standing Desk,Furniture,185.0,399.99,14,6,0,9,6,2,0,9.0,6.0,9.0,6.0,10.714285714285714,3.9036002917941275,8.928571428571429,3.5618553012177925,9.466666666666667,3.1484351157616426
2025-06-10,104,Adjustable Standing Desk,Furniture,185.0,399.99,14,4,1,10,6,2,0,6.0,7.0,8.0,13.0,10.714285714285714,3.9036002917941275,8.714285714285714,3.6464644927248924,9.2,3.089470437827007
2025-06-11,104,Adjustable Standing Desk,Furniture,185.0,399.99,14,8,2,11,6,2,0,4.0,10.0,5.0,8.0,10.285714285714286,4.498677054212183,8.428571428571429,3.8573463519783906,8.966666666666667,3.2107935782760846
2025-06-12,104,Adjustable Standing Desk,Furniture,185.0,399.99,14,8,3,12,6,2,0,8.0,14.0,10.0,13.0,10.0,4.582575694955836,8.642857142857142,3.733572075045633,9.033333333333333,3.1675437381879084
2025-06-13,104,Adjustable Standing Desk,Furniture,185.0,399.99,14,12,4,13,6,2,0,8.0,17.0,6.0,10.0,9.142857142857142,4.259443290250163,8.5,3.715870329773689,8.866666666666667,3.0820205344404723
2025-06-14,104,Adjustable Standing Desk,Furniture,185.0,399.99,14,10,5,14,6,2,1,12.0,12.0,8.0,11.0,8.428571428571429,2.9358214555806383,8.928571428571429,3.7511902872859806,9.0,3.1293934633209606
2025-06-15,104,Adjustable Standing Desk,Furniture,185.0,399.99,14,9,6,15,6,2,1,10.0,9.0,4.0,6.0,8.142857142857142,2.6095064302514785,9.071428571428571,3.7511902872859797,8.9,3.0439312149553253
2025-06-16,104,Adjustable Standing Desk,Furniture,185.0,399.99,14,9,0,16,6,2,0,9.0,6.0,6.0,11.0,8.142857142857142,2.6095064302514785,9.428571428571429,3.457751286030279,8.866666666666667,3.036937356243493
2025-06-17,104,Adjustable Standing Desk,Furniture,185.0,399.99,14,6,1,17,6,2,0,9.0,4.0,7.0,12.0,8.571428571428571,2.439750182371333,9.642857142857142,3.319108843723508,8.8,3.0103270529159003
2025-06-18,104,Adjustable Standing Desk,Furniture,185.0,399.99,14,10,2,18,6,2,0,6.0,8.0,10.0,12.0,8.857142857142858,1.8644544714716071,9.571428571428571,3.390354774135825,8.8,3.0103270529159003
2025-06-19,104,Adjustable Standing Desk,Furniture,185.0,399.99,14,10,3,19,6,2,0,10.0,8.0,14.0,5.0,9.142857142857142,1.864454471471606,9.571428571428571,3.390354774135825,8.766666666666667,2.9905982948098573
2025-06-20,104,Adjustable Standing Desk,Furniture,185.0,399.99,14,10,4,20,6,2,0,10.0,12.0,17.0,10.0,9.428571428571429,1.8126539343499273,9.285714285714286,3.1483468538406005,8.7,2.9378622300507398
2025-06-21,104,Adjustable Standing Desk,Furniture,185.0,399.99,14,11,5,21,6,2,1,10.0,10.0,12.0,10.0,9.142857142857142,1.4638501094227963,8.785714285714286,2.2592909516916393,8.633333333333333,2.8825675017766597
2025-06-22,104,Adjustable Standing Desk,Furniture,185.0,399.99,14,8,6,22,6,2,1,11.0,9.0,9.0,7.0,9.285714285714286,1.6035674514745422,8.714285714285714,2.1636355241395884,8.833333333333334,2.829442900366938
2025-06-23,104,Adjustable Standing Desk,Furniture,185.0,399.99,14,6,0,23,6,2,0,8.0,9.0,6.0,9.0,9.142857142857142,1.6761634196950483,8.642857142857142,2.1699749327564413,8.766666666666667,2.82456384589556
2025-06-24,104,Adjustable Standing Desk,Furniture,185.0,399.99,14,7,1,24,6,2,0,6.0,6.0,4.0,8.0,8.714285714285714,2.0586634591635513,8.642857142857142,2.1699749327564413,8.633333333333333,2.858542350187622
2025-06-25,104,Adjustable Standing Desk,Furniture,185.0,399.99,14,7,2,25,6,2,0,7.0,10.0,8.0,5.0,8.857142857142858,1.8644544714716078,8.857142857142858,1.791309914222359,8.633333333333333,2.858542350187622
2025-06-26,104,Adjustable Standing Desk,Furniture,185.0,399.99,14,9,3,26,6,2,0,7.0,10.0,8.0,10.0,8.428571428571429,1.9023794624226853,8.785714285714286,1.847183778644675,8.566666666666666,2.872981550324649
2025-06-27,104,Adjustable Standing Desk,Furniture,185.0,399.99,14,8,4,27,6,2,0,9.0,10.0,12.0,6.0,8.285714285714286,1.7994708216848774,8.857142857142858,1.8337495365064087,8.6,2.871981173696834
2025-06-28,104,Adjustable Standing Desk,Furniture,185.0,399.99,14,8,5,28,6,2,1,8.0,11.0,10.0,8.0,8.0,1.6329931618554567,8.571428571428571,1.6035674514745817,8.7,2.7934652809480474
2025-06-29,104,Adjustable Standing Desk,Furniture,185.0,399.99,14,6,6,29,6,2,1,8.0,8.0,9.0,4.0,7.571428571428571,0.9759000729485455,8.428571428571429,1.5548576840285204,8.633333333333333,2.785223736859913
2025-06-30,104,Adjustable Standing Desk,Furniture,185.0,399.99,14,10,0,30,6,2,0,6.0,6.0,9.0,6.0,7.285714285714286,1.1126972805283872,8.214285714285714,1.6723346844167941,8.633333333333333,2.785223736859913
2025-07-01,104,Adjustable Standing Desk,Furniture,185.0,399.99,14,10,1,1,7,3,0,10.0,7.0,6.0,7.0,7.857142857142857,1.3451854182691052,8.285714285714286,1.7288756430151677,8.7,2.7934652809480474
2025-07-02,104,Adjustable Standing Desk,Furniture,185.0,399.99,14,12,2,2,7,3,0,10.0,7.0,10.0,10.0,8.285714285714286,1.496026483086194,8.571428571428571,1.6508406117111487,8.9,2.6568064832906564
2025-07-03,104,Adjustable Standing Desk,Furniture,185.0,399.99,14,8,3,3,7,3,0,12.0,9.0,10.0,14.0,9.0,1.9148542155126747,8.714285714285714,1.85756546332816,9.1,2.656806483290658
2025-07-04,104,Adjustable Standing Desk,Furniture,185.0,399.99,14,12,4,4,7,3,0,8.0,8.0,10.0,17.0,8.857142857142858,1.9518001458970655,8.571428571428571,1.8277470669267821,9.133333333333333,2.6357402066178133
2025-07-05,104,Adjustable Standing Desk,Furniture,185.0,399.99,14,9,5,5,7,3,1,12.0,8.0,11.0,12.0,9.428571428571429,2.225394561056744,8.714285714285714,2.016416144037281,9.2,2.683281572999767
2025-07-06,104,Adjustable Standing Desk,Furniture,185.0,399.99,14,10,6,6,7,3,1,9.0,6.0,8.0,9.0,9.571428571428571,2.1491969707422354,8.571428571428571,1.9100658753958626,9.033333333333333,2.52550211236109
2025-07-07,104,Adjustable Standing Desk,Furniture,185.0,399.99,14,7,0,7,7,3,0,10.0,10.0,6.0,6.0,10.142857142857142,1.4638501094227894,8.714285714285714,1.9386185179766209,8.8,2.040959882354232
2025-07-08,104,Adjustable Standing Desk,Furniture,185.0,399.99,14,10,1,8,7,3,0,7.0,10.0,7.0,4.0,9.714285714285714,1.8898223650461303,8.785714285714286,1.8471837786446756,8.633333333333333,1.973677354293416
2025-07-09,104,Adjustable Standing Desk,Furniture,185.0,399.99,14,8,2,9,7,3,0,10.0,12.0,7.0,8.0,9.714285714285714,1.8898223650461303,9.0,1.7974340685458639,8.666666666666666,1.9884725264649326
2025-07-10,104,Adjustable Standing Desk,Furniture,185.0,399.99,14,10,3,10,7,3,0,8.0,8.0,9.0,8.0,9.142857142857142,1.6761634196950481,9.071428571428571,1.730463953541246,8.733333333333333,1.928610958665626
2025-07-11,104,Adjustable Standing Desk,Furniture,185.0,399.99,14,17,4,11,7,3,0,10.0,12.0,8.0,12.0,9.428571428571429,1.618347187425369,9.142857142857142,1.747840111378944,8.933333333333334,1.720732268608333
2025-07-12,104,Adjustable Standing Desk,Furniture,185.0,399.99,14,10,5,12,7,3,1,17.0,9.0,8.0,10.0,10.142857142857142,3.2366943748507437,9.785714285714286,2.694112424944781,9.233333333333333,2.254242488154814
2025-07-13,104,Adjustable Standing Desk,Furniture,185.0,399.99,14,10,6,13,7,3,1,10.0,10.0,6.0,9.0,10.285714285714286,3.199702367110917,9.928571428571429,2.6447127432871764,9.3,2.2460693636232625
2025-07-14,104,Adjustable Standing Desk,Furniture,185.0,399.99,14,9,0,14,7,3,0,10.0,7.0,10.0,9.0,10.285714285714286,3.199702367110917,10.214285714285714,2.391606200815741,9.233333333333333,2.192201433818729
2025-07-15,104,Adjustable Standing Desk,Furniture,185.0,399.99,14,3,1,15,7,3,0,9.0,10.0,10.0,6.0,10.571428571428571,2.9358214555806317,10.142857142857142,2.413332928581531,9.2,2.187740134602789
2025-07-16,104,Adjustable Standing Desk,Furniture,185.0,399.99,14,8,2,16,7,3,0,3.0,8.0,12.0,10.0,9.571428571428571,4.1173269183271,9.642857142857142,3.0786396310744255,9.0,2.463527048205779
2025-07-17,104,Adjustable Standing Desk,Furniture,185.0,399.99,14,10,3,17,7,3,0,8.0,10.0,8.0,10.0,9.571428571428571,4.1173269183271,9.357142857142858,3.0282552188231717,8.966666666666667,2.4702831519027955
2025-07-18,104,Adjustable Standing Desk,Furniture,185.0,399.99,14,17,4,18,7,3,0,10.0,17.0,12.0,10.0,9.571428571428571,4.1173269183271,9.5,3.006403422440448,9.1,2.4118958060642766
2025-07-19,104,Adjustable Standing Desk,Furniture,185.0,399.99,14,9,5,19,7,3,1,17.0,10.0,9.0,11.0,9.571428571428571,4.1173269183271,9.857142857142858,3.5703295012159364,9.333333333333334,2.8080344498001586
2025-07-20,104,Adjustable Standing Desk,Furniture,185.0,399.99,14,8,6,20,7,3,1,9.0,10.0,10.0,8.0,9.428571428571429,4.117326918327101,9.857142857142858,3.5703295012159364,9.3,2.805782206997464
2025-07-21,104,Adjustable Standing Desk,Furniture,185.0,399.99,14,8,0,21,7,3,0,8.0,9.0,7.0,6.0,9.142857142857142,4.140393356054124,9.714285714285714,3.6040270516480706,9.233333333333333,2.8123291774433086
2025-07-22,104,Adjustable Standing Desk,Furniture,185.0,399.99,14,9,1,22,7,3,0,8.0,3.0,10.0,7.0,9.0,4.163331998932264,9.785714285714286,3.555679561329625,9.133333333333333,2.8006567374313556
2025-07-23,104,Adjustable Standing Desk,Furniture,185.0,399.99,14,11,2,23,7,3,0,9.0,8.0,8.0,7.0,9.857142857142858,3.2366943748507437,9.714285714285714,3.5610839194434574,9.166666666666666,2.792642221035976
2025-07-24,104,Adjustable Standing Desk,Furniture,185.0,399.99,14,9,3,24,7,3,0,11.0,10.0,10.0,9.0,10.285714285714286,3.147183169877766,9.928571428571429,3.54019307848698,9.333333333333334,2.745947902830202
2025-07-25,104,Adjustable Standing Desk,Furniture,185.0,399.99,14,6,4,25,7,3,0,9.0,17.0,17.0,8.0,10.142857142857142,3.1847852585154164,9.857142857142858,3.5487190073893826,9.4,2.7114063026280566
2025-07-26,104,Adjustable Standing Desk,Furniture,185.0,399.99,14,15,5,26,7,3,1,6.0,9.0,10.0,8.0,8.571428571428571,1.5118578920369117,9.071428571428571,3.024624216055899,9.366666666666667,2.747830910489907
2025-07-27,104,Adjustable Standing Desk,Furniture,185.0,399.99,14,9,6,27,7,3,1,15.0,8.0,10.0,6.0,9.428571428571429,2.8784916685156947,9.428571428571429,3.412968158121571,9.566666666666666,2.932379677789485
2025-07-28,104,Adjustable Standing Desk,Furniture,185.0,399.99,14,10,0,28,7,3,0,9.0,8.0,9.0,10.0,9.571428571428571,2.8199966227605544,9.357142857142858,3.4105524672504655,9.6,2.9196126337297907
2025-07-29,104,Adjustable Standing Desk,Furniture,185.0,399.99,14,18,1,29,7,3,0,10.0,9.0,3.0,10.0,9.857142857142858,2.7342623276105837,9.428571428571429,3.412968158121571,9.666666666666666,2.9046138485512194
2025-07-30,104,Adjustable Standing Desk,Furniture,185.0,399.99,14,11,2,30,7,3,0,18.0,11.0,8.0,12.0,11.142857142857142,4.059087394500197,10.5,3.589514644713885,10.066666666666666,3.1941037632761478
2025-07-31,104,Adjustable Standing Desk,Furniture,185.0,399.99,14,8,3,31,7,3,0,11.0,9.0,10.0,8.0,11.142857142857142,4.059087394500197,10.714285714285714,3.5176165756981574,10.1,3.1985988311694795
2025-08-01,104,Adjustable Standing Desk,Furniture,185.0,399.99,14,20,4,1,8,3,0,8.0,6.0,17.0,12.0,11.0,4.163331998932257,10.571428571428571,3.588749208167233,10.033333333333333,3.221515314186845
2025-08-02,104,Adjustable Standing Desk,Furniture,185.0,399.99,14,15,5,2,8,3,1,20.0,15.0,9.0,9.0,13.0,4.690415759823415,10.785714285714286,4.060666323278858,10.3,3.6873502307399657
2025-08-03,104,Adjustable Standing Desk,Furniture,185.0,399.99,14,12,6,3,8,3,1,15.0,9.0,8.0,10.0,13.0,4.690415759823415,11.214285714285714,4.172779398924408,10.533333333333333,3.757597667378083
2025-08-04,104,Adjustable Standing Desk,Furniture,185.0,399.99,14,6,0,4,8,3,0,12.0,10.0,8.0,7.0,13.428571428571429,4.391550328268381,11.5,4.071476768559917,10.533333333333333,3.757597667378083
2025-08-05,104,Adjustable Standing Desk,Furniture,185.0,399.99,14,7,1,5,8,3,0,6.0,18.0,9.0,10.0,12.857142857142858,5.113008619478067,11.357142857142858,4.235511827342767,10.433333333333334,3.838851600309076
2025-08-06,104,Adjustable Standing Desk,Furniture,185.0,399.99,14,12,2,6,8,3,0,7.0,11.0,11.0,8.0,11.285714285714286,4.956957592256413,11.214285714285714,4.353222880872226,10.333333333333334,3.8892720117792403
2025-08-07,104,Adjustable Standing Desk,Furniture,185.0,399.99,14,11,3,7,8,3,0,12.0,8.0,9.0,10.0,11.428571428571429,4.961758520831856,11.285714285714286,4.357638235215381,10.5,3.8484210824163148
2025-08-08,104,Adjustable Standing Desk,Furniture,185.0,399.99,14,12,4,8,8,3,0,11.0,20.0,6.0,17.0,11.857142857142858,4.740906081772805,11.428571428571429,4.309458036856676,10.533333333333333,3.8482717422628827
2025-08-09,104,Adjustable Standing Desk,Furniture,185.0,399.99,14,11,5,9,8,3,1,12.0,15.0,15.0,10.0,10.714285714285714,3.147183169877764,11.857142857142858,4.016449692435863,10.666666666666666,3.826705915133759
2025-08-10,104,Adjustable Standing Desk,Furniture,185.0,399.99,14,11,6,10,8,3,1,11.0,12.0,9.0,10.0,10.142857142857142,2.544836041121401,11.571428571428571,3.9167153765188707,10.7,3.8250535267834858
2025-08-11,104,Adjustable Standing Desk,Furniture,185.0,399.99,14,7,0,11,8,3,0,11.0,6.0,10.0,9.0,10.0,2.449489742783173,11.714285714285714,3.8516444325982184,10.5,3.6365007811128867
2025-08-12,104,Adjustable Standing Desk,Furniture,185.0,399.99,14,11,1,12,8,3,0,7.0,7.0,18.0,3.0,10.142857142857142,2.1930626551751273,11.5,4.033513452218896,10.4,3.6915560685023734
2025-08-13,104,Adjustable Standing Desk,Furniture,185.0,399.99,14,6,2,13,8,3,0,11.0,12.0,11.0,8.0,10.714285714285714,1.704336206492677,11.0,3.573406045949831,10.433333333333334,3.6923344016128175
2025-08-14,104,Adjustable Standing Desk,Furniture,185.0,399.99,14,9,3,14,8,3,0,6.0,11.0,8.0,10.0,9.857142857142858,2.340126166724875,10.642857142857142,3.815094370385234,10.333333333333334,3.772251987536279
2025-08-15,104,Adjustable Standing Desk,Furniture,185.0,399.99,14,11,4,15,8,3,0,9.0,12.0,20.0,17.0,9.571428571428571,2.299068134204439,10.714285714285714,3.770912385587905,10.533333333333333,3.520710482111633
2025-08-16,104,Adjustable Standing Desk,Furniture,185.0,399.99,14,8,5,16,8,3,1,11.0,11.0,15.0,9.0,9.428571428571429,2.1491969707422394,10.071428571428571,2.6736401493753257,10.633333333333333,3.488733920466886
2025-08-17,104,Adjustable Standing Desk,Furniture,185.0,399.99,14,8,6,17,8,3,1,8.0,11.0,12.0,8.0,9.0,2.0816659994661366,9.571428571428571,2.3109866595589468,10.566666666666666,3.5202207349807852
2025-08-18,104,Adjustable Standing Desk,Furniture,185.0,399.99,14,10,0,18,8,3,0,8.0,7.0,6.0,8.0,8.571428571428571,1.9023794624226926,9.285714285714286,2.2336094083368914,10.266666666666667,3.3314937452609428
2025-08-19,104,Adjustable Standing Desk,Furniture,185.0,399.99,14,15,1,19,8,3,0,10.0,11.0,7.0,9.0,9.0,1.8257418583505582,9.571428571428571,2.027286390693281,10.3,3.3233759321218894
2025-08-20,104,Adjustable Standing Desk,Furniture,185.0,399.99,14,8,2,20,8,3,0,15.0,6.0,12.0,11.0,9.571428571428571,2.8784916685156965,10.142857142857142,2.3487195482823364,10.533333333333333,3.40114923106208
2025-08-21,104,Adjustable Standing Desk,Furniture,185.0,399.99,14,9,3,21,8,3,0,8.0,9.0,11.0,9.0,9.857142857142858,2.5448360411214037,9.857142857142858,2.348719548282338,10.533333333333333,3.40114923106208
2025-08-22,104,Adjustable Standing Desk,Furniture,185.0,399.99,14,20,4,22,8,3,0,9.0,11.0,12.0,6.0,9.857142857142858,2.5448360411214037,9.714285714285714,2.3346411823981708,10.533333333333333,3.40114923106208
2025-08-23,104,Adjustable Standing Desk,Furniture,185.0,399.99,14,9,5,23,8,3,1,20.0,8.0,11.0,15.0,11.142857142857142,4.634241089562606,10.285714285714286,3.5826198284446678,10.833333333333334,3.8154254368769918
2025-08-24,104,Adjustable Standing Desk,Furniture,185.0,399.99,14,15,6,24,8,3,1,9.0,8.0,11.0,9.0,11.285714285714286,4.535573676110718,10.142857142857142,3.5918099756388795,10.833333333333334,3.8154254368769918
2025-08-25,104,Adjustable Standing Desk,Furniture,185.0,399.99,14,10,0,25,8,3,0,15.0,10.0,7.0,10.0,12.285714285714286,4.461475305855876,10.428571428571429,3.8172540616821187,11.133333333333333,3.7759066810989914
2025-08-26,104,Adjustable Standing Desk,Furniture,185.0,399.99,14,12,1,26,8,3,0,10.0,15.0,11.0,18.0,12.285714285714286,4.461475305855876,10.642857142857142,3.692135985018454,10.966666666666667,3.7091065318170617
2025-08-27,104,Adjustable Standing Desk,Furniture,185.0,399.99,14,6,2,27,8,3,0,12.0,8.0,6.0,11.0,11.857142857142858,4.298393941484467,10.714285714285714,3.7092103955211027,11.066666666666666,3.6946684171443396
2025-08-28,104,Adjustable Standing Desk,Furniture,185.0,399.99,14,6,3,28,8,3,0,6.0,9.0,9.0,8.0,11.571428571428571,4.649628761422521,10.714285714285714,3.7092103955211027,10.933333333333334,3.8050178606072804
2025-08-29,104,Adjustable Standing Desk,Furniture,185.0,399.99,14,12,4,29,8,3,0,6.0,20.0,11.0,20.0,11.142857142857142,5.047394424471938,10.5,3.8977310954333104,10.533333333333333,3.6646807579203156
2025-08-30,104,Adjustable Standing Desk,Furniture,185.0,399.99,14,10,5,30,8,3,1,12.0,9.0,8.0,15.0,10.0,3.3166247903553967,10.571428571428571,3.9167153765188756,10.566666666666666,3.673608893016611
2025-08-31,104,Adjustable Standing Desk,Furniture,185.0,399.99,14,7,6,31,8,3,1,10.0,15.0,8.0,12.0,10.142857142857142,3.2877840272018752,10.714285714285714,3.8516444325982233,10.633333333333333,3.643447905992114
2025-09-01,104,Adjustable Standing Desk,Furniture,185.0,399.99,14,7,0,1,9,3,0,7.0,10.0,10.0,6.0,9.0,2.645751311064595,10.642857142857142,3.914610558430542,10.2,3.2419661977858967
2025-09-02,104,Adjustable Standing Desk,Furniture,185.0,399.99,14,8,1,2,9,3,0,7.0,12.0,15.0,7.0,8.571428571428571,2.6992062325273203,10.428571428571429,4.032832288074514,9.933333333333334,3.161550616208872
2025-09-03,104,Adjustable Standing Desk,Furniture,185.0,399.99,14,10,2,3,9,3,0,8.0,6.0,8.0,12.0,8.0,2.236067977499806,9.928571428571429,3.8523576340546843,9.8,3.1557282344421376
2025-09-04,104,Adjustable Standing Desk,Furniture,185.0,399.99,14,11,3,4,9,3,0,10.0,6.0,9.0,11.0,8.571428571428571,2.1491969707422496,10.071428571428571,3.8122128787578347,9.933333333333334,3.0730568105584486
2025-09-05,104,Adjustable Standing Desk,Furniture,185.0,399.99,14,10,4,5,9,3,0,11.0,12.0,20.0,12.0,9.285714285714286,1.9760470401187096,10.214285714285714,3.806443351609354,10.066666666666666,3.027840169486189
2025-09-06,104,Adjustable Standing Desk,Furniture,185.0,399.99,14,15,5,6,9,3,1,10.0,10.0,9.0,11.0,9.0,1.632993161855459,9.5,2.564551242795346,10.0,3.0057416320470423
2025-09-07,104,Adjustable Standing Desk,Furniture,185.0,399.99,14,6,6,7,9,3,1,15.0,7.0,15.0,11.0,9.714285714285714,2.81154084173819,9.928571428571429,2.947340018866716,10.133333333333333,3.1374636509320193
2025-09-08,104,Adjustable Standing Desk,Furniture,185.0,399.99,14,8,0,8,9,3,0,6.0,7.0,10.0,7.0,9.571428571428571,2.992052966172382,9.285714285714286,2.7295694624884583,9.933333333333334,3.2048813344359903
2025-09-09,104,Adjustable Standing Desk,Furniture,185.0,399.99,14,12,1,9,9,3,0,8.0,8.0,12.0,11.0,9.714285714285714,2.8702082220799285,9.142857142857142,2.7416206003901418,9.833333333333334,3.2172309075731254
2025-09-10,104,Adjustable Standing Desk,Furniture,185.0,399.99,14,10,2,10,9,3,0,12.0,10.0,6.0,6.0,10.285714285714286,2.870208222079923,9.142857142857142,2.7416206003901418,9.866666666666667,3.2348675113661263
2025-09-11,104,Adjustable Standing Desk,Furniture,185.0,399.99,14,6,3,11,9,3,0,10.0,11.0,6.0,9.0,10.285714285714286,2.870208222079923,9.428571428571429,2.5933134645227147,9.966666666666667,3.1892419738577718
2025-09-12,104,Adjustable Standing Desk,Furniture,185.0,399.99,14,7,4,12,9,3,0,6.0,10.0,12.0,11.0,9.571428571428571,3.2586880211286893,9.428571428571429,2.5933134645227147,9.8,3.263169603632192
2025-09-13,104,Adjustable Standing Desk,Furniture,185.0,399.99,14,13,5,13,9,3,1,7.0,15.0,10.0,8.0,9.142857142857142,3.3876526498728428,9.071428571428571,2.5559669467673323,9.833333333333334,3.2279312616419165
2025-09-14,104,Adjustable Standing Desk,Furniture,185.0,399.99,14,11,6,14,9,3,1,13.0,6.0,7.0,8.0,8.857142857142858,2.8535691936340313,9.285714285714286,2.75760686182706,9.966666666666667,3.274597457054416
2025-09-15,104,Adjustable Standing Desk,Furniture,185.0,399.99,14,7,0,15,9,3,0,11.0,8.0,7.0,10.0,9.571428571428571,2.6367367999823093,9.571428571428571,2.7093651176353872,9.966666666666667,3.274597457054416
2025-09-16,104,Adjustable Standing Desk,Furniture,185.0,399.99,14,8,1,16,9,3,0,7.0,12.0,8.0,15.0,9.428571428571429,2.760262237369417,9.571428571428571,2.7093651176353872,9.933333333333334,3.3002960508094765
2025-09-17,104,Adjustable Standing Desk,Furniture,185.0,399.99,14,9,2,17,9,3,0,8.0,10.0,10.0,8.0,8.857142857142858,2.5448360411214126,9.571428571428571,2.7093651176353872,9.933333333333334,3.3002960508094765
2025-09-18,104,Adjustable Standing Desk,Furniture,185.0,399.99,14,9,3,18,9,3,0,9.0,6.0,11.0,9.0,8.714285714285714,2.497617912751122,9.5,2.710378911915071,9.9,3.304646676298774
2025-09-19,104,Adjustable Standing Desk,Furniture,185.0,399.99,14,11,4,19,9,3,0,9.0,7.0,10.0,20.0,9.142857142857142,2.193062655175138,9.357142857142858,2.677747125911958,9.7,3.163912898230025
2025-09-20,104,Adjustable Standing Desk,Furniture,185.0,399.99,14,13,5,20,9,3,1,11.0,13.0,15.0,9.0,9.714285714285714,2.058663459163549,9.428571428571429,2.7093651176353877,9.8,3.155728234442137
2025-09-21,104,Adjustable Standing Desk,Furniture,185.0,399.99,14,5,6,21,9,3,1,13.0,11.0,6.0,15.0,9.714285714285714,2.058663459163549,9.285714285714286,2.431478544443276,9.933333333333334,3.2048813344359903
2025-09-22,104,Adjustable Standing Desk,Furniture,185.0,399.99,14,12,0,22,9,3,0,5.0,7.0,8.0,10.0,8.857142857142858,2.6095064302514825,9.214285714285714,2.5473537227898038,9.433333333333334,2.7124659010516443
2025-09-23,104,Adjustable Standing Desk,Furniture,185.0,399.99,14,8,1,23,9,3,0,12.0,8.0,12.0,12.0,9.571428571428571,2.6992062325273114,9.5,2.6238550616631744,9.533333333333333,2.7509663923708922
2025-09-24,104,Adjustable Standing Desk,Furniture,185.0,399.99,14,6,2,24,9,3,0,8.0,9.0,10.0,6.0,9.571428571428571,2.6992062325273114,9.214285714285714,2.5473537227898038,9.3,2.5616535607918034
2025-09-25,104,Adjustable Standing Desk,Furniture,185.0,399.99,14,8,3,25,9,3,0,6.0,9.0,6.0,6.0,9.142857142857142,3.0237157840738202,8.928571428571429,2.6736401493753306,9.166666666666666,2.6272226496006748
2025-09-26,104,Adjustable Standing Desk,Furniture,185.0,399.99,14,17,4,26,9,3,0,8.0,11.0,7.0,12.0,9.0,3.055050463303896,9.071428571428571,2.5559669467673327,9.033333333333333,2.579539297724657
2025-09-27,104,Adjustable Standing Desk,Furniture,185.0,399.99,14,12,5,27,9,3,1,17.0,13.0,13.0,10.0,9.857142857142858,4.298393941484477,9.785714285714286,3.238674264110403,9.4,2.8958948352023794
2025-09-28,104,Adjustable Standing Desk,Furniture,185.0,399.99,14,5,6,28,9,3,1,12.0,5.0,11.0,7.0,9.714285714285714,4.1918287860346295,9.714285714285714,3.172685623558398,9.6,2.8599493605355484
2025-09-29,104,Adjustable Standing Desk,Furniture,185.0,399.99,14,9,0,29,9,3,0,5.0,12.0,7.0,7.0,9.714285714285714,4.1918287860346295,9.285714285714286,3.383866050917136,9.366666666666667,2.941772083031899
2025-09-30,104,Adjustable Standing Desk,Furniture,185.0,399.99,14,10,1,30,9,3,0,9.0,8.0,8.0,8.0,9.285714285714286,4.07080195679286,9.428571428571429,3.3215910393916817,9.333333333333334,2.9400132926433558
2025-10-01,104,Adjustable Standing Desk,Furniture,185.0,399.99,14,8,2,1,10,4,0,10.0,6.0,9.0,10.0,9.571428571428571,4.035556254807295,9.571428571428571,3.2983512364696637,9.433333333333334,2.908765982376371
2025-10-02,104,Adjustable Standing Desk,Furniture,185.0,399.99,14,6,3,2,10,4,0,8.0,8.0,9.0,11.0,9.857142857142858,3.8047589248453653,9.5,3.322418025845275,9.466666666666667,2.88555658090589
2025-10-03,104,Adjustable Standing Desk,Furniture,185.0,399.99,14,12,4,3,10,4,0,6.0,17.0,11.0,10.0,9.571428571428571,4.035556254807295,9.285714285714286,3.451389272754958,9.4,2.9431393044701997
2025-10-04,104,Adjustable Standing Desk,Furniture,185.0,399.99,14,13,5,4,10,4,1,12.0,12.0,13.0,15.0,8.857142857142858,2.7342623276105926,9.357142857142858,3.4996075133152904,9.466666666666667,2.9796242916750972
2025-10-05,104,Adjustable Standing Desk,Furniture,185.0,399.99,14,8,6,5,10,4,1,13.0,5.0,5.0,6.0,9.0,2.9439202887759515,9.357142857142858,3.4996075133152904,9.533333333333333,3.0369373562434947
2025-10-06,104,Adjustable Standing Desk,Furniture,185.0,399.99,14,9,0,6,10,4,0,8.0,9.0,12.0,8.0,9.428571428571429,2.4397501823713323,9.571428571428571,3.2983512364696637,9.466666666666667,3.0482706610451444
2025-10-07,104,Adjustable Standing Desk,Furniture,185.0,399.99,14,5,1,7,10,4,0,9.0,10.0,8.0,12.0,9.428571428571429,2.4397501823713323,9.357142857142858,3.2250734722016774,9.266666666666667,2.8639655812482796
2025-10-08,104,Adjustable Standing Desk,Furniture,185.0,399.99,14,10,2,8,10,4,0,5.0,8.0,6.0,10.0,8.714285714285714,2.927700218845604,9.142857142857142,3.41618642206917,9.233333333333333,2.9087659823763694
2025-10-09,104,Adjustable Standing Desk,Furniture,185.0,399.99,14,7,3,9,10,4,0,10.0,6.0,8.0,6.0,9.0,2.9439202887759515,9.428571428571429,3.298351236469664,9.3,2.9024365507336363
2025-10-10,104,Adjustable Standing Desk,Furniture,185.0,399.99,14,11,4,10,10,4,0,7.0,12.0,17.0,7.0,9.142857142857142,2.7945525240230893,9.357142857142858,3.342204313073896,9.133333333333333,2.8855565809058867
2025-10-11,104,Adjustable Standing Desk,Furniture,185.0,399.99,14,12,5,11,10,4,1,11.0,13.0,12.0,13.0,9.0,2.645751311064594,8.928571428571429,2.5858873113137166,9.166666666666666,2.901644401005253
2025-10-12,104,Adjustable Standing Desk,Furniture,185.0,399.99,14,14,6,12,10,4,1,12.0,8.0,5.0,11.0,8.857142857142858,2.4102953780654834,8.928571428571429,2.5858873113137166,9.366666666666667,2.882567501776661
2025-10-13,104,Adjustable Standing Desk,Furniture,185.0,399.99,14,3,0,13,10,4,0,14.0,9.0,9.0,7.0,9.714285714285714,3.0394235042348443,9.571428571428571,2.6519741765271982,9.6,2.9664793948382826
2025-10-14,104,Adjustable Standing Desk,Furniture,185.0,399.99,14,8,1,14,10,4,0,3.0,5.0,10.0,8.0,8.857142857142858,3.9761191895520227,9.142857142857142,3.1830595551871506,9.266666666666667,3.1286587776755903
2025-10-15,104,Adjustable Standing Desk,Furniture,185.0,399.99,14,10,2,15,10,4,0,8.0,10.0,8.0,9.0,9.285714285714286,3.6384193323605847,9.0,3.1865100272627807,9.166666666666666,3.119276367600559
2025-10-16,104,Adjustable Standing Desk,Furniture,185.0,399.99,14,8,3,16,10,4,0,10.0,7.0,6.0,9.0,9.285714285714286,3.6384193323605847,9.142857142857142,3.1830595551871506,9.266666666666667,3.0954174509106815
2025-10-17,104,Adjustable Standing Desk,Furniture,185.0,399.99,14,11,4,17,10,4,0,8.0,11.0,12.0,11.0,9.428571428571429,3.5523298860110977,9.285714285714286,3.074174596627449,9.266666666666667,3.0954174509106815
2025-10-18,104,Adjustable Standing Desk,Furniture,185.0,399.99,14,10,5,18,10,4,1,11.0,12.0,13.0,13.0,9.428571428571429,3.5523298860110977,9.214285714285714,3.017349102174903,9.333333333333334,3.1109742717580158
2025-10-19,104,Adjustable Standing Desk,Furniture,185.0,399.99,14,7,6,19,10,4,1,10.0,14.0,8.0,5.0,9.142857142857142,3.3876526498728423,9.0,2.828427124746207,9.366666666666667,3.112636462410367
2025-10-20,104,Adjustable Standing Desk,Furniture,185.0,399.99,14,11,0,20,10,4,0,7.0,3.0,9.0,12.0,8.142857142857142,2.6726124191242557,8.928571428571429,2.8679739756969242,9.233333333333333,3.125902168625271
2025-10-21,104,Adjustable Standing Desk,Furniture,185.0,399.99,14,12,1,21,10,4,0,11.0,8.0,5.0,8.0,9.285714285714286,1.603567451474548,9.071428571428571,2.921124275508854,9.166666666666666,3.0635041164105594
2025-10-22,104,Adjustable Standing Desk,Furniture,185.0,399.99,14,10,2,22,10,4,0,12.0,10.0,10.0,6.0,9.857142857142858,1.77281052085583,9.571428571428571,2.765565339736475,9.4,3.0011492051752824
2025-10-23,104,Adjustable Standing Desk,Furniture,185.0,399.99,14,6,3,23,10,4,0,10.0,8.0,7.0,8.0,9.857142857142858,1.77281052085583,9.571428571428571,2.765565339736475,9.333333333333334,2.963378004136898
2025-10-24,104,Adjustable Standing Desk,Furniture,185.0,399.99,14,15,4,24,10,4,0,6.0,11.0,11.0,17.0,9.571428571428571,2.2253945610567456,9.5,2.8487514134063527,9.266666666666667,3.016430104397038
2025-10-25,104,Adjustable Standing Desk,Furniture,185.0,399.99,14,10,5,25,10,4,1,15.0,10.0,12.0,12.0,10.142857142857142,3.0237157840738114,9.785714285714286,3.190817870283221,9.566666666666666,3.125902168625274
2025-10-26,104,Adjustable Standing Desk,Furniture,185.0,399.99,14,15,6,26,10,4,1,10.0,7.0,14.0,5.0,10.142857142857142,3.0237157840738114,9.642857142857142,3.128212634351182,9.633333333333333,3.1126364624103697
2025-10-27,104,Adjustable Standing Desk,Furniture,185.0,399.99,14,13,0,27,10,4,0,15.0,11.0,3.0,9.0,11.285714285714286,3.1471831698777573,9.714285714285714,3.2446066830160785,9.566666666666666,2.9674479146965465
2025-10-28,104,Adjustable Standing Desk,Furniture,185.0,399.99,14,9,1,28,10,4,0,13.0,12.0,8.0,10.0,11.571428571428571,3.207134902949075,10.428571428571429,2.7093651176353823,9.6,3.001149205175284
2025-10-29,104,Adjustable Standing Desk,Furniture,185.0,399.99,14,9,2,29,10,4,0,9.0,10.0,10.0,8.0,11.142857142857142,3.3380918415851073,10.5,2.6530099016893223,9.733333333333333,2.875980592392133
2025-10-30,104,Adjustable Standing Desk,Furniture,185.0,399.99,14,11,3,30,10,4,0,9.0,6.0,8.0,6.0,11.0,3.4156502553198536,10.428571428571429,2.680823229310959,9.733333333333333,2.875980592392133
2025-10-31,104,Adjustable Standing Desk,Furniture,185.0,399.99,14,10,4,31,10,4,0,11.0,15.0,11.0,12.0,11.714285714285714,2.627691364061196,10.642857142857142,2.590133434553373,9.766666666666667,2.884959012836619
2025-11-01,104,Adjustable Standing Desk,Furniture,185.0,399.99,14,15,5,1,11,4,1,10.0,10.0,10.0,13.0,11.0,2.2360679774997707,10.571428571428571,2.593313464522708,9.833333333333334,2.865771044267326
2025-11-02,104,Adjustable Standing Desk,Furniture,185.0,399.99,14,13,6,2,11,4,1,15.0,15.0,7.0,8.0,11.714285714285714,2.627691364061196,10.928571428571429,2.8410259716216264,10.133333333333333,2.9211869733609097
2025-11-03,104,Adjustable Standing Desk,Furniture,185.0,399.99,14,10,0,3,11,4,0,13.0,13.0,11.0,9.0,11.428571428571429,2.2990681342044175,11.357142857142858,2.648864571185839,10.166666666666666,2.9487967544153864
2025-11-04,104,Adjustable Standing Desk,Furniture,185.0,399.99,14,7,1,4,11,4,0,10.0,9.0,12.0,5.0,11.0,2.236067977499771,11.285714285714286,2.6726124191242486,10.066666666666666,2.899861272940308
2025-11-05,104,Adjustable Standing Desk,Furniture,185.0,399.99,14,12,2,5,11,4,0,7.0,9.0,10.0,10.0,10.714285714285714,2.6276913640612056,10.928571428571429,2.894671117609204,10.033333333333333,2.9300268721062097
2025-11-06,104,Adjustable Standing Desk,Furniture,185.0,399.99,14,14,3,6,11,4,0,12.0,11.0,6.0,7.0,11.142857142857142,2.5448360411213895,11.071428571428571,2.894671117609203,10.133333333333333,2.944701065951556
2025-11-07,104,Adjustable Standing Desk,Furniture,185.0,399.99,14,21,4,7,11,4,0,14.0,10.0,15.0,11.0,11.571428571428571,2.7602622373693966,11.642857142857142,2.5901334345533678,10.433333333333334,2.8609539442753227
2025-11-08,104,Adjustable Standing Desk,Furniture,185.0,399.99,14,29,5,8,11,4,1,21.0,15.0,10.0,12.0,13.142857142857142,4.375255094603849,12.071428571428571,3.5183974873684867,10.8,3.448137928275778
2025-11-09,104,Adjustable Standing Desk,Furniture,185.0,399.99,14,17,6,9,11,4,1,29.0,13.0,15.0,14.0,15.142857142857142,7.4705772072526955,13.428571428571429,5.666558930240651,11.533333333333333,4.717782451996705
2025-11-10,104,Adjustable Standing Desk,Furniture,185.0,399.99,14,11,0,10,11,4,0,17.0,10.0,13.0,3.0,15.714285714285714,7.4322335295720405,13.571428571428571,5.734031817065618,11.733333333333333,4.820454502346811
2025-11-11,104,Adjustable Standing Desk,Furniture,185.0,399.99,14,16,1,11,11,4,0,11.0,7.0,9.0,8.0,15.857142857142858,7.312741652498747,13.428571428571429,5.774137107885411,11.7,4.822004161957067
2025-11-12,104,Adjustable Standing Desk,Furniture,185.0,399.99,14,8,2,12,11,4,0,16.0,12.0,9.0,10.0,17.142857142857142,6.202917900165214,13.928571428571429,5.663164183689937,11.766666666666667,4.868500677885847
2025-11-13,104,Adjustable Standing Desk,Furniture,185.0,399.99,14,15,3,13,11,4,0,8.0,14.0,11.0,8.0,16.571428571428573,6.900655593423512,13.857142857142858,5.73594795139381,11.933333333333334,4.638172450239552
2025-11-14,104,Adjustable Standing Desk,Furniture,185.0,399.99,14,9,4,14,11,4,0,15.0,21.0,10.0,11.0,16.714285714285715,6.848705126135997,14.142857142857142,5.682051943243235,12.166666666666666,4.609460536416586
2025-11-15,104,Adjustable Standing Desk,Furniture,185.0,399.99,14,18,5,15,11,4,1,9.0,29.0,15.0,10.0,15.0,7.0945988845975645,14.071428571428571,5.744084391311241,12.133333333333333,4.629242384826218
2025-11-16,104,Adjustable Standing Desk,Furniture,185.0,399.99,14,12,6,16,11,4,1,18.0,17.0,13.0,7.0,13.428571428571429,4.035556254807267,14.285714285714286,5.83660295599538,12.466666666666667,4.681094282126905
2025-11-17,104,Adjustable Standing Desk,Furniture,185.0,399.99,14,19,0,17,11,4,0,12.0,11.0,10.0,11.0,12.714285714285714,3.7289089429431925,14.214285714285714,5.85962156074646,12.5,4.673845053722597
2025-11-18,104,Adjustable Standing Desk,Furniture,185.0,399.99,14,14,1,18,11,4,0,19.0,16.0,7.0,12.0,13.857142857142858,4.29839394148445,14.857142857142858,5.855400437691192,12.8,4.795112454184591
2025-11-19,104,Adjustable Standing Desk,Furniture,185.0,399.99,14,20,2,19,11,4,0,14.0,8.0,12.0,10.0,13.571428571428571,4.197504927816927,15.357142857142858,5.415180128506874,13.033333333333333,4.671877222445975
2025-11-20,104,Adjustable Standing Desk,Furniture,185.0,399.99,14,10,3,20,11,4,0,20.0,15.0,14.0,6.0,15.285714285714286,3.988077469754264,15.928571428571429,5.455615113232984,13.333333333333334,4.823315023517777
2025-11-21,104,Adjustable Standing Desk,Furniture,185.0,399.99,14,19,4,21,11,4,0,10.0,9.0,21.0,15.0,14.571428571428571,4.466808810815688,15.642857142857142,5.665104287955032,13.266666666666667,4.856089908084758
2025-11-22,104,Adjustable Standing Desk,Furniture,185.0,399.99,14,26,5,22,11,4,1,19.0,18.0,29.0,10.0,16.0,3.958114029012593,15.5,5.5435340019494,13.566666666666666,4.924837356553626
2025-11-23,104,Adjustable Standing Desk,Furniture,185.0,399.99,14,15,6,23,11,4,1,26.0,12.0,17.0,15.0,17.142857142857142,5.490251100164429,15.285714285714286,5.01426536422406,14.233333333333333,5.210621336524472
2025-11-24,104,Adjustable Standing Desk,Furniture,185.0,399.99,14,7,0,24,11,4,0,15.0,19.0,11.0,13.0,17.571428571428573,5.126959555693203,15.142857142857142,4.990100089286668,14.233333333333333,5.210621336524472
2025-11-25,104,Adjustable Standing Desk,Furniture,185.0,399.99,14,8,1,25,11,4,0,7.0,14.0,16.0,9.0,15.857142857142858,6.414269805898158,14.857142857142858,5.347280298750619,14.133333333333333,5.322258616565864
2025-11-26,104,Adjustable Standing Desk,Furniture,185.0,399.99,14,8,2,26,11,4,0,8.0,20.0,8.0,9.0,15.0,7.071067811865453,14.285714285714286,5.635445125120259,13.9,5.435198185010847
2025-11-27,104,Adjustable Standing Desk,Furniture,185.0,399.99,14,6,3,27,11,4,0,8.0,10.0,15.0,11.0,13.285714285714286,7.111359122659209,14.285714285714286,5.635445125120259,13.733333333333333,5.539409487595653
2025-11-28,104,Adjustable Standing Desk,Furniture,185.0,399.99,14,22,4,28,11,4,0,6.0,19.0,9.0,10.0,12.714285714285714,7.565586245499753,13.642857142857142,6.046068561879282,13.633333333333333,5.653703902407016
2025-11-29,104,Adjustable Standing Desk,Furniture,185.0,399.99,14,17,5,29,11,4,1,22.0,26.0,18.0,15.0,13.142857142857142,8.050436249640363,14.571428571428571,6.272213272893331,14.066666666666666,5.7830509388142115
2025-11-30,104,Adjustable Standing Desk,Furniture,185.0,399.99,14,11,6,30,11,4,1,17.0,15.0,12.0,13.0,11.857142857142858,6.148944934663479,14.5,6.2357529925916175,14.266666666666667,5.777085133843759
2025-12-01,104,Adjustable Standing Desk,Furniture,185.0,399.99,14,13,0,1,12,4,0,11.0,7.0,19.0,10.0,11.285714285714286,5.992058236095657,14.428571428571429,6.272213272893331,14.3,5.754458541292021
2025-12-02,104,Adjustable Standing Desk,Furniture,185.0,399.99,14,15,1,2,12,4,0,13.0,8.0,14.0,7.0,12.142857142857142,5.698788509515888,14.0,6.1394061351491995,14.233333333333333,5.757653576991593
2025-12-03,104,Adjustable Standing Desk,Furniture,185.0,399.99,14,10,2,3,12,4,0,15.0,8.0,20.0,12.0,13.142857142857142,5.459809869356587,14.071428571428571,6.145220603341771,14.3,5.754458541292021
2025-12-04,104,Adjustable Standing Desk,Furniture,185.0,399.99,14,12,3,4,12,4,0,10.0,6.0,10.0,14.0,13.428571428571429,5.191568255583347,13.357142857142858,5.982116204631455,14.3,5.754458541292021
2025-12-05,104,Adjustable Standing Desk,Furniture,185.0,399.99,14,24,4,5,12,4,0,12.0,22.0,19.0,21.0,14.285714285714286,4.151878519188025,13.5,5.91932948385723,14.466666666666667,5.606236264863592
2025-12-06,104,Adjustable Standing Desk,Furniture,185.0,399.99,14,16,5,6,12,4,1,24.0,17.0,26.0,29.0,14.571428571428571,4.790864322059292,13.857142857142858,6.407413288913475,14.866666666666667,5.847093786414486
2025-12-07,104,Adjustable Standing Desk,Furniture,185.0,399.99,14,14,6,7,12,4,1,16.0,11.0,15.0,17.0,14.428571428571429,4.720774754816627,13.142857142857142,5.432907464377014,14.933333333333334,5.848273151159679
2025-12-08,104,Adjustable Standing Desk,Furniture,185.0,399.99,14,14,0,8,12,4,0,14.0,13.0,7.0,11.0,14.857142857142858,4.488079449258537,13.071428571428571,5.4131504507262465,14.7,5.736453307726349
2025-12-09,104,Adjustable Standing Desk,Furniture,185.0,399.99,14,14,1,9,12,4,0,14.0,15.0,8.0,16.0,15.0,4.434711565216652,13.571428571428571,5.124815729734701,14.2,5.0610071234339005
2025-12-10,104,Adjustable Standing Desk,Furniture,185.0,399.99,14,8,2,10,12,4,0,14.0,10.0,8.0,8.0,14.857142857142858,4.4507891221134575,14.0,4.867474467555801,14.1,5.0333371393759325
2025-12-11,104,Adjustable Standing Desk,Furniture,185.0,399.99,14,9,3,11,12,4,0,8.0,12.0,6.0,15.0,14.571428571428571,4.859943170351615,14.0,4.867474467555801,14.0,5.125998641139686
2025-12-12,104,Adjustable Standing Desk,Furniture,185.0,399.99,14,11,4,12,12,4,0,9.0,24.0,22.0,9.0,14.142857142857142,5.241773600241639,14.214285714285714,4.543441112511207,13.766666666666667,5.190730021964147
2025-12-13,104,Adjustable Standing Desk,Furniture,185.0,399.99,14,15,5,13,12,4,1,11.0,16.0,17.0,18.0,12.285714285714286,2.9840847683605993,13.428571428571429,4.013712758767133,13.866666666666667,5.103976362861026
2025-12-14,104,Adjustable Standing Desk,Furniture,185.0,399.99,14,15,6,14,12,4,1,15.0,14.0,11.0,12.0,12.142857142857142,2.7945525240230586,13.285714285714286,3.911100011084254,13.866666666666667,5.103976362861026
2025-12-15,104,Adjustable Standing Desk,Furniture,185.0,399.99,14,15,0,15,12,4,0,15.0,14.0,13.0,19.0,12.285714285714286,2.9277002188455703,13.571428571428571,3.877237035953178,14.066666666666666,5.023622359333532
2025-12-16,104,Adjustable Standing Desk,Furniture,185.0,399.99,14,19,1,16,12,4,0,15.0,14.0,15.0,14.0,12.428571428571429,3.0472470011001906,13.714285714285714,3.8913824205360603,13.966666666666667,4.972221687108039
2025-12-17,104,Adjustable Standing Desk,Furniture,185.0,399.99,14,14,2,17,12,4,0,19.0,8.0,10.0,20.0,13.142857142857142,3.9339789623471875,14.0,4.132423390327159,14.2,5.0405254241720225
2025-12-18,104,Adjustable Standing Desk,Furniture,185.0,399.99,14,11,3,18,12,4,0,14.0,9.0,12.0,10.0,14.0,3.2145502536642754,14.285714285714286,3.969665194728856,14.033333333333333,4.958332125953723
2025-12-19,104,Adjustable Standing Desk,Furniture,185.0,399.99,14,25,4,19,12,4,0,11.0,11.0,24.0,19.0,14.285714285714286,2.7516228977511212,14.214285714285714,4.022600984601706,13.933333333333334,4.989183703070964
2025-12-20,104,Adjustable Standing Desk,Furniture,185.0,399.99,14,18,5,20,12,4,1,25.0,15.0,16.0,26.0,16.285714285714285,4.49867705421214,14.285714285714286,4.214052889824911,14.1,5.274205284145731
2025-12-21,104,Adjustable Standing Desk,Furniture,185.0,399.99,14,17,6,21,12,4,1,18.0,15.0,14.0,15.0,16.714285714285715,4.498677054212137,14.428571428571429,4.309458036856665,14.366666666666667,5.261986863070533
2025-12-22,104,Adjustable Standing Desk,Furniture,185.0,399.99,14,21,0,22,12,4,0,17.0,15.0,14.0,7.0,17.0,4.434711565216638,14.642857142857142,4.360789322643715,14.3,5.213708720353495
2025-12-23,104,Adjustable Standing Desk,Furniture,185.0,399.99,14,10,1,23,12,4,0,21.0,19.0,14.0,8.0,17.857142857142858,4.56174569759465,15.142857142857142,4.671635240916795,14.133333333333333,4.8971021222150055
2025-12-24,104,Adjustable Standing Desk,Furniture,185.0,399.99,14,12,2,24,12,4,0,10.0,14.0,8.0,8.0,16.571428571428573,5.380741673076353,14.857142857142858,4.865216302522384,13.966666666666667,4.951372734305446
2025-12-25,104,Adjustable Standing Desk,Furniture,185.0,399.99,14,15,3,25,12,4,0,12.0,11.0,9.0,6.0,16.285714285714285,5.589105048046138,15.142857142857142,4.537995878513608,14.133333333333333,4.790315901564532
2025-12-26,104,Adjustable Standing Desk,Furniture,185.0,399.99,14,26,4,26,12,4,0,15.0,25.0,11.0,22.0,16.857142857142858,5.145501965424756,15.571428571428571,4.182643362098349,14.366666666666667,4.649681734257247
2025-12-27,104,Adjustable Standing Desk,Furniture,185.0,399.99,14,22,5,27,12,4,1,26.0,18.0,15.0,17.0,17.0,5.416025603090597,16.642857142857142,4.797549740907682,14.966666666666667,4.951372734305452
2025-12-28,104,Adjustable Standing Desk,Furniture,185.0,399.99,14,12,6,28,12,4,1,22.0,17.0,15.0,11.0,17.571428571428573,5.740416444159818,17.142857142857142,4.974661068580711,15.5,4.811982170976281
2025-12-29,104,Adjustable Standing Desk,Furniture,185.0,399.99,14,10,0,29,12,4,0,12.0,21.0,15.0,13.0,16.857142857142858,6.121780008803814,16.928571428571427,5.136060832887469,15.166666666666666,4.691028365554536
2025-12-30,104,Adjustable Standing Desk,Furniture,185.0,399.99,14,11,1,30,12,4,0,10.0,10.0,19.0,15.0,15.285714285714286,6.290582530372543,16.571428571428573,5.445029995174636,14.933333333333334,4.770117712227468
2024-01-31,105,Dual Monitor Arm,Accessories,28.0,64.99,7,14,2,31,1,1,0,10.0,13.0,17.0,19.0,13.714285714285714,3.1471831698777777,15.071428571428571,2.9733246275271292,15.233333333333333,3.5300027677368586
2024-02-01,105,Dual Monitor Arm,Accessories,28.0,64.99,7,10,3,1,2,1,0,14.0,11.0,18.0,12.0,13.857142857142858,3.1320159337914997,14.857142857142858,2.9314512776791277,15.066666666666666,3.4634379305612755
2024-02-02,105,Dual Monitor Arm,Accessories,28.0,64.99,7,21,4,2,2,1,0,10.0,15.0,17.0,18.0,13.714285714285714,3.3022358947782537,14.285714285714286,3.0490495726870837,14.866666666666667,3.578993629820937
2024-02-03,105,Dual Monitor Arm,Accessories,28.0,64.99,7,16,5,3,2,1,1,21.0,19.0,20.0,14.0,14.571428571428571,4.314979445958885,14.571428571428571,3.4799267391555966,14.933333333333334,3.6759547981661735
2024-02-04,105,Dual Monitor Arm,Accessories,28.0,64.99,7,15,6,4,2,1,1,16.0,16.0,14.0,9.0,14.142857142857142,3.933978962347219,14.285714285714286,3.1483468538405837,15.066666666666666,3.6382388059602957
2024-02-05,105,Dual Monitor Arm,Accessories,28.0,64.99,7,17,0,5,2,1,0,15.0,12.0,14.0,14.0,14.0,3.8729833462074206,14.357142857142858,3.152706843263488,14.966666666666667,3.5958149364881473
2024-02-06,105,Dual Monitor Arm,Accessories,28.0,64.99,7,11,1,6,2,1,0,17.0,10.0,15.0,15.0,14.714285714285714,3.9036002917941355,14.571428571428571,3.2276279862435215,15.066666666666666,3.6096932082202304
2024-02-07,105,Dual Monitor Arm,Accessories,28.0,64.99,7,16,2,7,2,1,0,11.0,14.0,13.0,13.0,14.857142857142858,3.7161167647860354,14.285714285714286,3.3610568719828717,15.133333333333333,3.5109025594011
2024-02-08,105,Dual Monitor Arm,Accessories,28.0,64.99,7,18,3,8,2,1,0,16.0,10.0,11.0,13.0,15.142857142857142,3.716116764786035,14.5,3.3684052378171243,15.2,3.5076271574758433
2024-02-09,105,Dual Monitor Arm,Accessories,28.0,64.99,7,26,4,9,2,1,0,18.0,21.0,15.0,20.0,16.285714285714285,3.0394235042348487,15.0,3.3282011773513744,15.3,3.5443009135113286
2024-02-10,105,Dual Monitor Arm,Accessories,28.0,64.99,7,17,5,10,2,1,1,26.0,16.0,19.0,25.0,17.0,4.546060565661952,15.785714285714286,4.440695916157762,15.733333333333333,4.016632088371218
2024-02-11,105,Dual Monitor Arm,Accessories,28.0,64.99,7,13,6,11,2,1,1,17.0,15.0,16.0,12.0,17.142857142857142,4.525062483125562,15.642857142857142,4.3607893226437255,15.866666666666667,3.989065514398193
2024-02-12,105,Dual Monitor Arm,Accessories,28.0,64.99,7,16,0,12,2,1,0,13.0,17.0,12.0,11.0,16.857142857142858,4.740906081772817,15.428571428571429,4.415258259094874,15.633333333333333,3.9434217010920447
2024-02-13,105,Dual Monitor Arm,Accessories,28.0,64.99,7,15,1,13,2,1,0,16.0,11.0,10.0,16.0,16.714285714285715,4.750939756661684,15.714285714285714,4.304355065218544,15.333333333333334,3.526582142697856
2024-02-14,105,Dual Monitor Arm,Accessories,28.0,64.99,7,14,2,14,2,1,0,15.0,16.0,14.0,17.0,17.285714285714285,4.15187851918806,16.071428571428573,3.989684501007871,15.433333333333334,3.4708970651377156
2024-02-15,105,Dual Monitor Arm,Accessories,28.0,64.99,7,13,3,15,2,1,0,14.0,18.0,10.0,18.0,17.0,4.320493798938574,16.071428571428573,3.989684501007871,15.533333333333333,3.3808113016658097
2024-02-16,105,Dual Monitor Arm,Accessories,28.0,64.99,7,25,4,16,2,1,0,13.0,26.0,21.0,17.0,16.285714285714285,4.535573676110728,16.285714285714285,3.7092103955210964,15.433333333333334,3.4107672646097296
2024-02-17,105,Dual Monitor Arm,Accessories,28.0,64.99,7,21,5,17,2,1,1,25.0,17.0,16.0,20.0,16.142857142857142,4.180453381654972,16.571428571428573,4.219265078446461,15.7,3.825053526783465
2024-02-18,105,Dual Monitor Arm,Accessories,28.0,64.99,7,13,6,18,2,1,1,21.0,13.0,15.0,14.0,16.714285714285715,4.572172558506723,16.928571428571427,4.375882956427384,15.8,3.925161977769088
2024-02-19,105,Dual Monitor Arm,Accessories,28.0,64.99,7,11,0,19,2,1,0,13.0,16.0,17.0,14.0,16.714285714285715,4.572172558506723,16.785714285714285,4.475206422889625,15.666666666666666,3.95084742837519
2024-02-20,105,Dual Monitor Arm,Accessories,28.0,64.99,7,13,1,20,2,1,0,11.0,15.0,11.0,15.0,16.0,5.0662280511902225,16.357142857142858,4.732979917673316,15.366666666666667,3.9521564025080105
2024-02-21,105,Dual Monitor Arm,Accessories,28.0,64.99,7,11,2,21,2,1,0,13.0,14.0,16.0,13.0,15.714285714285714,5.186980037050645,16.5,4.586770273129182,15.333333333333334,3.968264915146368
2024-02-22,105,Dual Monitor Arm,Accessories,28.0,64.99,7,18,3,22,2,1,0,11.0,13.0,18.0,11.0,15.285714285714286,5.46852465522118,16.142857142857142,4.817550332771959,15.233333333333333,4.040171841116059
2024-02-23,105,Dual Monitor Arm,Accessories,28.0,64.99,7,23,4,23,2,1,0,18.0,25.0,26.0,15.0,16.0,5.446711546122732,16.142857142857142,4.817550332771959,15.333333333333334,4.071205306009286
2024-02-24,105,Dual Monitor Arm,Accessories,28.0,64.99,7,19,5,24,2,1,1,23.0,21.0,17.0,19.0,15.714285714285714,4.923220007078219,15.928571428571429,4.393426658338319,15.666666666666666,4.277715578987533
2024-02-25,105,Dual Monitor Arm,Accessories,28.0,64.99,7,9,6,25,2,1,1,19.0,13.0,13.0,16.0,15.428571428571429,4.613644360558615,16.071428571428573,4.462911876519905,15.933333333333334,4.225810131130813
2024-02-26,105,Dual Monitor Arm,Accessories,28.0,64.99,7,12,0,26,2,1,0,9.0,11.0,16.0,12.0,14.857142857142858,5.177791402666183,15.785714285714286,4.790673173004963,15.733333333333333,4.409498629200325
2024-02-27,105,Dual Monitor Arm,Accessories,28.0,64.99,7,13,1,27,2,1,0,12.0,13.0,15.0,10.0,15.0,5.066228051190224,15.5,4.895052447271474,15.5,4.415880433163924
2024-02-28,105,Dual Monitor Arm,Accessories,28.0,64.99,7,9,2,28,2,1,0,13.0,11.0,14.0,14.0,15.0,5.066228051190224,15.357142857142858,4.939746845851403,15.4,4.438079733864403
2024-02-29,105,Dual Monitor Arm,Accessories,28.0,64.99,7,11,3,29,2,1,0,9.0,18.0,13.0,10.0,14.714285714285714,5.376314900074394,15.0,5.218310955737422,15.3,4.54972526643093
2024-03-01,105,Dual Monitor Arm,Accessories,28.0,64.99,7,24,4,1,3,1,0,11.0,23.0,25.0,21.0,13.714285714285714,5.313952882562592,14.857142857142858,5.3039483530543645,15.333333333333334,4.513071691426364
2024-03-02,105,Dual Monitor Arm,Accessories,28.0,64.99,7,28,5,2,3,1,1,24.0,19.0,21.0,16.0,13.857142857142858,5.610364558225296,14.785714285714286,5.161671932897045,15.666666666666666,4.773008400935651
2024-03-03,105,Dual Monitor Arm,Accessories,28.0,64.99,7,16,6,3,3,1,1,28.0,9.0,13.0,15.0,15.142857142857142,7.64697263472222,15.285714285714286,6.069198038881646,16.266666666666666,5.15239036145182
2024-03-04,105,Dual Monitor Arm,Accessories,28.0,64.99,7,15,0,4,3,1,0,16.0,12.0,11.0,17.0,16.142857142857142,7.151423434733616,15.5,6.035153429953286,16.1,5.074275895343982
2024-03-05,105,Dual Monitor Arm,Accessories,28.0,64.99,7,16,1,5,3,1,0,15.0,13.0,13.0,11.0,16.571428571428573,6.948792289723034,15.785714285714286,5.898873053109661,16.066666666666666,5.0782384492190245
2024-03-06,105,Dual Monitor Arm,Accessories,28.0,64.99,7,22,2,6,3,1,0,16.0,9.0,11.0,16.0,17.0,6.782329983125267,16.0,5.844129204068485,16.1,5.074275895343982
2024-03-07,105,Dual Monitor Arm,Accessories,28.0,64.99,7,11,3,7,3,1,0,22.0,11.0,18.0,18.0,18.857142857142858,5.956189257922419,16.785714285714285,5.859621560746465,16.266666666666666,5.185745271702855
2024-03-08,105,Dual Monitor Arm,Accessories,28.0,64.99,7,22,4,8,3,1,0,11.0,24.0,23.0,26.0,18.857142857142858,5.956189257922419,16.285714285714285,6.043796201682559,16.266666666666666,5.185745271702855
2024-03-09,105,Dual Monitor Arm,Accessories,28.0,64.99,7,32,5,9,3,1,1,22.0,28.0,19.0,17.0,18.571428571428573,5.7113087483559815,16.214285714285715,5.963718141053789,16.466666666666665,5.289764568995704
2024-03-10,105,Dual Monitor Arm,Accessories,28.0,64.99,7,24,6,10,3,1,1,32.0,16.0,9.0,13.0,19.142857142857142,6.8902968351291225,17.142857142857142,7.294435633329779,16.933333333333334,5.999616846003633
2024-03-11,105,Dual Monitor Arm,Accessories,28.0,64.99,7,20,0,11,3,1,0,24.0,15.0,12.0,16.0,20.285714285714285,6.945365018348217,18.214285714285715,7.10556197559426,16.866666666666667,5.905773524233743
2024-03-12,105,Dual Monitor Arm,Accessories,28.0,64.99,7,13,1,12,3,1,0,20.0,16.0,13.0,15.0,21.0,6.557438524301991,18.785714285714285,6.885643609139812,16.966666666666665,5.9334431088902155
2024-03-13,105,Dual Monitor Arm,Accessories,28.0,64.99,7,12,2,13,3,1,0,13.0,22.0,9.0,14.0,20.571428571428573,7.020378500174629,18.785714285714285,6.885643609139813,16.966666666666665,5.9334431088902155
2024-03-14,105,Dual Monitor Arm,Accessories,28.0,64.99,7,14,3,14,3,1,0,12.0,11.0,11.0,13.0,19.142857142857142,7.668736780560651,19.0,6.598368096617646,16.833333333333332,6.000478908090319
2024-03-15,105,Dual Monitor Arm,Accessories,28.0,64.99,7,20,4,15,3,1,0,14.0,22.0,24.0,25.0,19.571428571428573,7.207800007795782,19.214285714285715,6.3630975938618946,16.8,6.01377728564829
2024-03-16,105,Dual Monitor Arm,Accessories,28.0,64.99,7,19,5,16,3,1,1,20.0,32.0,28.0,21.0,19.285714285714285,7.134757312253994,18.928571428571427,6.219872441361898,17.0,6.017216678143154
2024-03-17,105,Dual Monitor Arm,Accessories,28.0,64.99,7,14,6,17,3,1,1,19.0,24.0,16.0,13.0,17.428571428571427,4.466808810815719,18.285714285714285,5.649078501144053,17.2,5.979274549469279
2024-03-18,105,Dual Monitor Arm,Accessories,28.0,64.99,7,17,0,18,3,1,0,14.0,20.0,15.0,11.0,16.0,3.5118845842842505,18.142857142857142,5.7359479513938165,16.833333333333332,5.819606180142608
2024-03-19,105,Dual Monitor Arm,Accessories,28.0,64.99,7,20,1,19,3,1,0,17.0,13.0,16.0,13.0,15.571428571428571,3.1014589500826326,18.285714285714285,5.676247018918419,16.7,5.766430797116275
2024-03-20,105,Dual Monitor Arm,Accessories,28.0,64.99,7,14,2,20,3,1,0,20.0,12.0,22.0,11.0,16.571428571428573,3.258688021128692,18.571428571428573,5.652967712276798,16.933333333333334,5.75316005119905
2024-03-21,105,Dual Monitor Arm,Accessories,28.0,64.99,7,10,3,21,3,1,0,14.0,14.0,11.0,18.0,16.857142857142858,2.853569193634026,18.0,5.683985600588052,17.033333333333335,5.67197182360915
2024-03-22,105,Dual Monitor Arm,Accessories,28.0,64.99,7,21,4,22,3,1,0,10.0,20.0,22.0,23.0,16.285714285714285,3.77334006393477,17.928571428571427,5.784119981124524,16.933333333333334,5.771113161811749
2024-03-23,105,Dual Monitor Arm,Accessories,28.0,64.99,7,26,5,23,3,1,1,21.0,19.0,32.0,19.0,16.428571428571427,3.9520940802374165,17.857142857142858,5.735947951393816,17.266666666666666,5.705008890157984
2024-03-24,105,Dual Monitor Arm,Accessories,28.0,64.99,7,20,6,24,3,1,1,26.0,14.0,24.0,9.0,17.428571428571427,5.349677337844555,17.428571428571427,4.734720944003185,17.533333333333335,5.923264089272434
2024-03-25,105,Dual Monitor Arm,Accessories,28.0,64.99,7,14,0,25,3,1,0,20.0,17.0,20.0,12.0,18.285714285714285,5.186980037050641,17.142857142857142,4.417746429627159,17.433333333333334,5.852693652371169
2024-03-26,105,Dual Monitor Arm,Accessories,28.0,64.99,7,14,1,26,3,1,0,14.0,20.0,13.0,13.0,17.857142857142858,5.42919795883245,16.714285714285715,4.410277706737914,17.266666666666666,5.8776803619099285
2024-03-27,105,Dual Monitor Arm,Accessories,28.0,64.99,7,16,2,27,3,1,0,14.0,14.0,12.0,9.0,17.0,5.507570547286101,16.785714285714285,4.35322288087222,17.433333333333334,5.703497616153731
2024-03-28,105,Dual Monitor Arm,Accessories,28.0,64.99,7,18,3,28,3,1,0,16.0,10.0,14.0,11.0,17.285714285714285,5.376314900074389,17.071428571428573,4.1410568274719,17.566666666666666,5.618217494552163
2024-03-29,105,Dual Monitor Arm,Accessories,28.0,64.99,7,22,4,29,3,1,0,18.0,21.0,20.0,24.0,18.428571428571427,4.314979445958876,17.357142857142858,4.049827021132988,17.733333333333334,5.551845504491922
2024-03-30,105,Dual Monitor Arm,Accessories,28.0,64.99,7,21,5,30,3,1,1,22.0,26.0,19.0,28.0,18.571428571428573,4.42933941113656,17.5,4.183300132670377,18.166666666666668,5.350367910864565
2024-03-31,105,Dual Monitor Arm,Accessories,28.0,64.99,7,13,6,31,3,1,1,21.0,20.0,14.0,16.0,17.857142857142858,3.2877840272018743,17.642857142857142,4.271680318943909,18.5,5.197811210433716
2024-04-01,105,Dual Monitor Arm,Accessories,28.0,64.99,7,14,0,1,4,2,0,13.0,14.0,17.0,15.0,16.857142857142858,3.5790395093549616,17.571428571428573,4.345011033256518,18.133333333333333,5.184415195520155
2024-04-02,105,Dual Monitor Arm,Accessories,28.0,64.99,7,28,1,2,4,2,0,14.0,14.0,20.0,16.0,16.857142857142858,3.5790395093549616,17.357142857142858,4.4481135648400745,17.666666666666668,4.887234133051578
2024-04-03,105,Dual Monitor Arm,Accessories,28.0,64.99,7,13,2,3,4,2,0,28.0,16.0,14.0,22.0,18.857142857142858,5.241773600241661,17.928571428571427,5.25451140543915,18.066666666666666,5.2254901326513705
2024-04-04,105,Dual Monitor Arm,Accessories,28.0,64.99,7,17,3,4,4,2,0,13.0,18.0,10.0,11.0,18.428571428571427,5.623081683476381,17.857142857142858,5.318431562567509,18.0,5.278453273973096
2024-04-05,105,Dual Monitor Arm,Accessories,28.0,64.99,7,17,4,5,4,2,0,17.0,22.0,21.0,22.0,18.285714285714285,5.648430038936648,18.357142857142858,4.829510930122824,18.033333333333335,5.268535969732755
2024-04-06,105,Dual Monitor Arm,Accessories,28.0,64.99,7,28,5,6,4,2,1,17.0,21.0,26.0,32.0,17.571428571428573,5.411627692821659,18.071428571428573,4.779190239011138,17.866666666666667,5.217565381070674
2024-04-07,105,Dual Monitor Arm,Accessories,28.0,64.99,7,25,6,7,4,2,1,28.0,13.0,20.0,24.0,18.571428571428573,6.65475125648692,18.214285714285715,5.0562766998982625,18.433333333333334,5.3670985761803225
2024-04-08,105,Dual Monitor Arm,Accessories,28.0,64.99,7,15,0,8,4,2,0,25.0,14.0,14.0,20.0,20.285714285714285,6.524678426668128,18.571428571428573,5.359596507692975,18.533333333333335,5.462936770723198
2024-04-09,105,Dual Monitor Arm,Accessories,28.0,64.99,7,16,1,9,4,2,0,15.0,28.0,14.0,13.0,20.428571428571427,6.373307431706674,18.642857142857142,5.300321366993382,17.966666666666665,4.867083905905721
2024-04-10,105,Dual Monitor Arm,Accessories,28.0,64.99,7,16,2,10,4,2,0,16.0,13.0,16.0,12.0,18.714285714285715,5.559205150447486,18.785714285714285,5.191391860623647,17.7,4.74268947415661
2024-04-11,105,Dual Monitor Arm,Accessories,28.0,64.99,7,21,3,11,4,2,0,16.0,17.0,18.0,14.0,19.142857142857142,5.145501965424795,18.785714285714285,5.191391860623647,17.566666666666666,4.732013738672844
2024-04-12,105,Dual Monitor Arm,Accessories,28.0,64.99,7,24,4,12,4,2,0,21.0,17.0,22.0,20.0,19.714285714285715,5.089672082242807,19.0,5.218310955737425,17.833333333333332,4.69102836555449
2024-04-13,105,Dual Monitor Arm,Accessories,28.0,64.99,7,23,5,13,4,2,1,24.0,28.0,21.0,19.0,20.714285714285715,5.154748157905339,19.142857142857142,5.332875438219089,18.233333333333334,4.688087127980909
2024-04-14,105,Dual Monitor Arm,Accessories,28.0,64.99,7,21,6,14,4,2,1,23.0,25.0,13.0,14.0,20.0,4.242640687119277,19.285714285714285,5.41264291235837,18.533333333333335,4.695803947424098
2024-04-15,105,Dual Monitor Arm,Accessories,28.0,64.99,7,11,0,15,4,2,0,21.0,15.0,14.0,17.0,19.428571428571427,3.690399384761433,19.857142857142858,5.111933893534633,18.566666666666666,4.7101016412880545
2024-04-16,105,Dual Monitor Arm,Accessories,28.0,64.99,7,10,1,16,4,2,0,11.0,16.0,28.0,20.0,18.857142857142858,4.670066788550649,19.642857142857142,5.429366627703639,18.3,4.907067387434948
2024-04-17,105,Dual Monitor Arm,Accessories,28.0,64.99,7,12,2,17,4,2,0,10.0,16.0,13.0,14.0,18.0,5.715476066494081,18.357142857142858,5.429366627703638,18.166666666666668,5.079256891978658
2024-04-18,105,Dual Monitor Arm,Accessories,28.0,64.99,7,19,3,18,4,2,0,12.0,21.0,17.0,10.0,17.428571428571427,6.1334368521284715,18.285714285714285,5.51122730193796,18.0,5.1994694689574565
2024-04-19,105,Dual Monitor Arm,Accessories,28.0,64.99,7,23,4,19,4,2,0,19.0,24.0,17.0,21.0,17.142857142857142,5.984105932344765,18.428571428571427,5.501248609519139,17.966666666666665,5.189401223404422
2024-04-20,105,Dual Monitor Arm,Accessories,28.0,64.99,7,31,5,20,4,2,1,23.0,23.0,28.0,26.0,17.0,5.802298395176405,18.857142857142858,5.613954356465994,18.266666666666666,5.2122755195743515
2024-04-21,105,Dual Monitor Arm,Accessories,28.0,64.99,7,17,6,21,4,2,1,31.0,21.0,25.0,20.0,18.142857142857142,7.668736780560653,19.071428571428573,6.031510663102643,18.966666666666665,5.467668817590424
2024-04-22,105,Dual Monitor Arm,Accessories,28.0,64.99,7,13,0,22,4,2,0,17.0,11.0,15.0,14.0,17.571428571428573,7.568732673685488,18.5,5.801193511153214,18.833333333333332,5.465145569145812
2024-04-23,105,Dual Monitor Arm,Accessories,28.0,64.99,7,13,1,23,4,2,0,13.0,10.0,16.0,14.0,17.857142857142858,7.3127416524987705,18.357142857142858,5.9174727305230155,18.4,5.392203823017596
2024-04-24,105,Dual Monitor Arm,Accessories,28.0,64.99,7,14,2,24,4,2,0,13.0,12.0,16.0,16.0,18.285714285714285,6.848705126136025,18.142857142857142,6.061951232668632,18.166666666666668,5.471451508438639
2024-04-25,105,Dual Monitor Arm,Accessories,28.0,64.99,7,13,3,25,4,2,0,14.0,19.0,21.0,18.0,18.571428571428573,6.579187965525399,18.0,6.139406135149204,18.166666666666668,5.471451508438639
2024-04-26,105,Dual Monitor Arm,Accessories,28.0,64.99,7,21,4,26,4,2,0,13.0,23.0,24.0,22.0,17.714285714285715,6.897204402613319,17.428571428571427,6.2105900340811875,18.133333333333333,5.5006791639185675
2024-04-27,105,Dual Monitor Arm,Accessories,28.0,64.99,7,32,5,27,4,2,1,21.0,31.0,23.0,21.0,17.428571428571427,6.67974906856894,17.214285714285715,6.015090912140786,18.3,5.509552832471358
2024-04-28,105,Dual Monitor Arm,Accessories,28.0,64.99,7,18,6,28,4,2,1,32.0,17.0,21.0,13.0,17.571428571428573,7.020378500174637,17.857142857142858,7.0695135602120445,18.766666666666666,6.049698387086147
2024-04-29,105,Dual Monitor Arm,Accessories,28.0,64.99,7,19,0,29,4,2,0,18.0,13.0,11.0,14.0,17.714285714285715,7.016986193380689,17.642857142857142,7.01215585040219,18.633333333333333,6.019985870835375
2024-04-30,105,Dual Monitor Arm,Accessories,28.0,64.99,7,21,1,30,4,2,0,19.0,13.0,10.0,28.0,18.571428571428573,6.704653678780203,18.214285714285715,6.7502543704614615,18.566666666666666,6.003925918662028
2024-05-01,105,Dual Monitor Arm,Accessories,28.0,64.99,7,16,2,1,5,2,0,21.0,14.0,12.0,13.0,19.714285714285715,6.264031867582984,19.0,6.348833932911798,18.833333333333332,5.925301292111561
2024-05-02,105,Dual Monitor Arm,Accessories,28.0,64.99,7,22,3,2,5,2,0,16.0,13.0,19.0,17.0,20.0,5.999999999999994,19.285714285714285,6.09449400220044,18.9,5.880124324277983
2024-05-03,105,Dual Monitor Arm,Accessories,28.0,64.99,7,26,4,3,5,2,0,22.0,21.0,23.0,17.0,21.285714285714285,5.154748157905337,19.5,6.136272985603407,18.7,5.657768537823572
2024-05-04,105,Dual Monitor Arm,Accessories,28.0,64.99,7,24,5,4,5,2,1,26.0,32.0,31.0,28.0,22.0,5.44671154612272,19.714285714285715,6.317601436628296,19.133333333333333,5.703799902988658
2024-05-05,105,Dual Monitor Arm,Accessories,28.0,64.99,7,24,6,5,5,2,1,24.0,18.0,17.0,25.0,20.857142857142858,3.484660262185834,19.214285714285715,5.590907060418886,19.366666666666667,5.75645564641955
2024-05-06,105,Dual Monitor Arm,Accessories,28.0,64.99,7,17,0,6,5,2,0,24.0,19.0,13.0,15.0,21.714285714285715,3.401680257083028,19.714285714285715,5.689782629734317,19.6,5.7989297466771115
2024-05-07,105,Dual Monitor Arm,Accessories,28.0,64.99,7,19,1,7,5,2,0,17.0,21.0,13.0,16.0,21.428571428571427,3.7352886036263437,20.0,5.420757823830113,19.233333333333334,5.59361294219814
2024-05-08,105,Dual Monitor Arm,Accessories,28.0,64.99,7,21,2,8,5,2,0,19.0,16.0,14.0,16.0,21.142857142857142,3.8483144114694814,20.428571428571427,5.049208402760327,19.033333333333335,5.486556192237058
2024-05-09,105,Dual Monitor Arm,Accessories,28.0,64.99,7,15,3,9,5,2,0,21.0,22.0,13.0,21.0,21.857142857142858,3.132015933791476,20.928571428571427,4.69802390068724,19.233333333333334,5.443650735796101
2024-05-10,105,Dual Monitor Arm,Accessories,28.0,64.99,7,27,4,10,5,2,0,15.0,26.0,21.0,24.0,20.857142857142858,4.059087394500194,21.071428571428573,4.462911876519903,19.2,5.467143236866389
2024-05-11,105,Dual Monitor Arm,Accessories,28.0,64.99,7,32,5,11,5,2,1,27.0,24.0,32.0,23.0,21.0,4.281744192888365,21.5,4.735301143863704,19.566666666666666,5.612076469440763
2024-05-12,105,Dual Monitor Arm,Accessories,28.0,64.99,7,15,6,12,5,2,1,32.0,24.0,18.0,21.0,22.142857142857142,5.956189257922414,21.5,4.735301143863704,19.933333333333334,6.051123197723141
2024-05-13,105,Dual Monitor Arm,Accessories,28.0,64.99,7,15,0,13,5,2,0,15.0,17.0,19.0,11.0,20.857142857142858,6.44020112078733,21.285714285714285,4.968029657854174,19.633333333333333,6.065637148971955
2024-05-14,105,Dual Monitor Arm,Accessories,28.0,64.99,7,18,1,14,5,2,0,15.0,19.0,21.0,10.0,20.571428571428573,6.679749068568933,21.0,5.218310955737422,19.366666666666667,6.088334426750401
2024-05-15,105,Dual Monitor Arm,Accessories,28.0,64.99,7,23,2,15,5,2,0,18.0,21.0,16.0,12.0,20.428571428571427,6.729466121893638,20.785714285714285,5.279547932695219,19.266666666666666,6.085218571051607
2024-05-16,105,Dual Monitor Arm,Accessories,28.0,64.99,7,17,3,16,5,2,0,23.0,15.0,22.0,19.0,20.714285714285715,6.799859942535225,21.285714285714285,5.120525385131901,19.666666666666668,5.91510826165731
2024-05-17,105,Dual Monitor Arm,Accessories,28.0,64.99,7,26,4,17,5,2,0,17.0,27.0,26.0,23.0,21.0,6.557438524301993,20.928571428571427,5.2398515204196325,19.9,5.652890624609081
2024-05-18,105,Dual Monitor Arm,Accessories,28.0,64.99,7,29,5,18,5,2,1,26.0,32.0,24.0,31.0,20.857142857142858,6.4142698058981775,20.928571428571427,5.2398515204196325,20.366666666666667,5.5552605285648
2024-05-19,105,Dual Monitor Arm,Accessories,28.0,64.99,7,13,6,19,5,2,1,29.0,15.0,24.0,17.0,20.428571428571427,5.593363414414818,21.285714285714285,5.621778686892217,20.7,5.766430797116291
2024-05-20,105,Dual Monitor Arm,Accessories,28.0,64.99,7,17,0,20,5,2,0,13.0,15.0,17.0,13.0,20.142857142857142,5.956189257922417,20.5,5.971084169047204,20.366666666666667,5.915982638134836
2024-05-21,105,Dual Monitor Arm,Accessories,28.0,64.99,7,17,1,21,5,2,0,17.0,18.0,19.0,13.0,20.428571428571427,5.711308748355978,20.5,5.971084169047204,19.9,5.591557675762583
2024-05-22,105,Dual Monitor Arm,Accessories,28.0,64.99,7,20,2,22,5,2,0,17.0,23.0,21.0,14.0,20.285714285714285,5.794085654478063,20.357142857142858,6.033332321453782,19.9,5.591557675762583
2024-05-23,105,Dual Monitor Arm,Accessories,28.0,64.99,7,19,3,23,5,2,0,20.0,17.0,15.0,13.0,19.857142857142858,5.669467095138401,20.285714285714285,6.031055162542153,20.133333333333333,5.437629639094059
2024-05-24,105,Dual Monitor Arm,Accessories,28.0,64.99,7,25,4,24,5,2,0,19.0,26.0,27.0,21.0,20.142857142857142,5.5506327395643575,20.571428571428573,5.853523405927087,20.333333333333332,5.274096316339242
2024-05-25,105,Dual Monitor Arm,Accessories,28.0,64.99,7,22,5,25,5,2,1,25.0,29.0,32.0,32.0,20.0,5.385164807134496,20.428571428571427,5.70713838726805,20.7,5.200464170264716
2024-05-26,105,Dual Monitor Arm,Accessories,28.0,64.99,7,12,6,26,5,2,1,22.0,13.0,15.0,18.0,19.0,3.872983346207407,19.714285714285715,4.681034918913542,21.0,4.99655053425656
2024-05-27,105,Dual Monitor Arm,Accessories,28.0,64.99,7,18,0,27,5,2,0,12.0,17.0,15.0,19.0,18.857142857142858,4.1403933560541155,19.5,4.973004044917843,20.7,5.259802015416502
2024-05-28,105,Dual Monitor Arm,Accessories,28.0,64.99,7,12,1,28,5,2,0,18.0,17.0,18.0,21.0,19.0,4.082482904638621,19.714285714285715,4.826665857163027,20.233333333333334,4.82581658863312
2024-05-29,105,Dual Monitor Arm,Accessories,28.0,64.99,7,21,2,29,5,2,0,12.0,20.0,23.0,16.0,18.285714285714285,4.8550415622761145,19.285714285714285,5.239327194454404,20.033333333333335,5.041095483936113
2024-05-30,105,Dual Monitor Arm,Accessories,28.0,64.99,7,10,3,30,5,2,0,21.0,19.0,17.0,22.0,18.428571428571427,4.928053803045803,19.142857142857142,5.156879540323451,20.1,5.040183357365308
2024-05-31,105,Dual Monitor Arm,Accessories,28.0,64.99,7,26,4,31,5,2,0,10.0,25.0,26.0,26.0,17.142857142857142,5.843188953205011,18.642857142857142,5.69219631610672,19.733333333333334,5.362277779871711
2024-06-01,105,Dual Monitor Arm,Accessories,28.0,64.99,7,25,5,1,6,2,1,26.0,22.0,29.0,24.0,17.285714285714285,6.074928962939553,18.642857142857142,5.69219631610672,20.066666666666666,5.432554065829541
2024-06-02,105,Dual Monitor Arm,Accessories,28.0,64.99,7,15,6,2,6,2,1,25.0,12.0,13.0,24.0,17.714285714285715,6.550172662209893,18.357142857142858,5.212516635017072,20.166666666666668,5.496602921638153
2024-06-03,105,Dual Monitor Arm,Accessories,28.0,64.99,7,22,0,3,6,2,0,15.0,18.0,17.0,17.0,18.142857142857142,6.202917900165244,18.5,5.080127194046654,19.8,5.460832322565174
2024-06-04,105,Dual Monitor Arm,Accessories,28.0,64.99,7,22,1,4,6,2,0,22.0,12.0,17.0,19.0,18.714285714285715,6.369570517030837,18.857142857142858,5.1419413103963425,19.733333333333334,5.419844337587408
2024-06-05,105,Dual Monitor Arm,Accessories,28.0,64.99,7,22,2,5,6,2,0,22.0,21.0,20.0,21.0,20.142857142857142,5.698788509515893,19.214285714285715,5.176553225525968,19.666666666666668,5.377689116143214
2024-06-06,105,Dual Monitor Arm,Accessories,28.0,64.99,7,10,3,6,6,2,0,22.0,10.0,19.0,15.0,20.285714285714285,5.736267244886853,19.357142857142858,5.227253181564466,19.833333333333332,5.36966789786235
2024-06-07,105,Dual Monitor Arm,Accessories,28.0,64.99,7,25,4,7,6,2,0,10.0,26.0,25.0,27.0,20.285714285714285,5.736267244886853,18.714285714285715,5.796929842976851,19.533333333333335,5.661322699921265
2024-06-08,105,Dual Monitor Arm,Accessories,28.0,64.99,7,23,5,8,6,2,1,25.0,25.0,22.0,32.0,20.142857142857142,5.580578567035594,18.714285714285715,5.796929842976851,19.666666666666668,5.743562113107733
2024-06-09,105,Dual Monitor Arm,Accessories,28.0,64.99,7,17,6,9,6,2,1,23.0,15.0,12.0,15.0,19.857142857142858,5.336308693862302,18.785714285714285,5.8464791696643115,19.933333333333334,5.705008890157995
2024-06-10,105,Dual Monitor Arm,Accessories,28.0,64.99,7,15,0,10,6,2,0,17.0,22.0,18.0,15.0,20.142857142857142,5.080307452263466,19.142857142857142,5.545020536233635,19.6,5.568383657016124
2024-06-11,105,Dual Monitor Arm,Accessories,28.0,64.99,7,30,1,11,6,2,0,15.0,22.0,12.0,18.0,19.142857142857142,5.3363086938623026,18.928571428571427,5.649564798954202,19.033333333333335,5.109040893413832
2024-06-12,105,Dual Monitor Arm,Accessories,28.0,64.99,7,20,2,12,6,2,0,30.0,22.0,21.0,23.0,20.285714285714285,6.7259270913454845,20.214285714285715,5.989459606143642,19.533333333333335,5.424931802103266
2024-06-13,105,Dual Monitor Arm,Accessories,28.0,64.99,7,19,3,13,6,2,0,20.0,10.0,10.0,17.0,20.0,6.683312551921134,20.142857142857142,5.985330051398654,19.7,5.357238094391562
2024-06-14,105,Dual Monitor Arm,Accessories,28.0,64.99,7,33,4,14,6,2,0,19.0,25.0,26.0,26.0,21.285714285714285,5.122313465427036,20.785714285714285,5.250327043712042,19.733333333333334,5.349401083674987
2024-06-15,105,Dual Monitor Arm,Accessories,28.0,64.99,7,25,5,15,6,2,1,33.0,23.0,25.0,29.0,22.428571428571427,6.729466121893635,21.285714285714285,6.056510437646304,20.066666666666666,5.8482731511596535
2024-06-16,105,Dual Monitor Arm,Accessories,28.0,64.99,7,15,6,16,6,2,1,25.0,17.0,15.0,13.0,22.714285714285715,6.799859942535221,21.285714285714285,6.056510437646304,20.333333333333332,5.885888052020673
2024-06-17,105,Dual Monitor Arm,Accessories,28.0,64.99,7,17,0,17,6,2,0,15.0,15.0,22.0,17.0,22.428571428571427,7.114706432386898,21.285714285714285,6.056510437646304,19.966666666666665,5.863289257706835
2024-06-18,105,Dual Monitor Arm,Accessories,28.0,64.99,7,24,1,18,6,2,0,17.0,30.0,22.0,17.0,22.714285714285715,6.799859942535221,20.928571428571427,6.157725425640736,19.566666666666666,5.630479451216819
2024-06-19,105,Dual Monitor Arm,Accessories,28.0,64.99,7,15,2,19,6,2,0,24.0,20.0,22.0,20.0,21.857142857142858,6.067085281214011,21.071428571428573,6.207492813766843,19.933333333333334,5.545630981998883
2024-06-20,105,Dual Monitor Arm,Accessories,28.0,64.99,7,15,3,20,6,2,0,15.0,19.0,10.0,19.0,21.142857142857142,6.593647736738016,20.571428571428573,6.405698012938715,19.866666666666667,5.593921167033788
2024-06-21,105,Dual Monitor Arm,Accessories,28.0,64.99,7,26,4,21,6,2,0,15.0,33.0,25.0,25.0,20.571428571428573,6.97273602103561,20.928571428571427,5.889551187213942,19.8,5.640983039787707
2024-06-22,105,Dual Monitor Arm,Accessories,28.0,64.99,7,19,5,22,6,2,1,26.0,25.0,23.0,22.0,19.571428571428573,5.15936504029784,21.0,5.948496901286521,20.0,5.753559617824623
2024-06-23,105,Dual Monitor Arm,Accessories,28.0,64.99,7,16,6,23,6,2,1,19.0,15.0,17.0,12.0,18.714285714285715,4.572172558506713,20.714285714285715,5.94110286871918,20.0,5.753559617824623
2024-06-24,105,Dual Monitor Arm,Accessories,28.0,64.99,7,8,0,24,6,2,0,16.0,17.0,15.0,18.0,18.857142857142858,4.450789122113485,20.642857142857142,5.994961254216779,19.7,5.718391382198331
2024-06-25,105,Dual Monitor Arm,Accessories,28.0,64.99,7,15,1,25,6,2,0,8.0,24.0,30.0,12.0,17.571428571428573,6.078847008469689,20.142857142857142,6.746590510508512,19.233333333333334,6.0838017454681275
2024-06-26,105,Dual Monitor Arm,Accessories,28.0,64.99,7,20,2,26,6,2,0,15.0,15.0,20.0,21.0,16.285714285714285,5.407226205560035,19.071428571428573,6.232227478250401,19.333333333333332,5.984654706332113
2024-06-27,105,Dual Monitor Arm,Accessories,28.0,64.99,7,14,3,27,6,2,0,20.0,15.0,19.0,10.0,17.0,5.537749241945377,19.071428571428573,6.232227478250401,19.4,5.980427847686103
2024-06-28,105,Dual Monitor Arm,Accessories,28.0,64.99,7,32,4,28,6,2,0,14.0,26.0,33.0,26.0,16.857142857142858,5.610364558225286,18.714285714285715,6.378190862722651,19.466666666666665,5.905773524233752
2024-06-29,105,Dual Monitor Arm,Accessories,28.0,64.99,7,36,5,29,6,2,1,32.0,19.0,25.0,25.0,17.714285714285715,7.409774753982864,18.642857142857142,6.209262843119551,19.833333333333332,6.330459117921725
2024-06-30,105,Dual Monitor Arm,Accessories,28.0,64.99,7,15,6,30,6,2,1,36.0,16.0,15.0,15.0,20.142857142857142,10.17232473312715,19.428571428571427,7.612886703218692,20.7,6.706404556017009
2024-07-01,105,Dual Monitor Arm,Accessories,28.0,64.99,7,12,0,1,7,3,0,15.0,8.0,17.0,22.0,20.0,10.24695076595959,19.428571428571427,7.612886703218692,20.333333333333332,6.707347146758292
2024-07-02,105,Dual Monitor Arm,Accessories,28.0,64.99,7,12,1,2,7,3,0,12.0,15.0,24.0,22.0,20.571428571428573,9.554355775546258,19.071428571428573,7.8491967811929735,19.9,6.814538211389155
2024-07-03,105,Dual Monitor Arm,Accessories,28.0,64.99,7,18,2,3,7,3,0,12.0,20.0,15.0,22.0,20.142857142857142,9.90670768433474,18.214285714285715,7.924437096520064,19.8,6.910262233658805
2024-07-04,105,Dual Monitor Arm,Accessories,28.0,64.99,7,6,3,4,7,3,0,18.0,14.0,15.0,10.0,19.857142857142858,9.940297973880043,18.428571428571427,7.871216167533706,19.666666666666668,6.904937430530444
2024-07-05,105,Dual Monitor Arm,Accessories,28.0,64.99,7,23,4,5,7,3,0,6.0,32.0,26.0,25.0,18.714285714285715,11.116268644263167,17.785714285714285,8.514047861564501,19.133333333333333,7.32371364877106
2024-07-06,105,Dual Monitor Arm,Accessories,28.0,64.99,7,25,5,6,7,3,1,23.0,36.0,19.0,23.0,17.428571428571427,9.761440174775146,17.571428571428573,8.32710389875492,19.166666666666668,7.339469741878777
2024-07-07,105,Dual Monitor Arm,Accessories,28.0,64.99,7,17,6,7,7,3,1,25.0,15.0,16.0,17.0,15.857142857142858,6.66904719402933,18.0,8.557497837029775,19.666666666666668,7.203128311453607
2024-07-08,105,Dual Monitor Arm,Accessories,28.0,64.99,7,14,0,8,7,3,0,17.0,12.0,8.0,15.0,16.142857142857142,6.669047194029329,18.071428571428573,8.543682197653746,19.4,7.146737862057459
2024-07-09,105,Dual Monitor Arm,Accessories,28.0,64.99,7,18,1,9,7,3,0,14.0,12.0,15.0,30.0,16.428571428571427,6.502746672423451,18.5,8.14059154909708,19.1,7.179232501482656
2024-07-10,105,Dual Monitor Arm,Accessories,28.0,64.99,7,16,2,10,7,3,0,18.0,18.0,20.0,20.0,17.285714285714285,6.210590034081185,18.714285714285715,8.080637555088295,19.133333333333333,7.171463243820703
2024-07-11,105,Dual Monitor Arm,Accessories,28.0,64.99,7,17,3,11,7,3,0,16.0,6.0,14.0,19.0,17.0,6.218252702059208,18.428571428571427,8.102367039844077,19.166666666666668,7.1538913130925
2024-07-12,105,Dual Monitor Arm,Accessories,28.0,64.99,7,27,4,12,7,3,0,17.0,23.0,32.0,33.0,18.571428571428573,3.9520940802374045,18.642857142857142,8.01543840019077,18.733333333333334,6.862860232782883
2024-07-13,105,Dual Monitor Arm,Accessories,28.0,64.99,7,29,5,13,7,3,1,27.0,25.0,36.0,25.0,19.142857142857142,4.879500364742656,18.285714285714285,7.467144150091237,18.966666666666665,7.024505545653704
2024-07-14,105,Dual Monitor Arm,Accessories,28.0,64.99,7,16,6,14,7,3,1,29.0,17.0,15.0,15.0,19.714285714285715,5.822779568621999,17.785714285714285,6.3388736129787855,19.3,7.259476565152623
2024-07-15,105,Dual Monitor Arm,Accessories,28.0,64.99,7,21,0,15,7,3,0,16.0,14.0,12.0,17.0,19.571428571428573,5.912053869204918,17.857142857142858,6.310639890231091,18.733333333333334,6.802298462124121
2024-07-16,105,Dual Monitor Arm,Accessories,28.0,64.99,7,10,1,16,7,3,0,21.0,18.0,12.0,24.0,20.571428571428573,5.380741673076382,18.5,6.123724356957948,18.6,6.713855976185786
2024-07-17,105,Dual Monitor Arm,Accessories,28.0,64.99,7,16,2,17,7,3,0,10.0,16.0,18.0,15.0,19.428571428571427,6.704653678780199,18.357142857142858,6.30759179764467,18.433333333333334,6.866627608414755
2024-07-18,105,Dual Monitor Arm,Accessories,28.0,64.99,7,10,3,18,7,3,0,16.0,17.0,6.0,15.0,19.428571428571427,6.704653678780199,18.214285714285715,6.338873612978785,18.4,6.876245968600143
2024-07-19,105,Dual Monitor Arm,Accessories,28.0,64.99,7,26,4,19,7,3,0,10.0,27.0,23.0,26.0,18.428571428571427,7.590721152765891,18.5,5.81443826243708,17.933333333333334,6.957671694058214
2024-07-20,105,Dual Monitor Arm,Accessories,28.0,64.99,7,28,5,20,7,3,1,26.0,29.0,25.0,19.0,18.285714285714285,7.409774753982864,18.714285714285715,6.04379620168256,18.3,7.086412447727723
2024-07-21,105,Dual Monitor Arm,Accessories,28.0,64.99,7,16,6,21,7,3,1,28.0,16.0,17.0,16.0,18.142857142857142,7.174690967295414,18.928571428571427,6.330199726029865,18.733333333333334,7.272685475323995
2024-07-22,105,Dual Monitor Arm,Accessories,28.0,64.99,7,23,0,22,7,3,0,16.0,21.0,14.0,8.0,18.142857142857142,7.174690967295414,18.857142857142858,6.3592106774001795,18.4,7.1563812854995605
2024-07-23,105,Dual Monitor Arm,Accessories,28.0,64.99,7,12,1,23,7,3,0,23.0,10.0,18.0,15.0,18.428571428571427,7.345228447936856,19.5,6.284902544988268,18.533333333333335,7.205042933818021
2024-07-24,105,Dual Monitor Arm,Accessories,28.0,64.99,7,16,2,24,7,3,0,12.0,16.0,16.0,20.0,18.714285714285715,6.993193970194293,19.071428571428573,6.592119837809684,18.4,7.2900499028612264
2024-07-25,105,Dual Monitor Arm,Accessories,28.0,64.99,7,18,3,25,7,3,0,16.0,10.0,17.0,14.0,18.714285714285715,6.993193970194293,19.071428571428573,6.592119837809684,18.666666666666668,7.0384820725109165
2024-07-26,105,Dual Monitor Arm,Accessories,28.0,64.99,7,26,4,26,7,3,0,18.0,26.0,27.0,32.0,19.857142857142858,5.899959644736877,19.142857142857142,6.573339425953237,18.766666666666666,7.005826803126267
2024-07-27,105,Dual Monitor Arm,Accessories,28.0,64.99,7,32,5,27,7,3,1,26.0,28.0,29.0,36.0,19.857142857142858,5.899959644736877,19.071428571428573,6.486249191283711,18.966666666666665,7.126847411232306
2024-07-28,105,Dual Monitor Arm,Accessories,28.0,64.99,7,30,6,28,7,3,1,32.0,16.0,16.0,15.0,20.428571428571427,6.924765768773759,19.285714285714285,6.8772598683417,19.566666666666666,7.4448933358114235
2024-07-29,105,Dual Monitor Arm,Accessories,28.0,64.99,7,28,0,29,7,3,0,30.0,23.0,21.0,12.0,22.428571428571427,7.4354363883846215,20.285714285714285,7.36340819320647,19.5,7.3379034871144935
2024-07-30,105,Dual Monitor Arm,Accessories,28.0,64.99,7,14,1,30,7,3,0,28.0,12.0,10.0,12.0,23.142857142857142,7.733661733585434,20.785714285714285,7.647810862528631,19.233333333333334,6.846510983243823
2024-07-31,105,Dual Monitor Arm,Accessories,28.0,64.99,7,16,2,31,7,3,0,14.0,16.0,16.0,18.0,23.428571428571427,7.276838664721157,21.071428571428573,7.279732515313006,19.2,6.870225614927076
2024-08-01,105,Dual Monitor Arm,Accessories,28.0,64.99,7,18,3,1,8,3,0,16.0,18.0,10.0,6.0,23.428571428571427,7.276838664721157,21.071428571428573,7.279732515313006,19.333333333333332,6.76366220599327
2024-08-02,105,Dual Monitor Arm,Accessories,28.0,64.99,7,32,4,2,8,3,0,18.0,26.0,26.0,23.0,23.428571428571427,7.276838664721157,21.642857142857142,6.628692211859014,19.533333333333335,6.626661578665464
2024-08-03,105,Dual Monitor Arm,Accessories,28.0,64.99,7,24,5,3,8,3,1,32.0,32.0,28.0,25.0,24.285714285714285,7.9522383791040285,22.071428571428573,7.108654375686507,20.0,6.997536512329141
2024-08-04,105,Dual Monitor Arm,Accessories,28.0,64.99,7,24,6,4,8,3,1,24.0,30.0,16.0,17.0,23.142857142857142,7.197883286739488,21.785714285714285,6.930185605557216,20.6,6.510469022778001
2024-08-05,105,Dual Monitor Arm,Accessories,28.0,64.99,7,22,0,5,8,3,0,24.0,28.0,23.0,14.0,22.285714285714285,6.575568054403749,22.357142857142858,6.743739465461418,20.633333333333333,6.525722754704232
2024-08-06,105,Dual Monitor Arm,Accessories,28.0,64.99,7,18,1,6,8,3,0,22.0,14.0,12.0,18.0,21.428571428571427,6.078847008469684,22.285714285714285,6.741702266531007,20.533333333333335,6.479321661671267
2024-08-07,105,Dual Monitor Arm,Accessories,28.0,64.99,7,15,2,7,8,3,0,18.0,16.0,16.0,16.0,22.0,5.416025603090628,22.714285714285715,6.20705022756159,20.566666666666666,6.463069268375227
2024-08-08,105,Dual Monitor Arm,Accessories,28.0,64.99,7,12,3,8,8,3,0,15.0,18.0,18.0,17.0,21.857142857142858,5.61036455822528,22.642857142857142,6.295384669094335,20.6,6.430530626467091
2024-08-09,105,Dual Monitor Arm,Accessories,28.0,64.99,7,28,4,9,8,3,0,12.0,32.0,26.0,27.0,21.0,6.658328118479384,22.214285714285715,6.8182850475035774,20.4,6.605118182659319
2024-08-10,105,Dual Monitor Arm,Accessories,28.0,64.99,7,22,5,10,8,3,1,28.0,24.0,32.0,29.0,20.428571428571427,5.652643713553936,22.357142857142858,6.923840006785274,20.8,6.692249763461607
2024-08-11,105,Dual Monitor Arm,Accessories,28.0,64.99,7,20,6,11,8,3,1,22.0,24.0,30.0,16.0,20.142857142857142,5.490251100164456,21.642857142857142,6.344072252682234,20.966666666666665,6.656515259675972
2024-08-12,105,Dual Monitor Arm,Accessories,28.0,64.99,7,19,0,12,8,3,0,20.0,22.0,28.0,21.0,19.571428571428573,5.223572942509195,20.928571428571427,5.876475732355826,20.733333333333334,6.559716842781514
2024-08-13,105,Dual Monitor Arm,Accessories,28.0,64.99,7,17,1,13,8,3,0,19.0,18.0,14.0,10.0,19.142857142857142,5.1130086194780695,20.285714285714285,5.525167194526557,20.4,6.376681657846613
2024-08-14,105,Dual Monitor Arm,Accessories,28.0,64.99,7,13,2,14,8,3,0,17.0,15.0,16.0,16.0,19.0,5.163977794943213,20.5,5.316881677189243,20.433333333333334,6.355466467773133
2024-08-15,105,Dual Monitor Arm,Accessories,28.0,64.99,7,24,3,15,8,3,0,13.0,12.0,18.0,10.0,18.714285714285715,5.468524655221168,20.285714285714285,5.5667774330406745,20.166666666666668,6.4971258013186945
2024-08-16,105,Dual Monitor Arm,Accessories,28.0,64.99,7,21,4,16,8,3,0,24.0,28.0,32.0,26.0,20.428571428571427,4.8599431703516345,20.714285714285715,5.608078944750098,20.633333333333333,6.2393817848783275
2024-08-17,105,Dual Monitor Arm,Accessories,28.0,64.99,7,33,5,17,8,3,1,21.0,22.0,24.0,28.0,19.428571428571427,3.5989416433697343,19.928571428571427,4.581976156038511,20.8,6.177824636664554
2024-08-18,105,Dual Monitor Arm,Accessories,28.0,64.99,7,23,6,18,8,3,1,33.0,20.0,24.0,16.0,21.0,6.298147875897051,20.571428571428573,5.693644036781921,21.566666666666666,6.218345124866767
2024-08-19,105,Dual Monitor Arm,Accessories,28.0,64.99,7,21,0,19,8,3,0,23.0,19.0,22.0,23.0,21.428571428571427,6.3207895829857215,20.5,5.653453675545452,21.466666666666665,6.168514789853708
2024-08-20,105,Dual Monitor Arm,Accessories,28.0,64.99,7,15,1,20,8,3,0,21.0,17.0,18.0,12.0,21.714285714285715,6.237368187365707,20.428571428571427,5.639343738609815,21.233333333333334,6.043995785692732
2024-08-21,105,Dual Monitor Arm,Accessories,28.0,64.99,7,23,2,21,8,3,0,15.0,13.0,15.0,16.0,21.428571428571427,6.528326555791115,20.214285714285715,5.793611487313765,21.2,6.076523506992688
2024-08-22,105,Dual Monitor Arm,Accessories,28.0,64.99,7,13,3,22,8,3,0,23.0,24.0,12.0,18.0,22.857142857142858,5.367450401216918,20.785714285714285,5.6320316245365785,21.2,6.076523506992688
2024-08-23,105,Dual Monitor Arm,Accessories,28.0,64.99,7,23,4,23,8,3,0,13.0,21.0,28.0,26.0,21.285714285714285,6.473388749701486,20.857142857142858,5.517205854375959,21.233333333333334,6.026855606844034
2024-08-24,105,Dual Monitor Arm,Accessories,28.0,64.99,7,29,5,24,8,3,1,23.0,33.0,22.0,32.0,21.571428571428573,6.5027466724234415,20.5,5.1701807735096805,21.466666666666665,5.952300820478709
2024-08-25,105,Dual Monitor Arm,Accessories,28.0,64.99,7,18,6,25,8,3,1,29.0,23.0,20.0,30.0,21.0,5.416025603090627,21.0,5.643239658755753,21.833333333333332,6.0690471520110645
2024-08-26,105,Dual Monitor Arm,Accessories,28.0,64.99,7,18,0,26,8,3,0,18.0,21.0,19.0,28.0,20.285714285714285,5.437961803049782,20.857142857142858,5.695573758591872,21.566666666666666,6.05539561812061
2024-08-27,105,Dual Monitor Arm,Accessories,28.0,64.99,7,21,1,27,8,3,0,18.0,15.0,17.0,14.0,19.857142857142858,5.490251100164455,20.785714285714285,5.726840603395838,21.1,5.755656887523506
2024-08-28,105,Dual Monitor Arm,Accessories,28.0,64.99,7,16,2,28,8,3,0,21.0,23.0,13.0,16.0,20.714285714285715,5.056820005836516,21.071428571428573,5.6222673459993,20.8,5.504856789768674
2024-08-29,105,Dual Monitor Arm,Accessories,28.0,64.99,7,28,3,29,8,3,0,16.0,13.0,24.0,18.0,19.714285714285715,5.219012860502942,21.285714285714285,5.34111154418932,20.4,5.398594964081586
2024-08-30,105,Dual Monitor Arm,Accessories,28.0,64.99,7,30,4,30,8,3,0,28.0,23.0,21.0,32.0,21.857142857142858,5.080307452263461,21.571428571428573,5.598272889084563,20.866666666666667,5.4312844313949205
2024-08-31,105,Dual Monitor Arm,Accessories,28.0,64.99,7,22,5,31,8,3,1,30.0,29.0,33.0,24.0,22.857142857142858,5.95618925792241,22.214285714285715,6.027865694851261,21.333333333333332,5.597618541248909
2024-09-01,105,Dual Monitor Arm,Accessories,28.0,64.99,7,24,6,1,9,3,1,22.0,18.0,23.0,24.0,21.857142857142858,5.304984179322026,21.428571428571427,5.169649381270901,21.466666666666665,5.563014150330902
2024-09-02,105,Dual Monitor Arm,Accessories,28.0,64.99,7,26,0,2,9,3,0,24.0,18.0,21.0,22.0,22.714285714285715,5.0568200058365145,21.5,5.199852068901713,21.2,5.221969505583272
2024-09-03,105,Dual Monitor Arm,Accessories,28.0,64.99,7,18,1,3,9,3,0,26.0,21.0,15.0,18.0,23.857142857142858,4.705619740571582,21.857142857142858,5.332875438219076,21.266666666666666,5.271480413235608
2024-09-04,105,Dual Monitor Arm,Accessories,28.0,64.99,7,26,2,4,9,3,0,18.0,16.0,23.0,15.0,23.428571428571427,5.1269595556932295,22.071428571428573,5.090931389989682,21.066666666666666,5.278017740058101
2024-09-05,105,Dual Monitor Arm,Accessories,28.0,64.99,7,18,3,5,9,3,0,26.0,28.0,13.0,12.0,24.857142857142858,3.976119189551994,22.285714285714285,5.19509489701688,21.2,5.352408416971671
2024-09-06,105,Dual Monitor Arm,Accessories,28.0,64.99,7,27,4,6,9,3,0,18.0,30.0,23.0,28.0,23.428571428571427,4.429339411136547,22.642857142857142,4.651007216922799,21.2,5.352408416971671
2024-09-07,105,Dual Monitor Arm,Accessories,28.0,64.99,7,25,5,7,9,3,1,27.0,22.0,29.0,22.0,23.0,3.785938897200162,22.928571428571427,4.7952586472999865,21.6,5.3213946836624135
2024-09-08,105,Dual Monitor Arm,Accessories,28.0,64.99,7,12,6,8,9,3,1,25.0,24.0,18.0,20.0,23.428571428571427,3.8234863173610876,22.642857142857142,4.516757565012619,22.033333333333335,5.0342505063733
2024-09-09,105,Dual Monitor Arm,Accessories,28.0,64.99,7,14,0,9,9,3,0,12.0,26.0,18.0,19.0,21.714285714285715,5.736267244886852,22.214285714285715,5.220942612042542,21.5,5.224280184702589
2024-09-10,105,Dual Monitor Arm,Accessories,28.0,64.99,7,14,1,10,9,3,0,14.0,18.0,21.0,17.0,20.0,6.027713773341704,21.928571428571427,5.567270919804905,21.233333333333334,5.3991272176754554
2024-09-11,105,Dual Monitor Arm,Accessories,28.0,64.99,7,13,2,11,9,3,0,14.0,26.0,16.0,13.0,19.428571428571427,6.42539604115686,21.428571428571427,5.9577265374054695,21.033333333333335,5.555260528564802
2024-09-12,105,Dual Monitor Arm,Accessories,28.0,64.99,7,19,3,12,9,3,0,13.0,18.0,28.0,24.0,17.571428571428573,6.078847008469697,21.214285714285715,6.2163379205812985,20.833333333333332,5.736052549495594
2024-09-13,105,Dual Monitor Arm,Accessories,28.0,64.99,7,23,4,13,9,3,0,19.0,27.0,30.0,21.0,17.714285714285715,6.102302453836196,20.571428571428573,5.918865350129781,20.9,5.701481961010166
2024-09-14,105,Dual Monitor Arm,Accessories,28.0,64.99,7,38,5,14,9,3,1,23.0,25.0,22.0,33.0,17.142857142857142,5.209880722517281,20.071428571428573,5.327205729002851,21.233333333333334,5.51288980689699
2024-09-15,105,Dual Monitor Arm,Accessories,28.0,64.99,7,21,6,15,9,3,1,38.0,12.0,24.0,23.0,19.0,9.23760430703401,21.214285714285715,7.1702223056253835,21.7,6.292579099553552
2024-09-16,105,Dual Monitor Arm,Accessories,28.0,64.99,7,15,0,16,9,3,0,21.0,14.0,26.0,21.0,20.285714285714285,8.71233389539002,21.0,7.125253031944244,21.7,6.292579099553552
2024-09-17,105,Dual Monitor Arm,Accessories,28.0,64.99,7,14,1,17,9,3,0,15.0,14.0,18.0,15.0,20.428571428571427,8.599557020706406,20.214285714285715,7.137965357897821,21.1,6.030668745441221
2024-09-18,105,Dual Monitor Arm,Accessories,28.0,64.99,7,17,2,18,9,3,0,14.0,13.0,26.0,23.0,20.428571428571427,8.599557020706406,19.928571428571427,7.311364028417946,20.8,6.155457348760853
2024-09-19,105,Dual Monitor Arm,Accessories,28.0,64.99,7,16,3,19,9,3,0,17.0,19.0,18.0,13.0,21.0,8.14452781524707,19.285714285714285,7.129878318398204,20.666666666666668,6.194175981674577
2024-09-20,105,Dual Monitor Arm,Accessories,28.0,64.99,7,26,4,20,9,3,0,16.0,23.0,27.0,23.0,20.571428571428573,8.343802947040848,19.142857142857142,7.177498416334447,20.7,6.165253022187037
2024-09-21,105,Dual Monitor Arm,Accessories,28.0,64.99,7,28,5,21,9,3,1,26.0,38.0,25.0,29.0,21.0,8.563488385776745,19.071428571428573,7.097825080904774,20.8,6.227857327889899
2024-09-22,105,Dual Monitor Arm,Accessories,28.0,64.99,7,18,6,22,9,3,1,28.0,21.0,12.0,18.0,19.571428571428573,5.563486402641862,19.285714285714285,7.332001211009292,21.3,6.182009493628312
2024-09-23,105,Dual Monitor Arm,Accessories,28.0,64.99,7,12,0,23,9,3,0,18.0,15.0,14.0,18.0,19.142857142857142,5.55063273956436,19.714285714285715,7.043038804691874,21.133333333333333,6.201964835122187
2024-09-24,105,Dual Monitor Arm,Accessories,28.0,64.99,7,7,1,24,9,3,0,12.0,14.0,14.0,21.0,18.714285714285715,6.019808571549032,19.571428571428573,7.186678763403274,20.566666666666666,6.234958912749813
2024-09-25,105,Dual Monitor Arm,Accessories,28.0,64.99,7,13,2,25,9,3,0,7.0,17.0,13.0,16.0,17.714285714285715,7.3646517390909425,19.071428571428573,7.819741149702566,20.2,6.697400422088651
2024-09-26,105,Dual Monitor Arm,Accessories,28.0,64.99,7,14,3,26,9,3,0,13.0,16.0,19.0,28.0,17.142857142857142,7.581305327988743,19.071428571428573,7.819741149702566,20.033333333333335,6.815212868046144
2024-09-27,105,Dual Monitor Arm,Accessories,28.0,64.99,7,22,4,27,9,3,0,14.0,26.0,23.0,30.0,16.857142857142858,7.668736780560658,18.714285714285715,7.936561660379827,19.8,6.900274857094346
2024-09-28,105,Dual Monitor Arm,Accessories,28.0,64.99,7,34,5,28,9,3,1,22.0,28.0,38.0,22.0,16.285714285714285,6.9931939701943024,18.642857142857142,7.899436619221582,20.0,6.873236450926519
2024-09-29,105,Dual Monitor Arm,Accessories,28.0,64.99,7,16,6,29,9,3,1,34.0,18.0,21.0,24.0,17.142857142857142,8.802056036869482,18.357142857142858,7.185531861446871,20.2,7.193867119841121
2024-09-30,105,Dual Monitor Arm,Accessories,28.0,64.99,7,17,0,30,9,3,0,16.0,12.0,15.0,26.0,16.857142857142858,8.802056036869482,18.0,7.168306312136459,19.733333333333334,6.987344882410431
2024-10-01,105,Dual Monitor Arm,Accessories,28.0,64.99,7,19,1,1,10,4,0,17.0,7.0,14.0,18.0,17.571428571428573,8.541216596737316,18.142857142857142,7.1237106024355565,19.566666666666666,6.991045175342401
2024-10-02,105,Dual Monitor Arm,Accessories,28.0,64.99,7,19,2,2,10,4,0,19.0,13.0,17.0,26.0,19.285714285714285,7.158079018709923,18.5,7.024681761201275,19.4,6.941131776938662
2024-10-03,105,Dual Monitor Arm,Accessories,28.0,64.99,7,14,3,3,10,4,0,19.0,14.0,16.0,18.0,20.142857142857142,6.61887632529297,18.642857142857142,7.0121558504021895,19.166666666666668,6.828355349687746
2024-10-04,105,Dual Monitor Arm,Accessories,28.0,64.99,7,26,4,4,10,4,0,14.0,22.0,26.0,27.0,20.142857142857142,6.61887632529297,18.5,7.090079743502943,19.033333333333335,6.890690037681448
2024-10-05,105,Dual Monitor Arm,Accessories,28.0,64.99,7,21,5,5,10,4,1,26.0,34.0,28.0,25.0,20.714285714285715,6.969320524371692,18.5,7.090079743502943,19.033333333333335,6.890690037681448
2024-10-06,105,Dual Monitor Arm,Accessories,28.0,64.99,7,21,6,6,10,4,1,21.0,16.0,18.0,12.0,18.857142857142858,3.8913824205360643,18.0,6.5983680966176435,19.133333333333333,6.896942517663467
2024-10-07,105,Dual Monitor Arm,Accessories,28.0,64.99,7,18,0,7,10,4,0,21.0,17.0,12.0,14.0,19.571428571428573,3.7352886036263535,18.214285714285715,6.646902939062573,18.933333333333334,6.746305928295942
2024-10-08,105,Dual Monitor Arm,Accessories,28.0,64.99,7,19,1,8,10,4,0,18.0,19.0,7.0,14.0,19.714285714285715,3.6384193323605785,18.642857142857142,6.404411254477924,18.7,6.64960460323096
2024-10-09,105,Dual Monitor Arm,Accessories,28.0,64.99,7,23,2,9,10,4,0,19.0,19.0,13.0,13.0,19.714285714285715,3.6384193323605785,19.5,5.459642140991681,18.933333333333334,6.528100179533326
2024-10-10,105,Dual Monitor Arm,Accessories,28.0,64.99,7,19,3,10,10,4,0,23.0,14.0,14.0,19.0,20.285714285714285,3.817254061682104,20.214285714285715,5.191391860623634,19.233333333333334,6.500309453288038
2024-10-11,105,Dual Monitor Arm,Accessories,28.0,64.99,7,29,4,11,10,4,0,19.0,26.0,22.0,23.0,21.0,2.7688746209726793,20.571428571428573,4.89449118459149,19.4,6.425166038375177
2024-10-12,105,Dual Monitor Arm,Accessories,28.0,64.99,7,29,5,12,10,4,1,29.0,21.0,34.0,38.0,21.428571428571427,3.735288603626349,21.071428571428573,5.38465463094016,19.933333333333334,6.538656053693749
2024-10-13,105,Dual Monitor Arm,Accessories,28.0,64.99,7,21,6,13,10,4,1,29.0,21.0,16.0,21.0,22.571428571428573,4.68533680244877,20.714285714285715,4.564555272440534,20.266666666666666,6.741192636390071
2024-10-14,105,Dual Monitor Arm,Accessories,28.0,64.99,7,20,0,14,10,4,0,21.0,18.0,17.0,15.0,22.571428571428573,4.68533680244877,21.071428571428573,4.358268634963351,20.2,6.723094525588658
2024-10-15,105,Dual Monitor Arm,Accessories,28.0,64.99,7,17,1,15,10,4,0,20.0,19.0,19.0,14.0,22.857142857142858,4.413183712037194,21.285714285714285,4.214052889824896,19.6,5.822666766685365
2024-10-16,105,Dual Monitor Arm,Accessories,28.0,64.99,7,14,2,16,10,4,0,17.0,23.0,19.0,17.0,22.571428571428573,4.7559486560567,21.142857142857142,4.329809781878709,19.466666666666665,5.835287029156646
2024-10-17,105,Dual Monitor Arm,Accessories,28.0,64.99,7,19,3,17,10,4,0,14.0,19.0,14.0,16.0,21.285714285714285,5.736267244886853,20.785714285714285,4.709704733984766,19.433333333333334,5.864465365486321
2024-10-18,105,Dual Monitor Arm,Accessories,28.0,64.99,7,24,4,18,10,4,0,19.0,29.0,26.0,26.0,21.285714285714285,5.736267244886853,21.142857142857142,4.329809781878709,19.6,5.77509516267318
2024-10-19,105,Dual Monitor Arm,Accessories,28.0,64.99,7,28,5,19,10,4,1,24.0,29.0,21.0,28.0,20.571428571428573,4.859943170351636,21.0,4.187894642712655,19.833333333333332,5.807743542673989
2024-10-20,105,Dual Monitor Arm,Accessories,28.0,64.99,7,20,6,20,10,4,1,28.0,21.0,21.0,18.0,20.428571428571427,4.5773770821706234,21.5,4.586770273129157,20.233333333333334,5.946214868667966
2024-10-21,105,Dual Monitor Arm,Accessories,28.0,64.99,7,14,0,21,10,4,0,20.0,20.0,18.0,12.0,20.285714285714285,4.572172558506711,21.428571428571427,4.602913554132098,20.033333333333335,5.8456192458811636
2024-10-22,105,Dual Monitor Arm,Accessories,28.0,64.99,7,21,1,22,10,4,0,14.0,17.0,19.0,7.0,19.428571428571427,5.159365040297839,21.142857142857142,4.943638380743503,19.566666666666666,5.745663032075677
2024-10-23,105,Dual Monitor Arm,Accessories,28.0,64.99,7,18,2,23,10,4,0,21.0,14.0,23.0,13.0,20.0,5.066228051190212,21.285714285714285,4.905704237511049,19.666666666666668,5.743562113107735
2024-10-24,105,Dual Monitor Arm,Accessories,28.0,64.99,7,21,3,24,10,4,0,18.0,19.0,19.0,14.0,20.571428571428573,4.466808810815709,20.928571428571427,4.953076522018094,19.866666666666667,5.569209275473776
2024-10-25,105,Dual Monitor Arm,Accessories,28.0,64.99,7,18,4,25,10,4,0,21.0,24.0,29.0,22.0,20.857142857142858,4.413183712037191,21.071428571428573,4.9219177893657,20.333333333333332,5.01262773219889
2024-10-26,105,Dual Monitor Arm,Accessories,28.0,64.99,7,24,5,26,10,4,1,18.0,28.0,29.0,34.0,20.0,4.281744192888364,20.285714285714285,4.4102777067379,20.5,4.840561380951472
2024-10-27,105,Dual Monitor Arm,Accessories,28.0,64.99,7,16,6,27,10,4,1,24.0,20.0,21.0,16.0,19.428571428571427,3.154739442867009,19.928571428571427,3.8122128787578102,20.833333333333332,4.7203399448983046
2024-10-28,105,Dual Monitor Arm,Accessories,28.0,64.99,7,12,0,28,10,4,0,16.0,14.0,20.0,17.0,18.857142857142858,3.3876526498728254,19.571428571428573,3.9363060722592937,20.633333333333333,4.795711685945357
2024-10-29,105,Dual Monitor Arm,Accessories,28.0,64.99,7,16,1,29,10,4,0,12.0,21.0,17.0,19.0,18.571428571428573,3.9096949095439903,19.0,4.420233199556496,19.9,4.341857222195497
2024-10-30,105,Dual Monitor Arm,Accessories,28.0,64.99,7,16,2,30,10,4,0,16.0,18.0,14.0,19.0,17.857142857142858,3.8483144114694845,18.928571428571427,4.462911876519896,19.9,4.341857222195497
2024-10-31,105,Dual Monitor Arm,Accessories,28.0,64.99,7,11,3,31,10,4,0,16.0,21.0,19.0,14.0,17.571428571428573,3.909694909543992,19.071428571428573,4.322824676853447,19.866666666666667,4.3686448094648895
2024-11-01,105,Dual Monitor Arm,Accessories,28.0,64.99,7,47,4,1,11,4,0,11.0,18.0,24.0,26.0,16.142857142857142,4.2594432902501564,18.5,4.831785782312146,19.6,4.657955745188877
2024-11-02,105,Dual Monitor Arm,Accessories,28.0,64.99,7,30,5,2,11,4,1,47.0,24.0,28.0,21.0,20.285714285714285,12.499523800453163,20.142857142857142,8.97738305929999,20.533333333333335,6.831637019618087
2024-11-03,105,Dual Monitor Arm,Accessories,28.0,64.99,7,25,6,3,11,4,1,30.0,16.0,20.0,21.0,21.142857142857142,12.99267192726437,20.285714285714285,9.126702761496244,21.066666666666666,6.927871411829959
2024-11-04,105,Dual Monitor Arm,Accessories,28.0,64.99,7,28,0,4,11,4,0,25.0,12.0,14.0,18.0,22.428571428571427,12.84337887599602,20.642857142857142,9.212091910236088,21.033333333333335,6.905686479063952
2024-11-05,105,Dual Monitor Arm,Accessories,28.0,64.99,7,31,1,5,11,4,0,28.0,16.0,21.0,19.0,24.714285714285715,12.079104350272074,21.642857142857142,9.195376286751122,21.266666666666666,7.02180511880222
2024-11-06,105,Dual Monitor Arm,Accessories,28.0,64.99,7,33,2,6,11,4,0,31.0,16.0,18.0,23.0,26.857142857142858,11.596386957849857,22.357142857142858,9.524116295425573,21.6,7.24259431514657
2024-11-07,105,Dual Monitor Arm,Accessories,28.0,64.99,7,28,3,7,11,4,0,33.0,11.0,21.0,19.0,29.285714285714285,10.688222267435076,23.428571428571427,9.834900849793778,22.1,7.498735525590895
2024-11-08,105,Dual Monitor Arm,Accessories,28.0,64.99,7,44,4,8,11,4,0,28.0,47.0,18.0,29.0,31.714285714285715,7.204495950776964,23.928571428571427,9.879771764058608,22.4,7.550291156751804
2024-11-09,105,Dual Monitor Arm,Accessories,28.0,64.99,7,39,5,9,11,4,1,44.0,30.0,24.0,29.0,31.285714285714285,6.15668432719769,25.785714285714285,11.053565880805987,23.1,8.519146792312357
2024-11-10,105,Dual Monitor Arm,Accessories,28.0,64.99,7,20,6,10,11,4,1,39.0,25.0,16.0,21.0,32.57142857142857,6.754187413675117,26.857142857142858,11.58153133794783,23.766666666666666,8.958460972092595
2024-11-11,105,Dual Monitor Arm,Accessories,28.0,64.99,7,27,0,11,11,4,0,20.0,28.0,12.0,20.0,31.857142857142858,7.861903319777188,27.142857142857142,11.33990328853849,23.466666666666665,8.927807520687104
2024-11-12,105,Dual Monitor Arm,Accessories,28.0,64.99,7,36,1,12,11,4,0,27.0,31.0,16.0,17.0,31.714285714285715,7.952238379104025,28.214285714285715,10.474721009161994,23.4,8.892460968087853
2024-11-13,105,Dual Monitor Arm,Accessories,28.0,64.99,7,27,2,13,11,4,0,36.0,33.0,16.0,14.0,32.42857142857143,8.100558475750137,29.642857142857142,10.035376983890073,23.9,9.170229192788822
2024-11-14,105,Dual Monitor Arm,Accessories,28.0,64.99,7,20,3,14,11,4,0,27.0,28.0,11.0,19.0,31.571428571428573,8.343802947040839,30.428571428571427,9.287827316640616,24.133333333333333,9.156619363112132
2024-11-15,105,Dual Monitor Arm,Accessories,28.0,64.99,7,36,4,15,11,4,0,20.0,44.0,47.0,24.0,30.428571428571427,9.396047801374472,31.071428571428573,8.07145288336313,24.233333333333334,9.092184341067581
2024-11-16,105,Dual Monitor Arm,Accessories,28.0,64.99,7,50,5,16,11,4,1,36.0,39.0,30.0,28.0,29.285714285714285,7.8254773169497485,30.285714285714285,6.843622201375833,24.966666666666665,9.125497939492327
2024-11-17,105,Dual Monitor Arm,Accessories,28.0,64.99,7,27,6,17,11,4,1,50.0,20.0,25.0,20.0,30.857142857142858,10.683766056164695,31.714285714285715,8.632929544915319,26.0,10.126782516571177
2024-11-18,105,Dual Monitor Arm,Accessories,28.0,64.99,7,26,0,18,11,4,0,27.0,27.0,28.0,14.0,31.857142857142858,9.788233947425018,31.857142857142858,8.529200006287345,26.1,10.121162533744995
2024-11-19,105,Dual Monitor Arm,Accessories,28.0,64.99,7,24,1,19,11,4,0,26.0,36.0,31.0,21.0,31.714285714285715,9.877825093178576,31.714285714285715,8.615090261847493,26.033333333333335,10.114800808829578
2024-11-20,105,Dual Monitor Arm,Accessories,28.0,64.99,7,33,2,20,11,4,0,24.0,27.0,33.0,18.0,30.0,10.049875621120881,31.214285714285715,8.859402405862953,26.166666666666668,10.058735552719382
2024-11-21,105,Dual Monitor Arm,Accessories,28.0,64.99,7,16,3,21,11,4,0,33.0,20.0,28.0,21.0,30.857142857142858,10.00714030794297,31.214285714285715,8.859402405862953,26.8,9.862503004675949
2024-11-22,105,Dual Monitor Arm,Accessories,28.0,64.99,7,38,4,22,11,4,0,16.0,36.0,44.0,18.0,30.285714285714285,10.812250547631686,30.357142857142858,9.731844183339073,26.633333333333333,10.005113635065593
2024-11-23,105,Dual Monitor Arm,Accessories,28.0,64.99,7,47,5,23,11,4,1,38.0,50.0,39.0,24.0,30.571428571428573,11.01297935554744,29.928571428571427,9.202543843243157,27.3,10.076089827254286
2024-11-24,105,Dual Monitor Arm,Accessories,28.0,64.99,7,28,6,24,11,4,1,47.0,27.0,20.0,16.0,30.142857142857142,10.155927192672118,30.5,10.02113151909884,28.166666666666668,10.619056823282037
2024-11-25,105,Dual Monitor Arm,Accessories,28.0,64.99,7,24,0,25,11,4,0,28.0,26.0,27.0,12.0,30.285714285714285,10.111285538352433,31.071428571428573,9.595385795861878,28.5,10.444434254499024
2024-11-26,105,Dual Monitor Arm,Accessories,28.0,64.99,7,27,1,26,11,4,0,24.0,24.0,36.0,16.0,30.0,10.27942929673951,30.857142857142858,9.725914177773005,28.5,10.444434254499024
2024-11-27,105,Dual Monitor Arm,Accessories,28.0,64.99,7,43,2,27,11,4,0,27.0,33.0,27.0,16.0,30.428571428571427,10.047506205640323,30.214285714285715,9.657030690550855,28.866666666666667,10.180215204463819
2024-11-28,105,Dual Monitor Arm,Accessories,28.0,64.99,7,31,3,28,11,4,0,43.0,16.0,20.0,11.0,31.857142857142858,11.126972805283728,31.357142857142858,10.179973876777261,29.9,9.980498225418769
2024-11-29,105,Dual Monitor Arm,Accessories,28.0,64.99,7,38,4,29,11,4,0,31.0,38.0,36.0,47.0,34.0,8.75595035770912,32.142857142857146,9.646499108741178,30.4,9.629695451194689
2024-11-30,105,Dual Monitor Arm,Accessories,28.0,64.99,7,43,5,30,11,4,1,38.0,47.0,50.0,30.0,34.0,8.75595035770912,32.285714285714285,9.722523979269571,31.133333333333333,9.328241632484875
2024-12-01,105,Dual Monitor Arm,Accessories,28.0,64.99,7,24,6,1,12,4,1,43.0,28.0,27.0,25.0,33.42857142857143,7.849780100044039,31.785714285714285,8.885412171112195,32.2,8.758837901189377
2024-12-02,105,Dual Monitor Arm,Accessories,28.0,64.99,7,28,0,2,12,4,0,24.0,24.0,26.0,28.0,32.857142857142854,8.434622525214566,31.571428571428573,9.044456744448343,31.433333333333334,8.418712053733593
2024-12-03,105,Dual Monitor Arm,Accessories,28.0,64.99,7,37,1,3,12,4,0,28.0,27.0,24.0,31.0,33.42857142857143,7.849780100044039,31.714285714285715,8.965133929486257,31.366666666666667,8.438349786921487
2024-12-04,105,Dual Monitor Arm,Accessories,28.0,64.99,7,18,2,4,12,4,0,37.0,43.0,33.0,33.0,34.857142857142854,7.380798769522864,32.642857142857146,8.77590357265181,31.766666666666666,8.410516132152448
2024-12-05,105,Dual Monitor Arm,Accessories,28.0,64.99,7,29,3,5,12,4,0,18.0,31.0,16.0,28.0,31.285714285714285,8.712333895390014,31.571428571428573,9.605401410859184,31.433333333333334,8.756015994272461
2024-12-06,105,Dual Monitor Arm,Accessories,28.0,64.99,7,44,4,6,12,4,0,29.0,38.0,38.0,44.0,31.0,8.755950357709123,32.5,8.555250299804616,31.366666666666667,8.767035960929498
2024-12-07,105,Dual Monitor Arm,Accessories,28.0,64.99,7,36,5,7,12,4,1,44.0,43.0,47.0,39.0,31.857142857142858,9.788233947425022,32.92857142857143,8.991143383388934,31.733333333333334,9.06274424958216
2024-12-08,105,Dual Monitor Arm,Accessories,28.0,64.99,7,19,6,8,12,4,1,36.0,24.0,28.0,20.0,30.857142857142858,8.764104278791054,32.142857142857146,8.103723198032432,32.0,9.06680189216271
2024-12-09,105,Dual Monitor Arm,Accessories,28.0,64.99,7,25,0,9,12,4,0,19.0,28.0,24.0,27.0,30.142857142857142,9.581728644118643,31.5,8.785915301908334,31.166666666666668,9.074721742987208
2024-12-10,105,Dual Monitor Arm,Accessories,28.0,64.99,7,21,1,10,12,4,0,25.0,37.0,27.0,36.0,29.714285714285715,9.759000729485326,31.571428571428573,8.724098240499671,30.7,9.017798492712814
2024-12-11,105,Dual Monitor Arm,Accessories,28.0,64.99,7,22,2,11,12,4,0,21.0,18.0,43.0,27.0,27.428571428571427,9.641181512261912,31.142857142857142,9.10500405826918,30.733333333333334,8.978646443313382
2024-12-12,105,Dual Monitor Arm,Accessories,28.0,64.99,7,24,3,12,12,4,0,22.0,29.0,31.0,20.0,28.0,9.0921211313239,29.642857142857142,8.723153477579425,30.566666666666666,9.095976121846212
2024-12-13,105,Dual Monitor Arm,Accessories,28.0,64.99,7,42,4,13,12,4,0,24.0,44.0,38.0,36.0,27.285714285714285,9.196272536817759,29.142857142857142,8.839223276502725,30.166666666666668,9.112641213449507
2024-12-14,105,Dual Monitor Arm,Accessories,28.0,64.99,7,44,5,14,12,4,1,42.0,36.0,43.0,50.0,27.0,8.602325267042625,29.428571428571427,9.204633329213834,30.666666666666668,9.341539906037601
2024-12-15,105,Dual Monitor Arm,Accessories,28.0,64.99,7,26,6,15,12,4,1,44.0,19.0,24.0,27.0,28.142857142857142,10.35098339013531,29.5,9.32119173628645,31.466666666666665,9.42386308274372
2024-12-16,105,Dual Monitor Arm,Accessories,28.0,64.99,7,26,0,16,12,4,0,26.0,25.0,28.0,26.0,29.142857142857142,9.63376996868431,29.642857142857142,9.245432492751293,31.133333333333333,9.434833965366009
2024-12-17,105,Dual Monitor Arm,Accessories,28.0,64.99,7,23,1,17,12,4,0,26.0,21.0,37.0,24.0,29.285714285714285,9.56929613772238,29.5,9.2881231026096,30.333333333333332,8.774309417106707
2024-12-18,105,Dual Monitor Arm,Accessories,28.0,64.99,7,30,2,18,12,4,0,23.0,22.0,18.0,33.0,29.571428571428573,9.306935457982261,28.5,9.171443976571195,30.2,8.85671379860193
2024-12-19,105,Dual Monitor Arm,Accessories,28.0,64.99,7,18,3,19,12,4,0,30.0,24.0,29.0,16.0,30.714285714285715,8.693182879212218,29.357142857142858,8.66120566182809,30.333333333333332,8.821342979049392
2024-12-20,105,Dual Monitor Arm,Accessories,28.0,64.99,7,41,4,20,12,4,0,18.0,42.0,44.0,38.0,29.857142857142858,9.702724212449667,28.571428571428573,9.179528106811139,30.133333333333333,9.035307499426702
2024-12-21,105,Dual Monitor Arm,Accessories,28.0,64.99,7,36,5,21,12,4,1,41.0,44.0,36.0,47.0,29.714285714285715,9.499373412920198,28.357142857142858,8.819620983109974,30.4,9.238599684905287
2024-12-22,105,Dual Monitor Arm,Accessories,28.0,64.99,7,29,6,22,12,4,1,36.0,26.0,19.0,28.0,28.571428571428573,7.828519290754426,28.357142857142858,8.819620983109974,31.066666666666666,8.878231158611957
2024-12-23,105,Dual Monitor Arm,Accessories,28.0,64.99,7,26,0,23,12,4,0,29.0,26.0,25.0,24.0,29.0,7.745966692414826,29.071428571428573,8.398390740669695,30.766666666666666,8.787464948999006
2024-12-24,105,Dual Monitor Arm,Accessories,28.0,64.99,7,25,1,24,12,4,0,26.0,23.0,21.0,27.0,29.0,7.745966692414826,29.142857142857142,8.365286724196691,30.066666666666666,8.270985153069727
2024-12-25,105,Dual Monitor Arm,Accessories,28.0,64.99,7,32,2,25,12,4,0,25.0,30.0,22.0,43.0,29.285714285714285,7.521398046336096,29.428571428571427,8.130798860498858,29.966666666666665,8.314853072014948
2024-12-26,105,Dual Monitor Arm,Accessories,28.0,64.99,7,22,3,26,12,4,0,32.0,18.0,24.0,31.0,29.571428571428573,7.590721152765887,30.142857142857142,7.862835100914633,30.233333333333334,8.244886956140833
2024-12-27,105,Dual Monitor Arm,Accessories,28.0,64.99,7,44,4,27,12,4,0,22.0,41.0,42.0,38.0,30.142857142857142,6.669047194029319,30.0,7.999999999999963,30.066666666666666,8.362202866566333
2024-12-28,105,Dual Monitor Arm,Accessories,28.0,64.99,7,37,5,28,12,4,1,44.0,36.0,44.0,43.0,30.571428571428573,7.524562952029005,30.142857142857142,8.24487853021628,30.1,8.417346620992392
2024-12-29,105,Dual Monitor Arm,Accessories,28.0,64.99,7,30,6,29,12,4,1,37.0,29.0,26.0,24.0,30.714285714285715,7.653197277702203,29.642857142857142,7.520302191730361,30.3,8.510237242934858
2024-12-30,105,Dual Monitor Arm,Accessories,28.0,64.99,7,37,0,30,12,4,0,30.0,26.0,26.0,28.0,30.857142857142858,7.62514636861857,29.928571428571427,7.446881492010154,30.033333333333335,8.385057865173016
2024-12-31,105,Dual Monitor Arm,Accessories,28.0,64.99,7,32,1,31,12,4,0,37.0,25.0,23.0,37.0,32.42857142857143,7.590721152765881,30.714285714285715,7.579614070026841,29.833333333333332,8.132876376837444
2025-01-01,105,Dual Monitor Arm,Accessories,28.0,64.99,7,9,2,1,1,1,0,32.0,32.0,30.0,18.0,33.42857142857143,6.876460883747832,31.357142857142858,7.249478950582891,30.1,8.06589242983417
2025-01-02,105,Dual Monitor Arm,Accessories,28.0,64.99,7,20,3,2,1,1,0,9.0,22.0,18.0,29.0,30.142857142857142,11.567606658662095,29.857142857142858,9.404230986080673,29.466666666666665,8.935528980475668
2025-01-03,105,Dual Monitor Arm,Accessories,28.0,64.99,7,26,4,3,1,1,0,20.0,44.0,41.0,44.0,29.857142857142858,11.824107738409849,30.0,9.22371525346064,28.9,8.980246521460748
2025-01-04,105,Dual Monitor Arm,Accessories,28.0,64.99,7,29,5,4,1,1,1,26.0,37.0,36.0,36.0,27.285714285714285,10.061714328984658,28.928571428571427,8.704236684726336,29.166666666666668,8.761527710170924
2025-01-05,105,Dual Monitor Arm,Accessories,28.0,64.99,7,16,6,5,1,1,1,29.0,30.0,29.0,19.0,26.142857142857142,9.191092996819828,28.428571428571427,8.4645349339672,29.166666666666668,8.761527710170924
2025-01-06,105,Dual Monitor Arm,Accessories,28.0,64.99,7,14,0,6,1,1,0,16.0,37.0,26.0,25.0,24.142857142857142,9.719886340703297,27.5,9.087184551714714,28.233333333333334,8.617077404114848
2025-01-07,105,Dual Monitor Arm,Accessories,28.0,64.99,7,11,1,7,1,1,0,14.0,32.0,25.0,21.0,20.857142857142858,8.454359258760578,26.642857142857142,9.779154775943963,27.5,8.865858575223438
2025-01-08,105,Dual Monitor Arm,Accessories,28.0,64.99,7,16,2,8,1,1,0,11.0,9.0,32.0,22.0,17.857142857142858,7.5150642363316384,25.642857142857142,10.638154429708623,27.233333333333334,9.24264230518579
2025-01-09,105,Dual Monitor Arm,Accessories,28.0,64.99,7,11,3,9,1,1,0,16.0,20.0,22.0,24.0,18.857142857142858,6.542898731412869,24.5,10.761398250584906,26.933333333333334,9.461112179768392
2025-01-10,105,Dual Monitor Arm,Accessories,28.0,64.99,7,34,4,10,1,1,0,11.0,26.0,44.0,42.0,17.571428571428573,7.138093649734594,23.714285714285715,11.343778853685322,26.6,9.845706223246944
2025-01-11,105,Dual Monitor Arm,Accessories,28.0,64.99,7,26,5,11,1,1,1,34.0,29.0,37.0,44.0,18.714285714285715,9.086882225022446,23.0,10.228166239135156,27.0,9.896011038936825
2025-01-12,105,Dual Monitor Arm,Accessories,28.0,64.99,7,15,6,12,1,1,1,26.0,16.0,30.0,26.0,18.285714285714285,8.577378887016062,22.214285714285715,9.4639280463206,27.066666666666666,9.88183053450344
2025-01-13,105,Dual Monitor Arm,Accessories,28.0,64.99,7,18,0,13,1,1,0,15.0,14.0,37.0,26.0,18.142857142857142,8.629958891917784,21.142857142857142,9.363243544324227,26.166666666666668,9.702766520993915
2025-01-14,105,Dual Monitor Arm,Accessories,28.0,64.99,7,16,1,14,1,1,0,18.0,11.0,32.0,23.0,18.714285714285715,8.440266301373173,19.785714285714285,8.191727266236057,25.3,9.203260291874873
2025-01-15,105,Dual Monitor Arm,Accessories,28.0,64.99,7,14,2,15,1,1,0,16.0,16.0,9.0,30.0,19.428571428571427,7.8709834806319625,18.642857142857142,7.438022305974588,24.966666666666665,9.356846408520578
2025-01-16,105,Dual Monitor Arm,Accessories,28.0,64.99,7,12,3,16,1,1,0,14.0,11.0,20.0,18.0,19.142857142857142,8.050436249640395,19.0,7.049277104236107,24.566666666666666,9.56532290614652
2025-01-17,105,Dual Monitor Arm,Accessories,28.0,64.99,7,26,4,17,1,1,0,12.0,34.0,26.0,41.0,19.285714285714285,7.889112449325053,18.428571428571427,7.282373722418175,24.2,9.834492431199033
2025-01-18,105,Dual Monitor Arm,Accessories,28.0,64.99,7,25,5,18,1,1,1,26.0,26.0,29.0,36.0,18.142857142857142,5.6694670951384385,18.428571428571427,7.282373722418175,24.066666666666666,9.780111180996073
2025-01-19,105,Dual Monitor Arm,Accessories,28.0,64.99,7,15,6,19,1,1,1,25.0,15.0,16.0,29.0,18.0,5.446711546122763,18.142857142857142,6.90437033119816,24.3,9.713659064111415
2025-01-20,105,Dual Monitor Arm,Accessories,28.0,64.99,7,14,0,20,1,1,0,15.0,18.0,14.0,26.0,18.0,5.446711546122763,18.071428571428573,6.933356227068409,23.433333333333334,9.324359396812214
2025-01-21,105,Dual Monitor Arm,Accessories,28.0,64.99,7,18,1,21,1,1,0,14.0,16.0,11.0,25.0,17.428571428571427,5.65264371355398,18.071428571428573,6.933356227068409,22.7,9.165715729149953
2025-01-22,105,Dual Monitor Arm,Accessories,28.0,64.99,7,16,2,22,1,1,0,18.0,14.0,16.0,32.0,17.714285714285715,5.618845839799214,18.571428571428573,6.629935441317937,22.333333333333332,9.124931112950529
2025-01-23,105,Dual Monitor Arm,Accessories,28.0,64.99,7,10,3,23,1,1,0,16.0,12.0,11.0,22.0,18.0,5.446711546122763,18.571428571428573,6.629935441317937,22.0,9.168912995401472
2025-01-24,105,Dual Monitor Arm,Accessories,28.0,64.99,7,21,4,24,1,1,0,10.0,26.0,34.0,44.0,17.714285714285715,5.851332774513478,18.5,6.7225224203648,21.5,9.405610944610663
2025-01-25,105,Dual Monitor Arm,Accessories,28.0,64.99,7,34,5,25,1,1,1,21.0,25.0,26.0,37.0,17.0,4.898979485566397,17.571428571428573,5.124815729734681,21.133333333333333,9.194201070964997
2025-01-26,105,Dual Monitor Arm,Accessories,28.0,64.99,7,21,6,26,1,1,1,34.0,15.0,15.0,30.0,18.285714285714285,7.718252948137221,18.142857142857142,6.419407387663672,21.533333333333335,9.489498127543115
2025-01-27,105,Dual Monitor Arm,Accessories,28.0,64.99,7,14,0,27,1,1,0,21.0,14.0,18.0,37.0,19.142857142857142,7.6251463686186,18.571428571428573,6.393678196399987,20.766666666666666,8.488057871903452
2025-01-28,105,Dual Monitor Arm,Accessories,28.0,64.99,7,23,1,28,1,1,0,14.0,18.0,16.0,32.0,19.142857142857142,7.6251463686186,18.285714285714285,6.509502774684568,20.0,7.995688493354349
2025-01-29,105,Dual Monitor Arm,Accessories,28.0,64.99,7,23,2,29,1,1,0,23.0,16.0,14.0,9.0,19.857142857142858,7.733661733585459,18.785714285714285,6.588785010310142,19.766666666666666,7.793380627763275
2025-01-30,105,Dual Monitor Arm,Accessories,28.0,64.99,7,15,3,30,1,1,0,23.0,10.0,12.0,20.0,20.857142857142858,7.603257447273767,19.428571428571427,6.524678426668111,19.3,7.115548782965309
2025-01-31,105,Dual Monitor Arm,Accessories,28.0,64.99,7,24,4,31,1,1,0,15.0,21.0,26.0,26.0,21.571428571428573,6.579187965525414,19.642857142857142,6.307591797644642,18.733333333333334,6.736075463033249
2025-02-01,105,Dual Monitor Arm,Accessories,28.0,64.99,7,23,5,1,2,1,1,24.0,34.0,25.0,29.0,22.0,6.63324958071081,19.5,6.1737658374272915,19.233333333333334,6.5426101157288326
2025-02-02,105,Dual Monitor Arm,Accessories,28.0,64.99,7,18,6,2,2,1,1,23.0,21.0,15.0,16.0,20.428571428571427,4.157609203101525,19.357142857142858,6.058778029338169,19.333333333333332,6.577565493105517
2025-02-03,105,Dual Monitor Arm,Accessories,28.0,64.99,7,24,0,3,2,1,0,18.0,14.0,14.0,14.0,20.0,4.242640687119312,19.571428571428573,5.9448010345729,19.066666666666666,6.459066513814943
2025-02-04,105,Dual Monitor Arm,Accessories,28.0,64.99,7,19,1,4,2,1,0,24.0,23.0,18.0,11.0,21.428571428571427,3.5050983275386796,20.285714285714285,5.823408616273426,18.9,6.255204729415097
2025-02-05,105,Dual Monitor Arm,Accessories,28.0,64.99,7,18,2,5,2,1,0,19.0,23.0,16.0,16.0,20.857142857142858,3.5321651258386355,20.357142857142858,5.799298934515085,19.0,6.231178556813872
2025-02-06,105,Dual Monitor Arm,Accessories,28.0,64.99,7,18,3,6,2,1,0,18.0,15.0,10.0,11.0,20.142857142857142,3.53216512583864,20.5,5.707619738290449,19.133333333333333,6.162922131213631
2025-02-07,105,Dual Monitor Arm,Accessories,28.0,64.99,7,22,4,7,2,1,0,18.0,24.0,21.0,34.0,20.571428571428573,2.935821455580673,21.071428571428573,4.921917789365683,19.366666666666667,5.973985750495804
2025-02-08,105,Dual Monitor Arm,Accessories,28.0,64.99,7,18,5,8,2,1,1,22.0,23.0,34.0,26.0,20.285714285714285,2.627691364061259,21.142857142857142,4.928053803045775,19.566666666666666,5.957801800903674
2025-02-09,105,Dual Monitor Arm,Accessories,28.0,64.99,7,10,6,9,2,1,1,18.0,18.0,21.0,15.0,19.571428571428573,2.4397501823713825,20.0,3.305007855221618,19.8,5.743962347393684
2025-02-10,105,Dual Monitor Arm,Accessories,28.0,64.99,7,14,0,10,2,1,0,10.0,24.0,14.0,18.0,18.428571428571427,4.391550328268431,19.214285714285715,4.227721179740461,19.0,5.356272507295931
2025-02-11,105,Dual Monitor Arm,Accessories,28.0,64.99,7,23,1,11,2,1,0,14.0,19.0,23.0,16.0,17.0,3.8729833462074583,19.214285714285715,4.227721179740461,18.6,5.262751345459744
2025-02-12,105,Dual Monitor Arm,Accessories,28.0,64.99,7,18,2,12,2,1,0,23.0,18.0,23.0,14.0,17.571428571428573,4.466808810815755,19.214285714285715,4.227721179740461,18.866666666666667,5.276710922622157
2025-02-13,105,Dual Monitor Arm,Accessories,28.0,64.99,7,20,3,13,2,1,0,18.0,18.0,15.0,12.0,17.571428571428573,4.466808810815755,18.857142857142858,4.092340741831313,18.866666666666667,5.276710922622157
2025-02-14,105,Dual Monitor Arm,Accessories,28.0,64.99,7,16,4,14,2,1,0,20.0,22.0,24.0,26.0,17.857142857142858,4.5617456975947395,19.214285714285715,3.9453686856786607,19.0,5.252257314388944
2025-02-15,105,Dual Monitor Arm,Accessories,28.0,64.99,7,21,5,15,2,1,1,16.0,18.0,23.0,25.0,17.0,4.2031734043062015,18.642857142857142,3.7745533175797727,19.066666666666666,5.199027318400214
2025-02-16,105,Dual Monitor Arm,Accessories,28.0,64.99,7,16,6,16,2,1,1,21.0,10.0,18.0,15.0,17.428571428571427,4.466808810815755,18.5,3.632121651639358,19.366666666666667,5.0342505063733185
2025-02-17,105,Dual Monitor Arm,Accessories,28.0,64.99,7,22,0,17,2,1,0,16.0,14.0,24.0,14.0,18.285714285714285,3.1997023671109672,18.357142857142858,3.69213598501841,19.033333333333335,4.909409216043735
2025-02-18,105,Dual Monitor Arm,Accessories,28.0,64.99,7,16,1,18,2,1,0,22.0,23.0,19.0,18.0,19.428571428571427,2.8199966227606046,18.214285714285715,3.4901745918103324,18.933333333333334,4.813295761944665
2025-02-19,105,Dual Monitor Arm,Accessories,28.0,64.99,7,13,2,19,2,1,0,16.0,18.0,18.0,16.0,18.428571428571427,2.572750982712455,18.0,3.5300904324872775,18.966666666666665,4.788515955645519
2025-02-20,105,Dual Monitor Arm,Accessories,28.0,64.99,7,14,3,20,2,1,0,13.0,20.0,18.0,10.0,17.714285714285715,3.3022358947782946,17.642857142857142,3.7745533175797785,18.933333333333334,4.82760262722992
2025-02-21,105,Dual Monitor Arm,Accessories,28.0,64.99,7,25,4,21,2,1,0,14.0,16.0,22.0,21.0,16.857142857142858,3.3876526498728867,17.357142857142858,3.894910739712715,18.8,4.908823863629491
2025-02-22,105,Dual Monitor Arm,Accessories,28.0,64.99,7,22,5,22,2,1,1,25.0,21.0,18.0,34.0,18.142857142857142,4.525062483125594,17.571428571428573,4.237457251234958,19.1,5.0058586366032785
2025-02-23,105,Dual Monitor Arm,Accessories,28.0,64.99,7,16,6,23,2,1,1,22.0,16.0,10.0,21.0,18.285714285714285,4.644505202002563,17.857142857142858,4.400299690093519,19.5,4.7252075305638215
2025-02-24,105,Dual Monitor Arm,Accessories,28.0,64.99,7,20,0,24,2,1,0,16.0,22.0,14.0,14.0,18.285714285714285,4.644505202002563,18.285714285714285,3.8316208947804866,19.333333333333332,4.75853739723878
2025-02-25,105,Dual Monitor Arm,Accessories,28.0,64.99,7,14,1,25,2,1,0,20.0,16.0,23.0,23.0,18.0,4.434711565216723,18.714285714285715,3.6464644927248386,18.866666666666667,3.8750602516636348
2025-02-26,105,Dual Monitor Arm,Accessories,28.0,64.99,7,13,2,26,2,1,0,14.0,13.0,18.0,23.0,17.714285714285715,4.644505202002564,18.071428571428573,3.626065587982572,18.633333333333333,3.952156402508064
2025-02-27,105,Dual Monitor Arm,Accessories,28.0,64.99,7,20,3,27,2,1,0,13.0,14.0,20.0,15.0,17.714285714285715,4.644505202002564,17.714285714285715,3.8715644110631495,18.6,3.996550236529484
2025-02-28,105,Dual Monitor Arm,Accessories,28.0,64.99,7,30,4,28,2,1,0,20.0,25.0,16.0,24.0,18.571428571428573,4.391550328268432,17.714285714285715,3.8715644110631495,18.5,3.919447533201288
2025-03-01,105,Dual Monitor Arm,Accessories,28.0,64.99,7,26,5,1,3,1,1,30.0,22.0,21.0,23.0,19.285714285714285,5.794085654478094,18.714285714285715,5.029582815373757,18.733333333333334,4.37810645050511
2025-03-02,105,Dual Monitor Arm,Accessories,28.0,64.99,7,12,6,2,3,1,1,26.0,16.0,16.0,18.0,19.857142857142858,6.283008075451657,19.071428571428573,5.370350020311436,19.1,4.513199033639204
2025-03-03,105,Dual Monitor Arm,Accessories,28.0,64.99,7,19,0,3,3,1,0,12.0,20.0,22.0,24.0,19.285714285714285,6.848705126136047,18.785714285714285,5.645673243611083,18.7,4.594974766356036
2025-03-04,105,Dual Monitor Arm,Accessories,28.0,64.99,7,21,1,4,3,1,0,19.0,14.0,16.0,19.0,19.142857142857142,6.841748592978558,18.571428571428573,5.570724103109645,18.566666666666666,4.523374795463041
2025-03-05,105,Dual Monitor Arm,Accessories,28.0,64.99,7,14,2,5,3,1,0,21.0,13.0,13.0,18.0,20.142857142857142,6.466028441750319,18.928571428571427,5.55343671438318,18.666666666666668,4.543531463621658
2025-03-06,105,Dual Monitor Arm,Accessories,28.0,64.99,7,18,3,6,3,1,0,14.0,20.0,14.0,18.0,20.285714285714285,6.290582530372591,19.0,5.477225575051634,18.333333333333332,4.505424572081198
2025-03-07,105,Dual Monitor Arm,Accessories,28.0,64.99,7,28,4,7,3,1,0,18.0,30.0,25.0,22.0,20.0,6.350852961085904,19.285714285714285,5.29772914237164,18.3,4.5040211918409225
2025-03-08,105,Dual Monitor Arm,Accessories,28.0,64.99,7,27,5,8,3,1,1,28.0,26.0,22.0,18.0,19.714285714285715,5.8513327745134704,19.5,5.598763599773929,18.633333333333333,4.838661351878363
2025-03-09,105,Dual Monitor Arm,Accessories,28.0,64.99,7,14,6,9,3,1,1,27.0,12.0,16.0,10.0,19.857142857142858,6.039552175136062,19.857142857142858,5.920721666734953,18.933333333333334,5.071443604131423
2025-03-10,105,Dual Monitor Arm,Accessories,28.0,64.99,7,20,0,10,3,1,0,14.0,19.0,20.0,14.0,20.142857142857142,5.639993245521138,19.714285714285715,6.0437962016825315,18.666666666666668,5.114774632398803
2025-03-11,105,Dual Monitor Arm,Accessories,28.0,64.99,7,17,1,11,3,1,0,20.0,21.0,14.0,23.0,20.285714285714285,5.618845839799205,19.714285714285715,6.0437962016825315,18.733333333333334,5.118818110714146
2025-03-12,105,Dual Monitor Arm,Accessories,28.0,64.99,7,16,2,12,3,1,0,17.0,14.0,13.0,18.0,19.714285714285715,5.736267244886885,19.928571428571427,5.876475732355805,18.966666666666665,4.859993850807376
2025-03-13,105,Dual Monitor Arm,Accessories,28.0,64.99,7,21,3,13,3,1,0,16.0,18.0,20.0,20.0,20.0,5.446711546122755,20.142857142857142,5.654911314779536,19.033333333333335,4.802896635568423
2025-03-14,105,Dual Monitor Arm,Accessories,28.0,64.99,7,22,4,14,3,1,0,21.0,28.0,30.0,16.0,20.428571428571427,5.380741673076417,20.214285714285715,5.659281979851523,18.966666666666665,4.759624248667766
2025-03-15,105,Dual Monitor Arm,Accessories,28.0,64.99,7,36,5,15,3,1,1,22.0,27.0,26.0,21.0,19.571428571428573,4.353433237386469,19.642857142857142,4.955294648650545,19.1,4.78755570778794
2025-03-16,105,Dual Monitor Arm,Accessories,28.0,64.99,7,27,6,16,3,1,1,36.0,14.0,12.0,16.0,20.857142857142858,7.267016155859573,20.357142857142858,6.4403433121240985,19.633333333333333,5.696237919608179
2025-03-17,105,Dual Monitor Arm,Accessories,28.0,64.99,7,22,0,17,3,1,0,27.0,20.0,19.0,22.0,22.714285714285715,6.872997543873811,21.428571428571427,6.185768849846867,20.0,5.807248740241373
2025-03-18,105,Dual Monitor Arm,Accessories,28.0,64.99,7,21,1,18,3,1,0,22.0,17.0,21.0,16.0,23.0,6.7823299831252815,21.642857142857142,6.147008563985724,20.033333333333335,5.8160499294288845
2025-03-19,105,Dual Monitor Arm,Accessories,28.0,64.99,7,17,2,19,3,1,0,21.0,16.0,14.0,13.0,23.571428571428573,6.347102826149459,21.642857142857142,6.147008563985724,20.2,5.76792558180512
2025-03-20,105,Dual Monitor Arm,Accessories,28.0,64.99,7,24,3,20,3,1,0,17.0,21.0,18.0,14.0,23.714285714285715,6.156684327197722,21.857142857142858,5.907715201420803,20.033333333333335,5.786329509749927
2025-03-21,105,Dual Monitor Arm,Accessories,28.0,64.99,7,30,4,21,3,1,0,24.0,22.0,28.0,25.0,24.142857142857142,6.039552175136053,22.285714285714285,5.823408616273412,20.3,5.778378247606706
2025-03-22,105,Dual Monitor Arm,Accessories,28.0,64.99,7,27,5,22,3,1,1,30.0,36.0,27.0,22.0,25.285714285714285,6.317021600783238,22.428571428571427,5.996335877520827,20.866666666666667,5.870636065716605
2025-03-23,105,Dual Monitor Arm,Accessories,28.0,64.99,7,14,6,23,3,1,1,27.0,27.0,14.0,16.0,24.0,4.396968652757656,22.428571428571427,5.996335877520827,21.3,5.825923043633982
2025-03-24,105,Dual Monitor Arm,Accessories,28.0,64.99,7,21,0,24,3,1,0,14.0,22.0,20.0,20.0,22.142857142857142,5.520524474738853,22.428571428571427,5.996335877520827,20.933333333333334,5.930245871121586
2025-03-25,105,Dual Monitor Arm,Accessories,28.0,64.99,7,16,1,25,3,1,0,21.0,21.0,17.0,14.0,22.0,5.537749241945402,22.5,5.971084169047163,20.9,5.926852976656089
2025-03-26,105,Dual Monitor Arm,Accessories,28.0,64.99,7,22,2,26,3,1,0,16.0,17.0,16.0,13.0,21.285714285714285,5.992058236095685,22.428571428571427,6.047431568147595,20.9,5.926852976656089
2025-03-27,105,Dual Monitor Arm,Accessories,28.0,64.99,7,19,3,27,3,1,0,22.0,24.0,21.0,20.0,22.0,5.686240703077345,22.857142857142858,5.762706934140473,20.966666666666665,5.927628666608258
2025-03-28,105,Dual Monitor Arm,Accessories,28.0,64.99,7,23,4,28,3,1,0,19.0,30.0,22.0,30.0,21.285714285714285,5.7071383872680705,22.714285714285715,5.836602955995341,21.133333333333333,5.7937739075627235
2025-03-29,105,Dual Monitor Arm,Accessories,28.0,64.99,7,29,5,29,3,1,1,23.0,27.0,36.0,26.0,20.285714285714285,4.386125310350296,22.785714285714285,5.833307168962733,21.466666666666665,5.59392116703383
2025-03-30,105,Dual Monitor Arm,Accessories,28.0,64.99,7,25,6,30,3,1,1,29.0,14.0,27.0,12.0,20.571428571428573,4.928053803045836,22.285714285714285,4.826665857162976,21.766666666666666,5.75166142913532
2025-03-31,105,Dual Monitor Arm,Accessories,28.0,64.99,7,20,0,31,3,1,0,25.0,21.0,22.0,19.0,22.142857142857142,4.180453381654995,22.142857142857142,4.7044519480878595,21.6,5.574572814930859
2025-04-01,105,Dual Monitor Arm,Accessories,28.0,64.99,7,21,1,1,4,2,0,20.0,16.0,21.0,21.0,22.0,4.2426406871193105,22.0,4.7393605540766774,21.4,5.518620517284526
2025-04-02,105,Dual Monitor Arm,Accessories,28.0,64.99,7,21,2,2,4,2,0,21.0,22.0,17.0,14.0,22.714285714285715,3.4016802570830733,22.0,4.7393605540766774,21.7,5.22691971003698
2025-04-03,105,Dual Monitor Arm,Accessories,28.0,64.99,7,13,3,3,4,2,0,21.0,19.0,24.0,18.0,22.571428571428573,3.4572215654165337,22.285714285714285,4.530725386455467,21.766666666666666,5.203999346214693
2025-04-04,105,Dual Monitor Arm,Accessories,28.0,64.99,7,30,4,4,4,2,0,13.0,23.0,30.0,28.0,21.714285714285715,4.923220007078239,21.5,5.125351770291512,21.5,5.444073018841995
2025-04-05,105,Dual Monitor Arm,Accessories,28.0,64.99,7,24,5,5,4,2,1,30.0,29.0,27.0,27.0,22.714285714285715,5.851332774513464,21.5,5.125351770291512,22.033333333333335,5.467668817590478
2025-04-06,105,Dual Monitor Arm,Accessories,28.0,64.99,7,16,6,6,4,2,1,24.0,25.0,14.0,14.0,22.0,5.228129047119395,21.285714285714285,4.93696530002247,22.233333333333334,5.424613975354364
2025-04-07,105,Dual Monitor Arm,Accessories,28.0,64.99,7,27,0,7,4,2,0,16.0,20.0,21.0,20.0,20.714285714285715,5.468524655221201,21.428571428571427,4.73472094400314,21.833333333333332,5.42715606819137
2025-04-08,105,Dual Monitor Arm,Accessories,28.0,64.99,7,17,1,8,4,2,0,27.0,21.0,16.0,17.0,21.714285714285715,5.936168397046655,21.857142857142858,4.959173982973992,21.833333333333332,5.42715606819137
2025-04-09,105,Dual Monitor Arm,Accessories,28.0,64.99,7,26,2,9,4,2,0,17.0,21.0,22.0,16.0,21.142857142857142,6.20291790016527,21.928571428571427,4.874806279611098,21.933333333333334,5.304086474911019
2025-04-10,105,Dual Monitor Arm,Accessories,28.0,64.99,7,15,3,10,4,2,0,26.0,13.0,19.0,21.0,21.857142857142858,6.466028441750318,22.214285714285715,4.995052497276576,22.133333333333333,5.3416601664027645
2025-04-11,105,Dual Monitor Arm,Accessories,28.0,64.99,7,26,4,11,4,2,0,15.0,30.0,23.0,22.0,22.142857142857142,6.039552175136058,21.928571428571427,5.298247688757869,22.066666666666666,5.419844337587459
2025-04-12,105,Dual Monitor Arm,Accessories,28.0,64.99,7,32,5,12,4,2,1,26.0,24.0,29.0,36.0,21.571428571428573,5.318431562567531,22.142857142857142,5.404515816314235,22.4,5.340799371913832
2025-04-13,105,Dual Monitor Arm,Accessories,28.0,64.99,7,15,6,13,4,2,1,32.0,16.0,25.0,27.0,22.714285714285715,6.626066850308869,22.357142857142858,5.745997173379309,22.766666666666666,5.612076469440816
2025-04-14,105,Dual Monitor Arm,Accessories,28.0,64.99,7,21,0,14,4,2,0,15.0,27.0,20.0,22.0,22.571428571428573,6.803360514166105,21.642857142857142,6.007778840254203,22.533333333333335,5.787819155322094
2025-04-15,105,Dual Monitor Arm,Accessories,28.0,64.99,7,18,1,15,4,2,0,21.0,17.0,21.0,21.0,21.714285714285715,6.524678426668152,21.714285714285715,5.992669514672694,22.033333333333335,5.202673936732409
2025-04-16,105,Dual Monitor Arm,Accessories,28.0,64.99,7,17,2,16,4,2,0,18.0,26.0,21.0,17.0,21.857142857142858,6.414269805898202,21.5,6.073270567380886,21.733333333333334,5.165758170033226
2025-04-17,105,Dual Monitor Arm,Accessories,28.0,64.99,7,26,3,17,4,2,0,17.0,15.0,13.0,24.0,20.571428571428573,6.347102826149465,21.214285714285715,6.191539779018173,21.566666666666666,5.237025566255128
2025-04-18,105,Dual Monitor Arm,Accessories,28.0,64.99,7,27,4,18,4,2,0,26.0,26.0,30.0,30.0,22.142857142857142,6.094494002200458,22.142857142857142,5.829066990352872,21.733333333333334,5.297581317553569
2025-04-19,105,Dual Monitor Arm,Accessories,28.0,64.99,7,39,5,19,4,2,1,27.0,32.0,24.0,27.0,22.285714285714285,6.210590034081204,21.928571428571427,5.5672709198048755,22.066666666666666,5.30408647491102
2025-04-20,105,Dual Monitor Arm,Accessories,28.0,64.99,7,18,6,20,4,2,1,39.0,15.0,16.0,14.0,23.285714285714285,8.260635280539592,23.0,7.200427337745538,22.566666666666666,6.134601318205938
2025-04-21,105,Dual Monitor Arm,Accessories,28.0,64.99,7,20,0,21,4,2,0,18.0,21.0,27.0,21.0,23.714285714285715,7.825477316949772,23.142857142857142,7.0695135602120045,22.166666666666668,6.0234217182099234
2025-04-22,105,Dual Monitor Arm,Accessories,28.0,64.99,7,20,1,22,4,2,0,20.0,18.0,17.0,16.0,23.571428571428573,7.892129895390373,22.642857142857142,7.023117244085797,21.933333333333334,5.965032204054138
2025-04-23,105,Dual Monitor Arm,Accessories,28.0,64.99,7,19,2,23,4,2,0,20.0,17.0,26.0,22.0,23.857142857142858,7.69043933353988,22.857142857142858,6.882051827953406,22.133333333333333,5.787819155322091
2025-04-24,105,Dual Monitor Arm,Accessories,28.0,64.99,7,25,3,24,4,2,0,19.0,26.0,15.0,19.0,24.142857142857142,7.425823667638312,22.357142857142858,6.890429738268975,22.066666666666666,5.8127881216441315
2025-04-25,105,Dual Monitor Arm,Accessories,28.0,64.99,7,25,4,25,4,2,0,25.0,27.0,26.0,23.0,24.0,7.393691004272956,23.071428571428573,6.580440547729098,22.366666666666667,5.720401079098197
2025-04-26,105,Dual Monitor Arm,Accessories,28.0,64.99,7,35,5,26,4,2,1,25.0,39.0,32.0,29.0,23.714285714285715,7.296444013222839,23.0,6.551570569189982,22.466666666666665,5.739958748700404
2025-04-27,105,Dual Monitor Arm,Accessories,28.0,64.99,7,18,6,27,4,2,1,35.0,18.0,15.0,25.0,23.142857142857142,5.928141120356137,23.214285714285715,6.907950507913301,23.0,6.136381051873637
2025-04-28,105,Dual Monitor Arm,Accessories,28.0,64.99,7,23,0,28,4,2,0,18.0,20.0,21.0,20.0,23.142857142857142,5.928141120356137,23.428571428571427,6.676183683170197,22.833333333333332,6.203910520560974
2025-04-29,105,Dual Monitor Arm,Accessories,28.0,64.99,7,17,1,29,4,2,0,23.0,20.0,18.0,21.0,23.571428571428573,5.769377287516778,23.571428571428573,6.641527693978961,22.633333333333333,6.093995537346257
2025-04-30,105,Dual Monitor Arm,Accessories,28.0,64.99,7,24,2,30,4,2,0,17.0,19.0,17.0,21.0,23.142857142857142,6.175990377490668,23.5,6.7110700740240326,22.366666666666667,6.161523173379504
2025-05-01,105,Dual Monitor Arm,Accessories,28.0,64.99,7,26,3,1,5,2,0,24.0,25.0,26.0,13.0,23.857142857142858,5.8999596447369,24.0,6.445033866354846,22.5,6.151814983093004
2025-05-02,105,Dual Monitor Arm,Accessories,28.0,64.99,7,40,4,2,5,2,0,26.0,25.0,27.0,30.0,24.0,5.944184833375683,24.0,6.445033866354846,22.666666666666668,6.177452512179319
2025-05-03,105,Dual Monitor Arm,Accessories,28.0,64.99,7,26,5,3,5,2,1,40.0,35.0,39.0,24.0,26.142857142857142,8.513294924774465,24.928571428571427,7.72074414223716,23.3,6.928949763678975
2025-05-04,105,Dual Monitor Arm,Accessories,28.0,64.99,7,16,6,4,5,2,1,26.0,18.0,18.0,16.0,24.857142857142858,7.581305327988753,24.0,6.598368096617595,23.733333333333334,6.66402246412027
2025-05-05,105,Dual Monitor Arm,Accessories,28.0,64.99,7,16,0,5,5,2,0,16.0,23.0,20.0,27.0,24.571428571428573,7.913219801006907,23.857142857142858,6.7579826627721555,23.266666666666666,6.700145821024288
2025-05-06,105,Dual Monitor Arm,Accessories,28.0,64.99,7,18,1,6,5,2,0,16.0,17.0,20.0,17.0,23.571428571428573,8.560707580902086,23.571428571428573,7.013331104889642,23.0,6.827934508705625
2025-05-07,105,Dual Monitor Arm,Accessories,28.0,64.99,7,25,2,7,5,2,0,18.0,24.0,19.0,26.0,23.714285714285715,8.440266301373162,23.428571428571427,7.111359122659181,23.066666666666666,6.76672045729149
2025-05-08,105,Dual Monitor Arm,Accessories,28.0,64.99,7,16,3,8,5,2,0,25.0,26.0,25.0,15.0,23.857142857142858,8.454359258760574,23.857142857142858,7.003923547194416,23.0,6.736416728857286
2025-05-09,105,Dual Monitor Arm,Accessories,28.0,64.99,7,20,4,9,5,2,0,16.0,40.0,25.0,26.0,22.428571428571427,8.866738273967929,23.214285714285715,7.297824453783549,22.966666666666665,6.769522640601027
2025-05-10,105,Dual Monitor Arm,Accessories,28.0,64.99,7,21,5,10,5,2,1,20.0,26.0,35.0,32.0,19.571428571428573,4.3149794459589,22.857142857142858,7.326003663002708,22.766666666666666,6.7654463539235
2025-05-11,105,Dual Monitor Arm,Accessories,28.0,64.99,7,16,6,11,5,2,1,21.0,16.0,18.0,15.0,18.857142857142858,3.387652649872864,21.857142857142858,6.4433286053470065,22.966666666666665,6.614943028051603
2025-05-12,105,Dual Monitor Arm,Accessories,28.0,64.99,7,20,0,12,5,2,0,16.0,16.0,23.0,21.0,18.857142857142858,3.387652649872864,21.714285714285715,6.556600566529158,22.633333333333333,6.708118258849745
2025-05-13,105,Dual Monitor Arm,Accessories,28.0,64.99,7,23,1,13,5,2,0,20.0,18.0,17.0,18.0,19.428571428571427,3.154739442867051,21.5,6.560370533625448,22.233333333333334,6.484375562595235
2025-05-14,105,Dual Monitor Arm,Accessories,28.0,64.99,7,17,2,14,5,2,0,23.0,25.0,24.0,17.0,20.142857142857142,3.3380918415851446,21.928571428571427,6.438636808831776,22.5,6.339531147680755
2025-05-15,105,Dual Monitor Arm,Accessories,28.0,64.99,7,22,3,15,5,2,0,17.0,16.0,26.0,26.0,19.0,2.7080128015453493,21.428571428571427,6.536457352823029,22.366666666666667,6.413796193300507
2025-05-16,105,Dual Monitor Arm,Accessories,28.0,64.99,7,25,4,16,5,2,0,22.0,20.0,40.0,27.0,19.857142857142858,2.544836041121438,21.142857142857142,6.407413288913443,22.5,6.36125123237402
2025-05-17,105,Dual Monitor Arm,Accessories,28.0,64.99,7,32,5,17,5,2,1,25.0,21.0,26.0,39.0,20.571428571428573,3.2071349029491167,20.071428571428573,3.689158455513901,22.766666666666666,6.290021289001544
2025-05-18,105,Dual Monitor Arm,Accessories,28.0,64.99,7,13,6,18,5,2,1,32.0,16.0,16.0,18.0,22.142857142857142,5.398412465054638,20.5,4.653369333487912,22.966666666666665,6.488628425990766
2025-05-19,105,Dual Monitor Arm,Accessories,28.0,64.99,7,15,0,19,5,2,0,13.0,20.0,16.0,20.0,21.714285714285715,6.047431568147648,20.285714285714285,4.936965300022471,22.5,6.688899708498065
2025-05-20,105,Dual Monitor Arm,Accessories,28.0,64.99,7,15,1,20,5,2,0,15.0,23.0,18.0,20.0,21.0,6.557438524302012,20.214285714285715,5.0104286846930775,21.7,6.052357762290598
2025-05-21,105,Dual Monitor Arm,Accessories,28.0,64.99,7,13,2,21,5,2,0,15.0,17.0,25.0,19.0,19.857142857142858,6.841748592978548,20.0,5.173898991015419,21.6,6.139751764048654
2025-05-22,105,Dual Monitor Arm,Accessories,28.0,64.99,7,13,3,22,5,2,0,13.0,22.0,16.0,25.0,19.285714285714285,7.273565968956495,19.142857142857142,5.274862635574077,21.366666666666667,6.332637590339063
2025-05-23,105,Dual Monitor Arm,Accessories,28.0,64.99,7,18,4,23,5,2,0,13.0,25.0,20.0,25.0,18.0,7.505553499465143,18.928571428571427,5.469696739087287,21.133333333333333,6.511175185698138
2025-05-24,105,Dual Monitor Arm,Accessories,28.0,64.99,7,29,5,24,5,2,1,18.0,32.0,21.0,35.0,17.0,6.855654600401052,18.785714285714285,5.465677119408543,21.1,6.525018166179013
2025-05-25,105,Dual Monitor Arm,Accessories,28.0,64.99,7,23,6,25,5,2,1,29.0,13.0,16.0,18.0,16.571428571428573,5.769377287516772,19.357142857142858,6.096747466504524,21.233333333333334,6.647184176120365
2025-05-26,105,Dual Monitor Arm,Accessories,28.0,64.99,7,18,0,26,5,2,0,23.0,15.0,20.0,23.0,18.0,5.9721576223896475,19.857142857142858,6.08727731050136,21.166666666666668,6.618070003763427
2025-05-27,105,Dual Monitor Arm,Accessories,28.0,64.99,7,28,1,27,5,2,0,18.0,15.0,23.0,17.0,18.428571428571427,5.826867164470206,19.714285714285715,6.107102692496904,20.6,6.100310902195793
2025-05-28,105,Dual Monitor Arm,Accessories,28.0,64.99,7,20,2,28,5,2,0,28.0,13.0,17.0,24.0,20.285714285714285,6.575568054403768,20.071428571428573,6.450572851296985,20.933333333333334,6.225272924820754
2025-05-29,105,Dual Monitor Arm,Accessories,28.0,64.99,7,16,3,29,5,2,0,20.0,13.0,22.0,26.0,21.285714285714285,5.765248931147323,20.285714285714285,6.390239810458167,20.833333333333332,6.2150170379178995
2025-05-30,105,Dual Monitor Arm,Accessories,28.0,64.99,7,21,4,30,5,2,0,16.0,18.0,25.0,40.0,21.714285714285715,5.122313465427058,19.857142857142858,6.467161342055372,20.8,6.238921215325216
2025-05-31,105,Dual Monitor Arm,Accessories,28.0,64.99,7,22,5,31,5,2,1,21.0,29.0,32.0,26.0,22.142857142857142,4.879500364742678,19.571428571428573,6.308898303364657,20.7,6.209836468500424
2025-06-01,105,Dual Monitor Arm,Accessories,28.0,64.99,7,22,6,1,6,2,1,22.0,23.0,13.0,16.0,21.142857142857142,3.84831441146951,18.857142857142858,5.2748626355740775,20.566666666666666,6.134601318205928
2025-06-02,105,Dual Monitor Arm,Accessories,28.0,64.99,7,20,0,2,6,2,0,22.0,18.0,15.0,16.0,21.0,3.7859388972001966,19.5,5.049752469181003,19.966666666666665,4.930435619932523
2025-06-03,105,Dual Monitor Arm,Accessories,28.0,64.99,7,18,1,3,6,2,0,20.0,28.0,15.0,18.0,21.285714285714285,3.5923198500080713,19.857142857142858,4.881001518559018,19.766666666666666,4.797149536773006
2025-06-04,105,Dual Monitor Arm,Accessories,28.0,64.99,7,14,2,4,6,2,0,18.0,20.0,13.0,25.0,19.857142857142858,2.1930626551751553,20.071428571428573,4.714368963633874,19.833333333333332,4.7567254263421335
2025-06-05,105,Dual Monitor Arm,Accessories,28.0,64.99,7,25,3,5,6,2,0,14.0,16.0,13.0,16.0,19.0,3.1091263510296177,20.142857142857142,4.605300338608853,19.766666666666666,4.82581658863316
2025-06-06,105,Dual Monitor Arm,Accessories,28.0,64.99,7,22,4,6,6,2,0,25.0,21.0,18.0,20.0,20.285714285714285,3.4982989063393846,21.0,4.278748918514833,20.0,4.906013199864217
2025-06-07,105,Dual Monitor Arm,Accessories,28.0,64.99,7,35,5,7,6,2,1,22.0,22.0,29.0,21.0,20.428571428571427,3.5523298860111114,21.285714285714285,4.195759240518353,19.9,4.8305778907519175
2025-06-08,105,Dual Monitor Arm,Accessories,28.0,64.99,7,20,6,8,6,2,1,35.0,22.0,23.0,16.0,22.285714285714285,6.600865744084536,21.714285714285715,5.224624703909632,20.533333333333335,5.5006791639186154
2025-06-09,105,Dual Monitor Arm,Accessories,28.0,64.99,7,13,0,9,6,2,0,20.0,20.0,18.0,20.0,22.0,6.658328118479401,21.5,5.229355012442105,20.533333333333335,5.5006791639186154
2025-06-10,105,Dual Monitor Arm,Accessories,28.0,64.99,7,20,1,10,6,2,0,13.0,18.0,28.0,23.0,21.0,7.483314773547891,21.142857142857142,5.641292035001855,20.266666666666666,5.668627111861734
2025-06-11,105,Dual Monitor Arm,Accessories,28.0,64.99,7,18,2,11,6,2,0,20.0,14.0,20.0,17.0,21.285714285714285,7.387247699341663,20.571428571428573,5.287347535016355,20.4,5.611564413994939
2025-06-12,105,Dual Monitor Arm,Accessories,28.0,64.99,7,17,3,12,6,2,0,18.0,25.0,16.0,22.0,21.857142857142858,6.8660656232559605,20.428571428571427,5.3308144234799615,20.333333333333332,5.628335537220645
2025-06-13,105,Dual Monitor Arm,Accessories,28.0,64.99,7,32,4,13,6,2,0,17.0,22.0,21.0,25.0,20.714285714285715,6.921326600064615,20.5,5.273299944787124,20.133333333333333,5.636906300771614
2025-06-14,105,Dual Monitor Arm,Accessories,28.0,64.99,7,24,5,14,6,2,1,32.0,35.0,22.0,32.0,22.142857142857142,8.153293228885527,21.285714285714285,6.107102692496896,20.633333333333333,6.002777135071226
2025-06-15,105,Dual Monitor Arm,Accessories,28.0,64.99,7,18,6,15,6,2,1,24.0,20.0,22.0,13.0,20.571428571428573,6.051367417290717,21.428571428571427,6.14834919325483,20.7,6.029525057066575
2025-06-16,105,Dual Monitor Arm,Accessories,28.0,64.99,7,18,0,16,6,2,0,18.0,13.0,20.0,15.0,20.285714285714285,6.129553700835703,21.142857142857142,6.212359180971922,20.466666666666665,5.99271588498583
2025-06-17,105,Dual Monitor Arm,Accessories,28.0,64.99,7,19,1,17,6,2,0,18.0,20.0,18.0,15.0,21.0,5.385164807134513,21.0,6.263447072560666,20.0,5.595564746081201
2025-06-18,105,Dual Monitor Arm,Accessories,28.0,64.99,7,15,2,18,6,2,0,19.0,18.0,14.0,13.0,20.857142857142858,5.429197958832462,21.071428571428573,6.232227478250363,20.2,5.441855667274615
2025-06-19,105,Dual Monitor Arm,Accessories,28.0,64.99,7,23,3,19,6,2,0,15.0,17.0,25.0,13.0,20.428571428571427,5.79819347892494,21.142857142857142,6.150136244358768,20.2,5.441855667274615
2025-06-20,105,Dual Monitor Arm,Accessories,28.0,64.99,7,32,4,20,6,2,0,23.0,32.0,22.0,18.0,21.285714285714285,5.64843003893666,21.0,6.076436202501963,20.466666666666665,5.373840425574694
2025-06-21,105,Dual Monitor Arm,Accessories,28.0,64.99,7,28,5,21,6,2,1,32.0,24.0,35.0,29.0,21.285714285714285,5.64843003893666,21.714285714285715,6.753102665027026,21.1,5.57921017769515
2025-06-22,105,Dual Monitor Arm,Accessories,28.0,64.99,7,18,6,22,6,2,1,28.0,18.0,20.0,23.0,21.857142857142858,6.148944934663501,21.214285714285715,5.898873053109622,21.6,5.499843257954683
2025-06-23,105,Dual Monitor Arm,Accessories,28.0,64.99,7,14,0,23,6,2,0,18.0,18.0,13.0,18.0,21.857142857142858,6.148944934663501,21.071428571428573,5.9544977920932585,21.6,5.499843257954683
2025-06-24,105,Dual Monitor Arm,Accessories,28.0,64.99,7,21,1,24,6,2,0,14.0,19.0,20.0,28.0,21.285714285714285,6.7259270913455005,21.142857142857142,5.855400437691159,21.1,5.4857181342351575
2025-06-25,105,Dual Monitor Arm,Accessories,28.0,64.99,7,16,2,25,6,2,0,21.0,15.0,18.0,20.0,21.571428571428573,6.654751256486931,21.214285714285715,5.84647916966427,21.033333333333335,5.473971850137024
2025-06-26,105,Dual Monitor Arm,Accessories,28.0,64.99,7,22,3,26,6,2,0,16.0,23.0,17.0,16.0,21.714285714285715,6.499084184567495,21.071428571428573,5.954497792093259,20.966666666666665,5.524137213540553
2025-06-27,105,Dual Monitor Arm,Accessories,28.0,64.99,7,29,4,27,6,2,0,22.0,32.0,32.0,21.0,21.571428571428573,6.477065767180465,21.428571428571427,5.840367292378933,20.766666666666666,5.367098576180371
2025-06-28,105,Dual Monitor Arm,Accessories,28.0,64.99,7,28,5,28,6,2,1,29.0,28.0,24.0,22.0,21.142857142857142,5.7279598296011045,21.214285714285715,5.465677119408528,21.066666666666666,5.570447473719851
2025-06-29,105,Dual Monitor Arm,Accessories,28.0,64.99,7,18,6,29,6,2,1,28.0,18.0,18.0,22.0,21.142857142857142,5.7279598296011045,21.5,5.721081124295368,21.466666666666665,5.624658354886634
2025-06-30,105,Dual Monitor Arm,Accessories,28.0,64.99,7,20,0,30,6,2,0,18.0,14.0,18.0,20.0,21.142857142857142,5.7279598296011045,21.5,5.721081124295368,21.366666666666667,5.65979976088677
2025-07-01,105,Dual Monitor Arm,Accessories,28.0,64.99,7,20,1,1,7,3,0,20.0,21.0,19.0,18.0,22.0,4.8648398397754855,21.642857142857142,5.651509571748061,21.3,5.663860021648504
2025-07-02,105,Dual Monitor Arm,Accessories,28.0,64.99,7,18,2,2,7,3,0,20.0,16.0,15.0,14.0,21.857142857142858,4.913538149119965,21.714285714285715,5.621778686892175,21.233333333333334,5.667106135764849
2025-07-03,105,Dual Monitor Arm,Accessories,28.0,64.99,7,18,3,3,7,3,0,18.0,22.0,23.0,25.0,22.142857142857142,4.561745697594718,21.928571428571427,5.398921341189474,21.166666666666668,5.693815963823002
2025-07-04,105,Dual Monitor Arm,Accessories,28.0,64.99,7,21,4,4,7,3,0,18.0,29.0,32.0,22.0,21.571428571428573,4.825527358301307,21.571428571428573,5.487247954110478,21.166666666666668,5.693815963823002
2025-07-05,105,Dual Monitor Arm,Accessories,28.0,64.99,7,26,5,5,7,3,1,21.0,28.0,28.0,35.0,20.428571428571427,3.552329886011111,20.785714285714285,4.593952068142979,21.4,5.531103275864272
2025-07-06,105,Dual Monitor Arm,Accessories,28.0,64.99,7,18,6,6,7,3,1,26.0,18.0,18.0,20.0,20.142857142857142,2.8535691936340415,20.642857142857142,4.378393503367329,21.433333333333334,5.556501835118817
2025-07-07,105,Dual Monitor Arm,Accessories,28.0,64.99,7,20,0,7,7,3,0,18.0,20.0,14.0,13.0,20.142857142857142,2.8535691936340415,20.642857142857142,4.378393503367329,21.3,5.590324153207186
2025-07-08,105,Dual Monitor Arm,Accessories,28.0,64.99,7,20,1,8,7,3,0,20.0,20.0,21.0,20.0,20.142857142857142,2.8535691936340415,21.071428571428573,3.9509353462047,20.8,4.95775254977779
2025-07-09,105,Dual Monitor Arm,Accessories,28.0,64.99,7,17,2,9,7,3,0,20.0,18.0,16.0,18.0,20.142857142857142,2.8535691936340415,21.0,3.961351750641091,20.8,4.95775254977779
2025-07-10,105,Dual Monitor Arm,Accessories,28.0,64.99,7,22,3,10,7,3,0,17.0,18.0,22.0,17.0,20.0,3.000000000000015,21.071428571428573,3.8722739436286058,20.933333333333334,4.791755371492839
2025-07-11,105,Dual Monitor Arm,Accessories,28.0,64.99,7,28,4,11,7,3,0,22.0,21.0,29.0,32.0,20.571428571428573,2.9358214555806548,21.071428571428573,3.8722739436286058,21.0,4.792235098717497
2025-07-12,105,Dual Monitor Arm,Accessories,28.0,64.99,7,28,5,12,7,3,1,28.0,26.0,28.0,24.0,21.571428571428573,4.076646614442773,21.0,3.7210420376761926,21.333333333333332,4.922386114220609
2025-07-13,105,Dual Monitor Arm,Accessories,28.0,64.99,7,19,6,13,7,3,1,28.0,18.0,18.0,18.0,21.857142857142858,4.488079449258586,21.0,3.7210420376761926,21.7,4.997585623975455
2025-07-14,105,Dual Monitor Arm,Accessories,28.0,64.99,7,27,0,14,7,3,0,19.0,20.0,20.0,18.0,22.0,4.358898943540686,21.071428571428573,3.6682480772220813,21.266666666666666,4.623279425221751
2025-07-15,105,Dual Monitor Arm,Accessories,28.0,64.99,7,23,1,15,7,3,0,27.0,20.0,20.0,19.0,23.0,4.618802153517019,21.571428571428573,3.9751978318314323,21.366666666666667,4.715954822202825
2025-07-16,105,Dual Monitor Arm,Accessories,28.0,64.99,7,20,2,16,7,3,0,23.0,17.0,18.0,15.0,23.428571428571427,4.42933941113658,21.785714285714285,3.964817804109002,21.533333333333335,4.68109428212694
2025-07-17,105,Dual Monitor Arm,Accessories,28.0,64.99,7,19,3,17,7,3,0,20.0,22.0,18.0,23.0,23.857142857142858,3.804758924845384,21.928571428571427,3.852357634054611,21.6,4.643126176366068
2025-07-18,105,Dual Monitor Arm,Accessories,28.0,64.99,7,28,4,18,7,3,0,19.0,28.0,21.0,32.0,23.428571428571427,4.197504927816969,22.0,3.7825510317366247,21.6,4.643126176366068
2025-07-19,105,Dual Monitor Arm,Accessories,28.0,64.99,7,36,5,19,7,3,1,28.0,28.0,26.0,28.0,23.428571428571427,4.197504927816969,22.5,4.09032629881391,22.033333333333335,4.6124519123432375
2025-07-20,105,Dual Monitor Arm,Accessories,28.0,64.99,7,21,6,20,7,3,1,36.0,19.0,18.0,18.0,24.571428571428573,6.241184258807063,23.214285714285715,5.409088810348855,22.466666666666665,5.270171974772626
2025-07-21,105,Dual Monitor Arm,Accessories,28.0,64.99,7,13,0,21,7,3,0,21.0,27.0,20.0,14.0,24.857142857142858,5.984105932344775,23.428571428571427,5.243520334136687,22.1,4.9574047715479255
2025-07-22,105,Dual Monitor Arm,Accessories,28.0,64.99,7,17,1,22,7,3,0,13.0,23.0,20.0,21.0,22.857142857142858,7.335497516155529,22.928571428571427,5.889551187213898,21.6,5.096313745552177
2025-07-23,105,Dual Monitor Arm,Accessories,28.0,64.99,7,25,2,23,7,3,0,17.0,20.0,17.0,16.0,22.0,7.659416862050713,22.714285714285715,6.0565104376462635,21.566666666666666,5.123867971416356
2025-07-24,105,Dual Monitor Arm,Accessories,28.0,64.99,7,12,3,24,7,3,0,25.0,19.0,22.0,22.0,22.714285714285715,7.674943772091234,23.285714285714285,5.849767535533327,21.933333333333334,4.954505670274505
2025-07-25,105,Dual Monitor Arm,Accessories,28.0,64.99,7,26,4,25,7,3,0,12.0,28.0,28.0,29.0,21.714285714285715,8.6354750055471,22.571428571428573,6.58336231272887,21.633333333333333,5.275076945562956
2025-07-26,105,Dual Monitor Arm,Accessories,28.0,64.99,7,32,5,26,7,3,1,26.0,36.0,28.0,28.0,21.428571428571427,8.42332362861484,22.428571428571427,6.477348528220744,21.966666666666665,5.222519760008456
2025-07-27,105,Dual Monitor Arm,Accessories,28.0,64.99,7,25,6,27,7,3,1,32.0,21.0,19.0,18.0,20.857142857142858,7.335497516155529,22.714285714285715,6.82110493450086,22.3,5.53453109872546
2025-07-28,105,Dual Monitor Arm,Accessories,28.0,64.99,7,18,0,28,7,3,0,25.0,13.0,27.0,20.0,21.428571428571427,7.502380574571941,23.142857142857142,6.757982662772162,22.166666666666668,5.414433668817415
2025-07-29,105,Dual Monitor Arm,Accessories,28.0,64.99,7,15,1,29,7,3,0,18.0,17.0,23.0,20.0,22.142857142857142,6.768273325562726,22.5,6.790830922308705,21.833333333333332,5.350367910864618
2025-07-30,105,Dual Monitor Arm,Accessories,28.0,64.99,7,22,2,30,7,3,0,15.0,25.0,20.0,18.0,21.857142857142858,7.057586259446208,21.928571428571427,7.076116772031682,21.733333333333334,5.451563099688536
2025-07-31,105,Dual Monitor Arm,Accessories,28.0,64.99,7,24,3,31,7,3,0,22.0,12.0,19.0,18.0,21.428571428571427,6.924765768773776,22.071428571428573,7.054341660547479,21.8,5.44185566727462
2025-08-01,105,Dual Monitor Arm,Accessories,28.0,64.99,7,27,4,1,8,3,0,24.0,26.0,28.0,21.0,23.142857142857142,5.550632739564372,22.428571428571427,7.013331104889649,21.933333333333334,5.44523412835888
2025-08-02,105,Dual Monitor Arm,Accessories,28.0,64.99,7,30,5,2,8,3,1,27.0,32.0,36.0,26.0,23.285714285714285,5.648430038936659,22.357142857142858,6.9570898298856525,22.233333333333334,5.468930005247779
2025-08-03,105,Dual Monitor Arm,Accessories,28.0,64.99,7,18,6,3,8,3,1,30.0,25.0,21.0,18.0,23.0,5.163977794943231,21.928571428571427,6.1950884480465955,22.633333333333333,5.5862104441595655
2025-08-04,105,Dual Monitor Arm,Accessories,28.0,64.99,7,18,0,4,8,3,0,18.0,18.0,13.0,20.0,22.0,5.3851648071345135,21.714285714285715,6.280967238455313,22.533333333333335,5.643020304847411
2025-08-05,105,Dual Monitor Arm,Accessories,28.0,64.99,7,19,1,5,8,3,0,18.0,15.0,17.0,20.0,22.0,5.3851648071345135,22.071428571428573,5.87647573235579,22.266666666666666,5.662540756241193
2025-08-06,105,Dual Monitor Arm,Accessories,28.0,64.99,7,17,2,6,8,3,0,19.0,22.0,25.0,17.0,22.571428571428573,4.68533680244879,22.214285714285715,5.76699590412905,22.3,5.639454608015096
2025-08-07,105,Dual Monitor Arm,Accessories,28.0,64.99,7,23,3,7,8,3,0,17.0,24.0,12.0,22.0,21.857142857142858,5.1455019654248115,21.642857142857142,5.865244999239027,22.2,5.707828864360617
2025-08-08,105,Dual Monitor Arm,Accessories,28.0,64.99,7,30,4,8,8,3,0,23.0,27.0,26.0,28.0,21.714285714285715,5.089672082242826,22.428571428571427,5.169649381270861,22.3,5.694219694658356
2025-08-09,105,Dual Monitor Arm,Accessories,28.0,64.99,7,27,5,9,8,3,1,30.0,30.0,32.0,28.0,22.142857142857142,5.698788509515912,22.714285714285715,5.483241200780204,22.733333333333334,5.771113161811802
2025-08-10,105,Dual Monitor Arm,Accessories,28.0,64.99,7,26,6,10,8,3,1,27.0,18.0,25.0,19.0,21.714285714285715,5.089672082242826,22.357142857142858,4.970793820788656,22.9,5.821186038648168
2025-08-11,105,Dual Monitor Arm,Accessories,28.0,64.99,7,17,0,11,8,3,0,26.0,18.0,18.0,27.0,22.857142857142858,5.014265364224078,22.428571428571427,5.018646549301182,22.833333333333332,5.772009351519071
2025-08-12,105,Dual Monitor Arm,Accessories,28.0,64.99,7,14,1,12,8,3,0,17.0,19.0,15.0,23.0,22.714285714285715,5.186980037050653,22.357142857142858,5.093089478848758,22.466666666666665,5.781858270268469
2025-08-13,105,Dual Monitor Arm,Accessories,28.0,64.99,7,17,2,13,8,3,0,14.0,17.0,22.0,20.0,22.0,6.055300708194992,22.285714285714285,5.209880722517227,22.3,5.954714156838747
2025-08-14,105,Dual Monitor Arm,Accessories,28.0,64.99,7,21,3,14,8,3,0,17.0,23.0,24.0,19.0,22.0,6.055300708194992,21.928571428571427,5.398921341189474,21.966666666666665,5.962430268996385
2025-08-15,105,Dual Monitor Arm,Accessories,28.0,64.99,7,27,4,15,8,3,0,21.0,30.0,27.0,28.0,21.714285714285715,6.047431568147645,21.714285714285715,5.369838436597915,21.9,5.961659107190334
2025-08-16,105,Dual Monitor Arm,Accessories,28.0,64.99,7,31,5,16,8,3,1,27.0,27.0,30.0,36.0,21.285714285714285,5.437961803049806,21.714285714285715,5.369838436597915,22.133333333333333,6.021417712164506
2025-08-17,105,Dual Monitor Arm,Accessories,28.0,64.99,7,14,6,17,8,3,1,31.0,26.0,18.0,21.0,21.857142857142858,6.2830080754516455,21.785714285714285,5.49375269568245,22.533333333333335,6.20196483512222
2025-08-18,105,Dual Monitor Arm,Accessories,28.0,64.99,7,25,0,18,8,3,0,14.0,17.0,18.0,13.0,20.142857142857142,6.593647736738036,21.5,5.801193511153173,22.066666666666666,6.3023440266210216
2025-08-19,105,Dual Monitor Arm,Accessories,28.0,64.99,7,11,1,19,8,3,0,25.0,14.0,19.0,17.0,21.285714285714285,6.6511724709328774,22.0,5.777942140988855,21.7,5.76044777952984
2025-08-20,105,Dual Monitor Arm,Accessories,28.0,64.99,7,23,2,20,8,3,0,11.0,17.0,17.0,25.0,20.857142857142858,7.267016155859566,21.428571428571427,6.453553412527953,21.366666666666667,6.082668047387861
2025-08-21,105,Dual Monitor Arm,Accessories,28.0,64.99,7,25,3,21,8,3,0,23.0,21.0,23.0,12.0,21.714285714285715,7.087883692477986,21.857142857142858,6.334971833549667,21.7,5.878951349136838
2025-08-22,105,Dual Monitor Arm,Accessories,28.0,64.99,7,22,4,22,8,3,0,25.0,27.0,30.0,26.0,22.285714285714285,7.1813249871753255,22.0,6.385078759829847,21.966666666666665,5.839717360504302
2025-08-23,105,Dual Monitor Arm,Accessories,28.0,64.99,7,29,5,23,8,3,1,22.0,31.0,27.0,32.0,21.571428571428573,6.876460883747861,21.428571428571427,5.95772653740544,21.866666666666667,5.811601555825965
2025-08-24,105,Dual Monitor Arm,Accessories,28.0,64.99,7,22,6,24,8,3,1,29.0,14.0,26.0,25.0,21.285714285714285,6.447590912226729,21.571428571428573,6.123275716028555,22.433333333333334,5.642714761979211
2025-08-25,105,Dual Monitor Arm,Accessories,28.0,64.99,7,19,0,25,8,3,0,22.0,25.0,17.0,18.0,22.428571428571427,5.593363414414836,21.285714285714285,5.992669514672693,22.3,5.602647157586708
2025-08-26,105,Dual Monitor Arm,Accessories,28.0,64.99,7,18,1,26,8,3,0,19.0,11.0,14.0,15.0,21.571428571428573,5.593363414414838,21.428571428571427,5.905854796650559,21.866666666666667,5.322258616565885
2025-08-27,105,Dual Monitor Arm,Accessories,28.0,64.99,7,29,2,27,8,3,0,18.0,23.0,17.0,22.0,22.571428571428573,3.6903993847614562,21.714285714285715,5.608078944750062,21.633333333333333,5.3335847641883625
2025-08-28,105,Dual Monitor Arm,Accessories,28.0,64.99,7,30,3,28,8,3,0,29.0,25.0,21.0,24.0,23.428571428571427,4.429339411136578,22.571428571428573,5.747431342170736,22.0,5.451984769882901
2025-08-29,105,Dual Monitor Arm,Accessories,28.0,64.99,7,33,4,29,8,3,0,30.0,22.0,27.0,27.0,24.142857142857142,5.080307452263486,23.214285714285715,6.053334382210896,22.5,5.475651433454314
2025-08-30,105,Dual Monitor Arm,Accessories,28.0,64.99,7,32,5,30,8,3,1,33.0,29.0,31.0,30.0,25.714285714285715,5.936168397046644,23.642857142857142,6.535196340492811,22.866666666666667,5.799722545880626
2025-08-31,105,Dual Monitor Arm,Accessories,28.0,64.99,7,20,6,31,8,3,1,32.0,22.0,14.0,18.0,26.142857142857142,6.309478885734058,23.714285714285715,6.626619644440695,23.133333333333333,6.032860208794102
2025-09-01,105,Dual Monitor Arm,Accessories,28.0,64.99,7,24,0,1,9,3,0,20.0,19.0,25.0,18.0,25.857142857142858,6.568322247184377,24.142857142857142,6.125070082577251,22.9,6.01349058081227
2025-09-02,105,Dual Monitor Arm,Accessories,28.0,64.99,7,25,1,2,9,3,0,24.0,18.0,11.0,19.0,26.571428571428573,5.940177967511947,24.071428571428573,6.1201343086605,22.7,5.867208700143121
2025-09-03,105,Dual Monitor Arm,Accessories,28.0,64.99,7,16,2,3,9,3,0,25.0,29.0,23.0,17.0,27.571428571428573,4.720774754816667,25.071428571428573,4.827235005901112,22.933333333333334,5.81278812164413
2025-09-04,105,Dual Monitor Arm,Accessories,28.0,64.99,7,19,3,4,9,3,0,16.0,30.0,25.0,23.0,25.714285714285715,6.343350474165472,24.571428571428573,5.388224849889468,22.866666666666667,5.882371872856676
2025-09-05,105,Dual Monitor Arm,Accessories,28.0,64.99,7,25,4,5,9,3,0,19.0,33.0,22.0,30.0,24.142857142857142,6.466028441750307,24.142857142857142,5.586482901503466,22.866666666666667,5.882371872856676
2025-09-06,105,Dual Monitor Arm,Accessories,28.0,64.99,7,29,5,6,9,3,1,25.0,32.0,29.0,27.0,23.0,5.228129047119383,24.357142857142858,5.555415138640561,23.133333333333333,5.787819155322088
2025-09-07,105,Dual Monitor Arm,Accessories,28.0,64.99,7,23,6,7,9,3,1,29.0,20.0,22.0,26.0,22.571428571428573,4.429339411136575,24.357142857142858,5.555415138640561,23.333333333333332,5.885888052020714
2025-09-08,105,Dual Monitor Arm,Accessories,28.0,64.99,7,19,0,8,9,3,0,23.0,24.0,19.0,17.0,23.0,4.281744192888387,24.428571428571427,5.529143565818121,23.1,5.749662658770149
2025-09-09,105,Dual Monitor Arm,Accessories,28.0,64.99,7,17,1,9,9,3,0,19.0,25.0,18.0,14.0,22.285714285714285,4.498677054212195,24.428571428571427,5.529143565818121,22.833333333333332,5.748063142055602
2025-09-10,105,Dual Monitor Arm,Accessories,28.0,64.99,7,14,2,10,9,3,0,17.0,16.0,29.0,17.0,21.142857142857142,4.705619740571609,24.357142857142858,5.6242215578573616,22.533333333333335,5.811601555825968
2025-09-11,105,Dual Monitor Arm,Accessories,28.0,64.99,7,27,3,11,9,3,0,14.0,19.0,30.0,21.0,20.857142857142858,5.113008619478087,23.285714285714285,6.081859172079736,22.433333333333334,5.934605313741235
2025-09-12,105,Dual Monitor Arm,Accessories,28.0,64.99,7,35,4,12,9,3,0,27.0,25.0,33.0,27.0,22.0,5.507570547286109,23.071428571428573,5.876475732355786,22.866666666666667,5.769918025673255
2025-09-13,105,Dual Monitor Arm,Accessories,28.0,64.99,7,33,5,13,9,3,1,35.0,29.0,32.0,31.0,23.428571428571427,7.39047005399844,23.214285714285715,6.15415521201942,23.466666666666665,6.067058216491705
2025-09-14,105,Dual Monitor Arm,Accessories,28.0,64.99,7,22,6,14,9,3,1,33.0,23.0,20.0,14.0,24.0,8.020806277010648,23.285714285714285,6.268708263805448,23.866666666666667,6.290295389880724
2025-09-15,105,Dual Monitor Arm,Accessories,28.0,64.99,7,22,0,15,9,3,0,22.0,19.0,24.0,25.0,23.857142857142858,8.050436249640383,23.428571428571427,6.21059003408114,23.7,6.2706211538549415
2025-09-16,105,Dual Monitor Arm,Accessories,28.0,64.99,7,26,1,16,9,3,0,22.0,17.0,25.0,11.0,24.285714285714285,7.825477316949767,23.285714285714285,6.219430736113885,23.4,6.122879647062684
2025-09-17,105,Dual Monitor Arm,Accessories,28.0,64.99,7,17,2,17,9,3,0,26.0,14.0,16.0,23.0,25.571428571428573,7.138093649734572,23.357142857142858,6.246317596510998,23.8,5.874550606436791
2025-09-18,105,Dual Monitor Arm,Accessories,28.0,64.99,7,24,3,18,9,3,0,17.0,27.0,19.0,25.0,26.0,6.3770421565696696,23.428571428571427,6.160847665382043,23.533333333333335,5.998467237170089
2025-09-19,105,Dual Monitor Arm,Accessories,28.0,64.99,7,22,4,19,9,3,0,24.0,35.0,25.0,22.0,25.571428571428573,6.39940473422185,23.785714285714285,6.027865694851224,23.966666666666665,5.511638678246325
2025-09-20,105,Dual Monitor Arm,Accessories,28.0,64.99,7,32,5,20,9,3,1,22.0,33.0,29.0,29.0,23.714285714285715,4.923220007078223,23.571428571428573,6.034698204349727,23.933333333333334,5.520702937085177
2025-09-21,105,Dual Monitor Arm,Accessories,28.0,64.99,7,24,6,21,9,3,1,32.0,22.0,23.0,22.0,23.571428571428573,4.613644360558619,23.785714285714285,6.29014579051499,24.166666666666668,5.711955600458556
2025-09-22,105,Dual Monitor Arm,Accessories,28.0,64.99,7,24,0,22,9,3,0,24.0,22.0,19.0,19.0,23.857142857142858,4.561745697594713,23.857142857142858,6.286213766368664,24.233333333333334,5.697448511415488
2025-09-23,105,Dual Monitor Arm,Accessories,28.0,64.99,7,15,1,23,9,3,0,24.0,26.0,17.0,18.0,24.142857142857142,4.4880794492585805,24.214285714285715,6.129105486605156,24.066666666666666,5.625884349384046
2025-09-24,105,Dual Monitor Arm,Accessories,28.0,64.99,7,18,2,24,9,3,0,15.0,17.0,14.0,29.0,22.571428571428573,5.533448076836691,24.071428571428573,6.330199726029815,23.833333333333332,5.855049888378661
2025-09-25,105,Dual Monitor Arm,Accessories,28.0,64.99,7,16,3,25,9,3,0,18.0,24.0,27.0,30.0,22.714285714285715,5.376314900074395,24.357142857142858,5.917472730522961,23.8,5.886278608940426
2025-09-26,105,Dual Monitor Arm,Accessories,28.0,64.99,7,46,4,26,9,3,0,16.0,22.0,35.0,33.0,21.571428571428573,5.88379534136323,23.571428571428573,6.25993715518076,23.733333333333334,5.965032204054138
2025-09-27,105,Dual Monitor Arm,Accessories,28.0,64.99,7,35,5,27,9,3,1,46.0,32.0,33.0,32.0,25.0,10.969655114602892,24.357142857142858,8.195750708161457,24.3,7.16865783619322
2025-09-28,105,Dual Monitor Arm,Accessories,28.0,64.99,7,14,6,28,9,3,1,35.0,24.0,22.0,20.0,25.428571428571427,11.341033798514475,24.5,8.373492975776832,24.466666666666665,7.361284245777167
2025-09-29,105,Dual Monitor Arm,Accessories,28.0,64.99,7,17,0,29,9,3,0,14.0,24.0,22.0,24.0,24.0,12.151817422372124,23.928571428571427,8.818374921930664,23.833333333333332,7.4189102895949715
2025-09-30,105,Dual Monitor Arm,Accessories,28.0,64.99,7,10,1,30,9,3,0,17.0,15.0,26.0,25.0,23.0,12.436505404118423,23.571428571428573,9.001831315513884,23.333333333333332,7.354723245846112
2025-10-01,105,Dual Monitor Arm,Accessories,28.0,64.99,7,12,2,1,10,4,0,10.0,18.0,17.0,16.0,22.285714285714285,13.098527725337249,22.428571428571427,9.661296980253676,23.0,7.72813935763552
2025-10-02,105,Dual Monitor Arm,Accessories,28.0,64.99,7,19,3,2,10,4,0,12.0,16.0,24.0,19.0,21.428571428571427,13.611969522655945,22.071428571428573,9.96504881082864,22.6,7.98101194862773
2025-10-03,105,Dual Monitor Arm,Accessories,28.0,64.99,7,28,4,3,10,4,0,19.0,46.0,22.0,25.0,21.857142857142858,13.458932243787288,21.714285714285715,9.980200178573327,22.4,7.993963239586653
2025-10-04,105,Dual Monitor Arm,Accessories,28.0,64.99,7,38,5,4,10,4,1,28.0,35.0,32.0,29.0,19.285714285714285,9.086882225022428,22.142857142857142,10.12124302838144,22.8,7.962844752456549
2025-10-05,105,Dual Monitor Arm,Accessories,28.0,64.99,7,26,6,5,10,4,1,38.0,14.0,24.0,23.0,19.714285714285715,9.978548420057326,22.571428571428573,10.682223088378633,23.433333333333334,8.39410028175924
2025-10-06,105,Dual Monitor Arm,Accessories,28.0,64.99,7,18,0,6,10,4,0,26.0,17.0,24.0,19.0,21.428571428571427,9.863352081605639,22.714285714285715,10.716117059605324,23.466666666666665,8.402517411500876
2025-10-07,105,Dual Monitor Arm,Accessories,28.0,64.99,7,21,1,7,10,4,0,18.0,10.0,15.0,17.0,21.571428571428573,9.795528620364546,22.285714285714285,10.780527826585285,23.1,8.392730844873046
2025-10-08,105,Dual Monitor Arm,Accessories,28.0,64.99,7,25,2,8,10,4,0,21.0,12.0,18.0,14.0,23.142857142857142,8.414839499926535,22.714285714285715,10.586119877742433,23.033333333333335,8.401491383752354
2025-10-09,105,Dual Monitor Arm,Accessories,28.0,64.99,7,23,3,9,10,4,0,25.0,19.0,16.0,27.0,25.0,6.831300510639736,23.214285714285715,10.511375313868799,23.233333333333334,8.37353521244305
2025-10-10,105,Dual Monitor Arm,Accessories,28.0,64.99,7,21,4,10,10,4,0,23.0,28.0,46.0,35.0,25.571428571428573,6.399404734221849,23.714285714285715,10.306298085140929,23.433333333333334,8.290764838613871
2025-10-11,105,Dual Monitor Arm,Accessories,28.0,64.99,7,28,5,11,10,4,1,21.0,38.0,35.0,33.0,24.571428571428573,6.502746672423457,21.928571428571427,8.071452883363134,23.666666666666668,8.112711750951322
2025-10-12,105,Dual Monitor Arm,Accessories,28.0,64.99,7,24,6,12,10,4,1,28.0,26.0,14.0,22.0,23.142857142857142,3.436498771936903,21.428571428571427,7.387247699341617,23.7,8.12891815340936
2025-10-13,105,Dual Monitor Arm,Accessories,28.0,64.99,7,21,0,13,10,4,0,24.0,18.0,17.0,22.0,22.857142857142858,3.236694374850753,22.142857142857142,7.091242083423305,23.333333333333332,7.844758115140208
2025-10-14,105,Dual Monitor Arm,Accessories,28.0,64.99,7,17,1,14,10,4,0,21.0,21.0,10.0,26.0,23.285714285714285,2.627691364061225,22.428571428571427,6.94721068226203,22.933333333333334,7.638077630206317
2025-10-15,105,Dual Monitor Arm,Accessories,28.0,64.99,7,18,2,15,10,4,0,17.0,25.0,12.0,17.0,22.714285714285715,3.4982989063393743,22.928571428571427,6.195088448046586,22.766666666666666,7.713326279812832
2025-10-16,105,Dual Monitor Arm,Accessories,28.0,64.99,7,25,3,16,10,4,0,18.0,23.0,19.0,24.0,21.714285714285715,3.728908942943218,23.357142857142858,5.555415138640561,22.633333333333333,7.761457974186175
2025-10-17,105,Dual Monitor Arm,Accessories,28.0,64.99,7,23,4,17,10,4,0,25.0,21.0,28.0,22.0,22.0,3.915780041490245,23.785714285714285,5.423291243524291,22.6,7.748637255049789
2025-10-18,105,Dual Monitor Arm,Accessories,28.0,64.99,7,38,5,18,10,4,1,23.0,28.0,38.0,32.0,22.285714285714285,3.903600291794135,23.428571428571427,5.287347535016335,22.8,7.676205959393949
2025-10-19,105,Dual Monitor Arm,Accessories,28.0,64.99,7,16,6,19,10,4,1,38.0,24.0,26.0,24.0,23.714285714285715,6.969320524371699,23.428571428571427,5.287347535016335,23.266666666666666,8.161868165685089
2025-10-20,105,Dual Monitor Arm,Accessories,28.0,64.99,7,21,0,20,10,4,0,16.0,21.0,18.0,24.0,22.571428571428573,7.546680127869537,22.714285714285715,5.580578567035548,23.066666666666666,8.266814978276589
2025-10-21,105,Dual Monitor Arm,Accessories,28.0,64.99,7,16,1,21,10,4,0,21.0,17.0,21.0,15.0,22.571428571428573,7.546680127869537,22.928571428571427,5.4414970467592365,22.7,8.099169816971282
2025-10-22,105,Dual Monitor Arm,Accessories,28.0,64.99,7,16,2,22,10,4,0,16.0,18.0,25.0,18.0,22.428571428571427,7.67804538618918,22.571428571428573,5.73403181706557,22.433333333333334,8.186125071006527
2025-10-23,105,Dual Monitor Arm,Accessories,28.0,64.99,7,17,3,23,10,4,0,16.0,25.0,23.0,16.0,22.142857142857142,7.90418816047483,21.928571428571427,5.94156526533179,22.166666666666668,8.26326867501009
2025-10-24,105,Dual Monitor Arm,Accessories,28.0,64.99,7,29,4,24,10,4,0,17.0,23.0,21.0,46.0,21.0,7.999999999999998,21.5,6.0732705673808765,22.233333333333334,8.211360227246757
2025-10-25,105,Dual Monitor Arm,Accessories,28.0,64.99,7,34,5,25,10,4,1,29.0,38.0,28.0,35.0,21.857142857142858,8.55235974119758,22.071428571428573,6.390669709870692,22.6,8.261251470695566
2025-10-26,105,Dual Monitor Arm,Accessories,28.0,64.99,7,22,6,26,10,4,1,34.0,16.0,24.0,14.0,21.285714285714285,7.341986237031631,22.5,6.991753384138686,23.2,8.417551450023563
2025-10-27,105,Dual Monitor Arm,Accessories,28.0,64.99,7,21,0,27,10,4,0,22.0,21.0,21.0,17.0,22.142857142857142,6.9624845045565795,22.357142857142858,6.979168375156929,22.4,7.2330658354055535
2025-10-28,105,Dual Monitor Arm,Accessories,28.0,64.99,7,28,1,28,10,4,0,21.0,16.0,17.0,10.0,22.142857142857142,6.9624845045565795,22.357142857142858,6.979168375156929,21.933333333333334,6.832646447114403
2025-10-29,105,Dual Monitor Arm,Accessories,28.0,64.99,7,18,2,29,10,4,0,28.0,16.0,18.0,12.0,23.857142857142858,6.669047194029332,23.142857142857142,6.948792289722987,22.4,6.749712637561386
2025-10-30,105,Dual Monitor Arm,Accessories,28.0,64.99,7,13,3,30,10,4,0,18.0,17.0,25.0,19.0,24.142857142857142,6.309478885734054,23.142857142857142,6.948792289722987,22.433333333333334,6.724547585517241
2025-10-31,105,Dual Monitor Arm,Accessories,28.0,64.99,7,30,4,31,10,4,0,13.0,29.0,23.0,28.0,23.571428571428573,7.184639700016114,22.285714285714285,7.425823667638261,22.533333333333335,6.553405712816986
2025-11-01,105,Dual Monitor Arm,Accessories,28.0,64.99,7,42,5,1,11,4,1,30.0,34.0,38.0,38.0,23.714285714285715,7.319250547114001,22.785714285714285,7.707923709539897,23.133333333333333,6.377402634914685
2025-11-02,105,Dual Monitor Arm,Accessories,28.0,64.99,7,31,6,2,11,4,1,42.0,22.0,16.0,26.0,24.857142857142858,9.494359227607578,23.071428571428573,8.36167342208375,23.9,7.193627448100828
2025-11-03,105,Dual Monitor Arm,Accessories,28.0,64.99,7,22,0,3,11,4,0,31.0,21.0,21.0,18.0,26.142857142857142,9.651054716602596,24.142857142857142,8.346875443561439,24.0,7.273001562225777
2025-11-04,105,Dual Monitor Arm,Accessories,28.0,64.99,7,28,1,4,11,4,0,22.0,28.0,16.0,21.0,26.285714285714285,9.56929613772239,24.214285714285715,8.322153673072917,23.466666666666665,6.780974059484594
2025-11-05,105,Dual Monitor Arm,Accessories,28.0,64.99,7,28,2,5,11,4,0,28.0,18.0,16.0,25.0,26.285714285714285,9.56929613772239,25.071428571428573,8.023660067520314,23.533333333333335,6.816477669301986
2025-11-06,105,Dual Monitor Arm,Accessories,28.0,64.99,7,33,3,6,11,4,0,28.0,13.0,17.0,23.0,27.714285714285715,8.84523008395459,25.928571428571427,7.61036020288012,23.866666666666667,6.780974059484594
2025-11-07,105,Dual Monitor Arm,Accessories,28.0,64.99,7,41,4,7,11,4,0,33.0,30.0,29.0,21.0,30.571428571428573,6.106202935189297,27.071428571428573,7.363781279021924,24.266666666666666,6.957671694058258
2025-11-08,105,Dual Monitor Arm,Accessories,28.0,64.99,7,53,5,8,11,4,1,41.0,42.0,34.0,28.0,32.142857142857146,7.244045173533265,27.928571428571427,8.250541107795751,24.8,7.599455515886101
2025-11-09,105,Dual Monitor Arm,Accessories,28.0,64.99,7,31,6,9,11,4,1,53.0,31.0,22.0,24.0,33.714285714285715,10.291003930849605,29.285714285714285,10.56429815957475,25.8,9.166656217339952
2025-11-10,105,Dual Monitor Arm,Accessories,28.0,64.99,7,28,0,10,11,4,0,31.0,22.0,21.0,21.0,33.714285714285715,10.291003930849605,29.928571428571427,10.358677415683752,26.133333333333333,9.167910051513612
2025-11-11,105,Dual Monitor Arm,Accessories,28.0,64.99,7,34,1,11,11,4,0,28.0,28.0,28.0,17.0,34.57142857142857,9.360504666899523,30.428571428571427,10.059165630747511,26.133333333333333,9.167910051513612
2025-11-12,105,Dual Monitor Arm,Accessories,28.0,64.99,7,22,2,12,11,4,0,34.0,28.0,18.0,18.0,35.42857142857143,8.922950611711789,30.857142857142858,10.075538869781719,26.466666666666665,9.268907361612886
2025-11-13,105,Dual Monitor Arm,Accessories,28.0,64.99,7,25,3,13,11,4,0,22.0,33.0,13.0,25.0,34.57142857142857,9.980934205726824,31.142857142857142,9.733820049048138,26.5,9.250349480816496
2025-11-14,105,Dual Monitor Arm,Accessories,28.0,64.99,7,44,4,14,11,4,0,25.0,41.0,30.0,23.0,33.42857142857143,10.627905765125181,32.0,8.458041235325126,26.766666666666666,9.080799498955503
2025-11-15,105,Dual Monitor Arm,Accessories,28.0,64.99,7,49,5,15,11,4,1,44.0,53.0,42.0,38.0,33.857142857142854,11.03673519703739,33.0,9.012811394385649,27.633333333333333,9.448529655119826
2025-11-16,105,Dual Monitor Arm,Accessories,28.0,64.99,7,32,6,16,11,4,1,49.0,31.0,31.0,16.0,33.285714285714285,9.928314487939465,33.5,9.717153745983206,28.433333333333334,10.203729315991463
2025-11-17,105,Dual Monitor Arm,Accessories,28.0,64.99,7,26,0,17,11,4,0,32.0,28.0,22.0,21.0,33.42857142857143,9.897089519266816,33.57142857142857,9.701025209218281,28.733333333333334,10.17072653063291
2025-11-18,105,Dual Monitor Arm,Accessories,28.0,64.99,7,29,1,18,11,4,0,26.0,34.0,28.0,16.0,33.142857142857146,10.106574946185143,33.857142857142854,9.387857483572416,28.333333333333332,10.028694463571956
2025-11-19,105,Dual Monitor Arm,Accessories,28.0,64.99,7,24,2,19,11,4,0,29.0,22.0,28.0,16.0,32.42857142857143,10.212037714663726,33.92857142857143,9.343564512657698,28.766666666666666,9.754515606253563
2025-11-20,105,Dual Monitor Arm,Accessories,28.0,64.99,7,17,3,20,11,4,0,24.0,25.0,33.0,17.0,32.714285714285715,9.894683517160212,33.642857142857146,9.596530966625652,28.866666666666667,9.687294677097428
2025-11-21,105,Dual Monitor Arm,Accessories,28.0,64.99,7,35,4,21,11,4,0,17.0,44.0,41.0,29.0,31.571428571428573,11.296860077873305,32.5,10.581187951337839,28.9,9.643114391751993
2025-11-22,105,Dual Monitor Arm,Accessories,28.0,64.99,7,53,5,22,11,4,1,35.0,49.0,53.0,34.0,30.285714285714285,10.09478884894389,32.07142857142857,10.328930883049408,29.533333333333335,9.387200872991144
2025-11-23,105,Dual Monitor Arm,Accessories,28.0,64.99,7,25,6,23,11,4,1,53.0,32.0,31.0,22.0,30.857142857142858,11.364103886486483,32.07142857142857,10.328930883049408,30.733333333333334,10.010109832093518
2025-11-24,105,Dual Monitor Arm,Accessories,28.0,64.99,7,30,0,24,11,4,0,25.0,26.0,28.0,21.0,29.857142857142858,11.553189623484526,31.642857142857142,10.499869177625568,30.6,10.060506602723786
2025-11-25,105,Dual Monitor Arm,Accessories,28.0,64.99,7,30,1,25,11,4,0,30.0,29.0,34.0,28.0,30.428571428571427,11.428869043743902,31.785714285714285,10.460023322731482,30.466666666666665,10.040378249961476
2025-11-26,105,Dual Monitor Arm,Accessories,28.0,64.99,7,22,2,26,11,4,0,30.0,24.0,22.0,18.0,30.571428571428573,11.414276774536104,31.5,10.449512318395838,30.733333333333334,9.91318638823142
2025-11-27,105,Dual Monitor Arm,Accessories,28.0,64.99,7,26,3,27,11,4,0,22.0,17.0,25.0,13.0,30.285714285714285,11.62919151265879,31.5,10.449512318395838,30.766666666666666,9.880958118185399
2025-11-28,105,Dual Monitor Arm,Accessories,28.0,64.99,7,48,4,28,11,4,0,26.0,35.0,44.0,30.0,31.571428571428573,10.341778423094405,31.571428571428573,10.40498612511016,30.7,9.90698116794766
2025-11-29,105,Dual Monitor Arm,Accessories,28.0,64.99,7,30,5,29,11,4,1,48.0,53.0,49.0,42.0,33.42857142857143,12.081075322684692,31.857142857142858,10.819193364338384,31.7,10.093186503434088
2025-11-30,105,Dual Monitor Arm,Accessories,28.0,64.99,7,22,6,30,11,4,1,30.0,25.0,32.0,31.0,30.142857142857142,8.454359258760565,30.5,9.629681678579411,32.266666666666666,9.464756161434
2025-12-01,105,Dual Monitor Arm,Accessories,28.0,64.99,7,27,0,1,12,4,0,22.0,30.0,26.0,22.0,29.714285714285715,8.826367424074409,29.785714285714285,9.8775469660201,32.0,9.64186274748712
2025-12-02,105,Dual Monitor Arm,Accessories,28.0,64.99,7,31,1,2,12,4,0,27.0,30.0,29.0,28.0,29.285714285714285,8.882835240212549,29.857142857142858,9.851646819438052,31.5,9.493191752786467
2025-12-03,105,Dual Monitor Arm,Accessories,28.0,64.99,7,33,2,3,12,4,0,31.0,22.0,24.0,28.0,29.428571428571427,8.904252595569957,30.0,9.852762205438731,31.5,9.493191752786467
2025-12-04,105,Dual Monitor Arm,Accessories,28.0,64.99,7,31,3,4,12,4,0,33.0,26.0,17.0,33.0,31.0,8.326663997864534,30.642857142857142,9.72393670562205,31.866666666666667,9.324544301829564
2025-12-05,105,Dual Monitor Arm,Accessories,28.0,64.99,7,50,4,5,12,4,0,31.0,48.0,35.0,41.0,31.714285714285715,8.035634920242993,31.642857142857142,8.897771050680522,31.966666666666665,9.29769468399464
2025-12-06,105,Dual Monitor Arm,Accessories,28.0,64.99,7,47,5,6,12,4,1,50.0,30.0,53.0,53.0,32.0,8.71779788708135,32.714285714285715,10.148350160937962,32.7,9.826600071515978
2025-12-07,105,Dual Monitor Arm,Accessories,28.0,64.99,7,32,6,7,12,4,1,47.0,22.0,25.0,31.0,34.42857142857143,10.29331729581776,32.285714285714285,9.318538771457865,33.166666666666664,10.167844288307377
2025-12-08,105,Dual Monitor Arm,Accessories,28.0,64.99,7,24,0,8,12,4,0,32.0,27.0,30.0,28.0,35.857142857142854,8.877472827867393,32.785714285714285,9.082346117001356,32.86666666666667,10.060963597277732
2025-12-09,105,Dual Monitor Arm,Accessories,28.0,64.99,7,37,1,9,12,4,0,24.0,31.0,30.0,34.0,35.42857142857143,9.431456989902516,32.357142857142854,9.361189461380791,31.9,9.433432841358144
2025-12-10,105,Dual Monitor Arm,Accessories,28.0,64.99,7,30,2,10,12,4,0,37.0,33.0,22.0,22.0,36.285714285714285,9.232447954800252,32.857142857142854,9.412407056295704,32.1,9.477195860554477
2025-12-11,105,Dual Monitor Arm,Accessories,28.0,64.99,7,28,3,11,12,4,0,30.0,31.0,26.0,25.0,35.857142857142854,9.476788686550098,33.42857142857143,8.933207587546386,32.166666666666664,9.454367111090248
2025-12-12,105,Dual Monitor Arm,Accessories,28.0,64.99,7,43,4,12,12,4,0,28.0,50.0,48.0,44.0,35.42857142857143,9.795528620364552,33.57142857142857,8.820555413475748,31.966666666666665,9.477680981211055
2025-12-13,105,Dual Monitor Arm,Accessories,28.0,64.99,7,36,5,13,12,4,1,43.0,47.0,30.0,49.0,34.42857142857143,8.303757038376126,33.214285714285715,8.275808781563862,32.666666666666664,9.491678145775333
2025-12-14,105,Dual Monitor Arm,Accessories,28.0,64.99,7,18,6,14,12,4,1,36.0,32.0,22.0,32.0,32.857142857142854,6.335839103296202,33.642857142857146,8.25187291427862,33.03333333333333,9.397297239222533
2025-12-15,105,Dual Monitor Arm,Accessories,28.0,64.99,7,41,0,15,12,4,0,18.0,24.0,27.0,26.0,30.857142857142858,8.493695140682718,33.357142857142854,8.740772214232415,32.166666666666664,9.548725617564932
2025-12-16,105,Dual Monitor Arm,Accessories,28.0,64.99,7,24,1,16,12,4,0,41.0,37.0,31.0,29.0,33.285714285714285,8.635475005547098,34.357142857142854,8.758355508244094,31.9,9.166468127421545
2025-12-17,105,Dual Monitor Arm,Accessories,28.0,64.99,7,30,2,17,12,4,0,24.0,30.0,33.0,24.0,31.428571428571427,9.08950205561601,33.857142857142854,9.155554370117317,31.633333333333333,9.279132440620474
2025-12-18,105,Dual Monitor Arm,Accessories,28.0,64.99,7,25,3,18,12,4,0,30.0,28.0,31.0,17.0,31.428571428571427,9.08950205561601,33.642857142857146,9.212091910236017,31.766666666666666,9.22396927550189
2025-12-19,105,Dual Monitor Arm,Accessories,28.0,64.99,7,49,4,19,12,4,0,25.0,43.0,50.0,35.0,31.0,9.345230512584129,33.214285714285715,9.480170165858043,31.633333333333333,9.29398520116859
2025-12-20,105,Dual Monitor Arm,Accessories,28.0,64.99,7,41,5,20,12,4,1,49.0,36.0,47.0,53.0,31.857142857142858,10.792413561210049,33.142857142857146,9.346798241250099,32.46666666666667,9.697967555763643
2025-12-21,105,Dual Monitor Arm,Accessories,28.0,64.99,7,41,6,21,12,4,1,41.0,18.0,32.0,25.0,32.57142857142857,11.26731471790777,32.714285714285715,8.783100656536718,33.266666666666666,9.36218856425378
2025-12-22,105,Dual Monitor Arm,Accessories,28.0,64.99,7,17,0,22,12,4,0,41.0,41.0,24.0,30.0,35.857142857142854,9.529403119268483,33.357142857142854,9.052047306524583,33.46666666666667,9.464027477345711
2025-12-23,105,Dual Monitor Arm,Accessories,28.0,64.99,7,40,1,23,12,4,0,17.0,24.0,37.0,30.0,32.42857142857143,11.487052753094723,32.857142857142854,9.77325347652879,32.266666666666666,9.17993814618686
2025-12-24,105,Dual Monitor Arm,Accessories,28.0,64.99,7,22,2,24,12,4,0,40.0,30.0,30.0,22.0,34.714285714285715,11.116268644263176,33.07142857142857,9.90310196713268,32.766666666666666,9.178999018874897
2025-12-25,105,Dual Monitor Arm,Accessories,28.0,64.99,7,35,3,25,12,4,0,22.0,25.0,28.0,26.0,33.57142857142857,12.053452380364488,32.5,10.316156111802279,32.5,9.376235550766035
2025-12-26,105,Dual Monitor Arm,Accessories,28.0,64.99,7,38,4,26,12,4,0,35.0,49.0,43.0,48.0,35.0,11.445523142259601,33.0,10.25070354058304,32.666666666666664,9.374703060431564
2025-12-27,105,Dual Monitor Arm,Accessories,28.0,64.99,7,47,5,27,12,4,1,38.0,41.0,36.0,30.0,33.42857142857143,9.846440014156439,32.642857142857146,9.958430080606494,33.2,9.200449764118577
2025-12-28,105,Dual Monitor Arm,Accessories,28.0,64.99,7,36,6,28,12,4,1,47.0,41.0,18.0,22.0,34.285714285714285,10.827654189070472,33.42857142857143,10.653380003290223,33.9,9.429776755319981
2025-12-29,105,Dual Monitor Arm,Accessories,28.0,64.99,7,35,0,29,12,4,0,36.0,17.0,41.0,27.0,33.57142857142857,10.469911538262762,34.714285714285715,9.690824934549498,33.5,9.058240675646218
2025-12-30,105,Dual Monitor Arm,Accessories,28.0,64.99,7,23,1,30,12,4,0,35.0,40.0,24.0,31.0,36.142857142857146,7.515064236331626,34.285714285714285,9.52267392497071,33.666666666666664,9.037597076631645
2024-01-31,106,Noise Cancelling Headset,Electronics,55.0,129.99,9,13,2,31,1,1,0,16.0,14.0,18.0,18.0,19.857142857142858,6.91444313083301,20.785714285714285,5.820105357605339,20.5,6.537689141458535
2024-02-01,106,Noise Cancelling Headset,Electronics,55.0,129.99,9,29,3,1,2,1,0,13.0,15.0,19.0,21.0,19.714285714285715,7.064330251677217,20.428571428571427,6.1483491932548695,20.366666666666667,6.651332940475727
2024-02-02,106,Noise Cancelling Headset,Electronics,55.0,129.99,9,35,4,2,2,1,0,29.0,28.0,30.0,39.0,21.714285714285715,7.476948702830715,21.142857142857142,6.538138324267295,20.9,6.681678500661858
2024-02-03,106,Noise Cancelling Headset,Electronics,55.0,129.99,9,24,5,3,2,1,1,35.0,29.0,24.0,28.0,22.714285714285715,8.807464366741916,21.5,7.165623060568693,21.466666666666665,7.132892885747005
2024-02-04,106,Noise Cancelling Headset,Electronics,55.0,129.99,9,19,6,4,2,1,1,24.0,13.0,25.0,25.0,22.0,8.406346808612328,21.5,7.165623060568693,21.566666666666666,7.147139931147445
2024-02-05,106,Noise Cancelling Headset,Electronics,55.0,129.99,9,13,0,5,2,1,0,19.0,24.0,16.0,15.0,22.857142857142858,7.603257447273755,21.071428571428573,7.1194671982398505,20.9,6.353657648728124
2024-02-06,106,Noise Cancelling Headset,Electronics,55.0,129.99,9,23,1,6,2,1,0,13.0,16.0,20.0,13.0,21.285714285714285,8.42049653552342,20.857142857142858,7.326003663002746,20.4,6.365857203160821
2024-02-07,106,Noise Cancelling Headset,Electronics,55.0,129.99,9,17,2,7,2,1,0,23.0,13.0,14.0,16.0,22.285714285714285,8.097618697581936,21.071428571428573,7.342859280796712,20.333333333333332,6.326372460245061
2024-02-08,106,Noise Cancelling Headset,Electronics,55.0,129.99,9,21,3,8,2,1,0,17.0,29.0,15.0,18.0,22.857142857142858,7.448234050846581,21.285714285714285,7.162171688580447,20.4,6.278589782361357
2024-02-09,106,Noise Cancelling Headset,Electronics,55.0,129.99,9,36,4,9,2,1,0,21.0,35.0,28.0,17.0,21.714285714285715,6.945365018348225,21.714285714285715,6.932959978676789,20.666666666666668,6.121377652768706
2024-02-10,106,Noise Cancelling Headset,Electronics,55.0,129.99,9,38,5,10,2,1,1,36.0,24.0,29.0,29.0,21.857142857142858,7.267016155859557,22.285714285714285,7.770046742049006,21.333333333333332,6.660917060882385
2024-02-11,106,Noise Cancelling Headset,Electronics,55.0,129.99,9,16,6,11,2,1,1,38.0,19.0,13.0,16.0,23.857142857142858,9.529403119268478,22.928571428571427,8.686543844132945,22.0,7.287211282504582
2024-02-12,106,Noise Cancelling Headset,Electronics,55.0,129.99,9,13,0,12,2,1,0,16.0,13.0,24.0,26.0,23.428571428571427,9.846440014156434,23.142857142857142,8.456741897236993,21.966666666666665,7.3131121415852975
2024-02-13,106,Noise Cancelling Headset,Electronics,55.0,129.99,9,21,1,13,2,1,0,13.0,23.0,16.0,13.0,23.428571428571427,9.846440014156434,22.357142857142858,8.871797518473425,21.433333333333334,7.365733024520082
2024-02-14,106,Noise Cancelling Headset,Electronics,55.0,129.99,9,15,2,14,2,1,0,21.0,17.0,13.0,18.0,23.142857142857142,9.889869756954528,22.714285714285715,8.695078815306715,21.6,7.294778482136951
2024-02-15,106,Noise Cancelling Headset,Electronics,55.0,129.99,9,29,3,15,2,1,0,15.0,21.0,29.0,19.0,22.857142857142858,10.123052428797873,22.857142857142858,8.53821403462685,21.233333333333334,7.342288158489754
2024-02-16,106,Noise Cancelling Headset,Electronics,55.0,129.99,9,26,4,16,2,1,0,29.0,36.0,35.0,30.0,24.0,10.327955589886447,22.857142857142858,8.53821403462685,21.766666666666666,7.304619857622149
2024-02-17,106,Noise Cancelling Headset,Electronics,55.0,129.99,9,26,5,17,2,1,1,26.0,38.0,24.0,24.0,22.571428571428573,8.997354108424377,22.214285714285715,7.8659790473676185,22.033333333333335,7.308395424315855
2024-02-18,106,Noise Cancelling Headset,Electronics,55.0,129.99,9,12,6,18,2,1,1,26.0,16.0,19.0,25.0,20.857142857142858,6.309478885734057,22.357142857142858,7.918888255859608,22.266666666666666,7.319945983093203
2024-02-19,106,Noise Cancelling Headset,Electronics,55.0,129.99,9,23,0,19,2,1,0,12.0,13.0,13.0,16.0,20.285714285714285,6.969320524371701,21.857142857142858,8.356086154664506,21.666666666666668,7.401459936755877
2024-02-20,106,Noise Cancelling Headset,Electronics,55.0,129.99,9,27,1,20,2,1,0,23.0,21.0,23.0,20.0,21.714285714285715,6.210590034081193,22.571428571428573,7.95868452325253,21.633333333333333,7.392835923277735
2024-02-21,106,Noise Cancelling Headset,Electronics,55.0,129.99,9,25,2,21,2,1,0,27.0,15.0,17.0,14.0,22.571428571428573,6.502746672423457,22.857142857142858,8.046567761925129,21.7,7.433150350822392
2024-02-22,106,Noise Cancelling Headset,Electronics,55.0,129.99,9,17,3,22,2,1,0,25.0,29.0,21.0,15.0,24.0,5.597618541248892,23.428571428571427,7.880982813703513,22.0,7.376570551648529
2024-02-23,106,Noise Cancelling Headset,Electronics,55.0,129.99,9,36,4,23,2,1,0,17.0,26.0,36.0,28.0,22.285714285714285,5.648430038936656,23.142857142857142,8.046567761925129,21.9,7.424795364647874
2024-02-24,106,Noise Cancelling Headset,Electronics,55.0,129.99,9,31,5,24,2,1,1,36.0,26.0,38.0,29.0,23.714285714285715,7.653197277702215,23.142857142857142,8.046567761925129,22.633333333333333,7.699007250527705
2024-02-25,106,Noise Cancelling Headset,Electronics,55.0,129.99,9,24,6,25,2,1,1,31.0,12.0,16.0,13.0,24.428571428571427,8.121107126025427,22.642857142857142,7.228226113456383,23.166666666666668,7.706170090989712
2024-02-26,106,Noise Cancelling Headset,Electronics,55.0,129.99,9,11,0,26,2,1,0,24.0,23.0,13.0,24.0,26.142857142857142,6.06708528121402,23.214285714285715,6.974443142133799,23.033333333333335,7.654087631538091
2024-02-27,106,Noise Cancelling Headset,Electronics,55.0,129.99,9,20,1,27,2,1,0,11.0,27.0,21.0,16.0,24.428571428571427,8.363753998796293,23.071428571428573,7.216053531635461,22.433333333333334,7.872620968873088
2024-02-28,106,Noise Cancelling Headset,Electronics,55.0,129.99,9,11,2,28,2,1,0,20.0,25.0,15.0,13.0,23.428571428571427,8.423323628614835,23.0,7.243033788512828,22.666666666666668,7.6848858979407
2024-02-29,106,Noise Cancelling Headset,Electronics,55.0,129.99,9,20,3,29,2,1,0,11.0,17.0,29.0,29.0,21.428571428571427,9.571783930858848,22.714285714285715,7.650324994892215,22.233333333333334,7.9684002346048475
2024-03-01,106,Noise Cancelling Headset,Electronics,55.0,129.99,9,31,4,1,3,1,0,20.0,36.0,26.0,35.0,21.857142857142858,9.406178314075836,22.071428571428573,7.45720390695401,22.366666666666667,7.893617383829727
2024-03-02,106,Noise Cancelling Headset,Electronics,55.0,129.99,9,32,5,2,3,1,1,31.0,31.0,26.0,24.0,21.142857142857142,8.275034167675111,22.428571428571427,7.772874784632933,22.966666666666665,7.841020928131892
2024-03-03,106,Noise Cancelling Headset,Electronics,55.0,129.99,9,24,6,3,3,1,1,32.0,24.0,12.0,19.0,21.285714285714285,8.479667558622918,22.857142857142858,8.14160391358572,23.066666666666666,7.93913629165486
2024-03-04,106,Noise Cancelling Headset,Electronics,55.0,129.99,9,24,0,4,3,1,0,24.0,11.0,23.0,13.0,21.285714285714285,8.479667558622918,23.714285714285715,7.518475412440514,22.7,7.616452246786967
2024-03-05,106,Noise Cancelling Headset,Electronics,55.0,129.99,9,29,1,5,3,1,0,24.0,20.0,27.0,23.0,23.142857142857142,7.174690967295421,23.785714285714285,7.515917175502336,22.7,7.616452246786967
2024-03-06,106,Noise Cancelling Headset,Electronics,55.0,129.99,9,18,2,6,3,1,0,29.0,11.0,25.0,17.0,24.428571428571427,7.322502824789324,23.928571428571427,7.600245802849819,23.033333333333335,7.667591148658653
2024-03-07,106,Noise Cancelling Headset,Electronics,55.0,129.99,9,21,3,7,3,1,0,18.0,20.0,17.0,21.0,25.428571428571427,5.411627692821661,23.428571428571427,7.753056823594816,23.2,7.494365699735991
2024-03-08,106,Noise Cancelling Headset,Electronics,55.0,129.99,9,34,4,8,3,1,0,21.0,31.0,36.0,36.0,25.571428571428573,5.255382728122436,23.714285714285715,7.5694585867618915,23.133333333333333,7.505094055480532
2024-03-09,106,Noise Cancelling Headset,Electronics,55.0,129.99,9,25,5,9,3,1,1,34.0,32.0,31.0,38.0,26.0,5.859465277082315,23.571428571428573,7.334998146025521,23.7,7.666091932480422
2024-03-10,106,Noise Cancelling Headset,Electronics,55.0,129.99,9,17,6,10,3,1,1,25.0,24.0,24.0,16.0,25.0,5.228129047119374,23.142857142857142,7.036794974736976,23.833333333333332,7.652285362188726
2024-03-11,106,Noise Cancelling Headset,Electronics,55.0,129.99,9,20,0,11,3,1,0,17.0,24.0,11.0,13.0,24.0,6.055300708194984,22.642857142857142,7.217576227058959,23.2,7.392447217401622
2024-03-12,106,Noise Cancelling Headset,Electronics,55.0,129.99,9,27,1,12,3,1,0,20.0,29.0,20.0,21.0,23.428571428571427,6.2411842588070545,23.285714285714285,6.462061726588644,22.6,6.8611851796147825
2024-03-13,106,Noise Cancelling Headset,Electronics,55.0,129.99,9,23,2,13,3,1,0,27.0,18.0,11.0,15.0,23.142857142857142,5.984105932344766,23.785714285714285,6.4590850915420095,22.966666666666665,6.789867366199043
2024-03-14,106,Noise Cancelling Headset,Electronics,55.0,129.99,9,22,3,14,3,1,0,23.0,21.0,20.0,29.0,23.857142857142858,5.550632739564366,24.642857142857142,5.329268139350742,23.3,6.523961140711773
2024-03-15,106,Noise Cancelling Headset,Electronics,55.0,129.99,9,40,4,15,3,1,0,22.0,34.0,31.0,26.0,24.0,5.477225575051662,24.785714285714285,5.220942612042558,23.333333333333332,6.5143519715467795
2024-03-16,106,Noise Cancelling Headset,Electronics,55.0,129.99,9,33,5,16,3,1,1,40.0,25.0,32.0,26.0,24.857142857142858,7.4258236676383005,25.428571428571427,6.453553412527989,24.166666666666668,6.993017864311139
2024-03-17,106,Noise Cancelling Headset,Electronics,55.0,129.99,9,20,6,17,3,1,1,33.0,17.0,24.0,12.0,26.0,8.04155872120988,25.5,6.53687763620899,24.3,7.125234418406274
2024-03-18,106,Noise Cancelling Headset,Electronics,55.0,129.99,9,22,0,18,3,1,0,20.0,20.0,24.0,23.0,26.428571428571427,7.546680127869535,25.214285714285715,6.693033938110825,24.1,7.15999422076438
2024-03-19,106,Noise Cancelling Headset,Electronics,55.0,129.99,9,35,1,19,3,1,0,22.0,27.0,29.0,27.0,26.714285714285715,7.296444013222826,25.071428571428573,6.742109755561976,23.966666666666665,7.16063632952255
2024-03-20,106,Noise Cancelling Headset,Electronics,55.0,129.99,9,30,2,20,3,1,0,35.0,23.0,18.0,25.0,27.857142857142858,7.9462479915276445,25.5,7.1870610233840475,24.733333333333334,7.0658641921288865
2024-03-21,106,Noise Cancelling Headset,Electronics,55.0,129.99,9,24,3,21,3,1,0,30.0,22.0,21.0,17.0,28.857142857142858,7.668736780560653,26.357142857142858,6.934940994226741,24.966666666666665,7.122007336822053
2024-03-22,106,Noise Cancelling Headset,Electronics,55.0,129.99,9,40,4,22,3,1,0,24.0,40.0,34.0,36.0,29.142857142857142,7.403345447128871,26.571428571428573,6.801745089588131,24.866666666666667,7.113529282330588
2024-03-23,106,Noise Cancelling Headset,Electronics,55.0,129.99,9,37,5,23,3,1,1,40.0,33.0,25.0,31.0,29.142857142857142,7.403345447128871,27.0,7.462727898852246,25.366666666666667,7.63152867288445
2024-03-24,106,Noise Cancelling Headset,Electronics,55.0,129.99,9,19,6,24,3,1,1,37.0,20.0,17.0,24.0,29.714285714285715,7.889112449325032,27.857142857142858,7.892129895390359,26.033333333333335,7.748118051071071
2024-03-25,106,Noise Cancelling Headset,Electronics,55.0,129.99,9,20,0,25,3,1,0,19.0,22.0,20.0,11.0,29.571428571428573,8.10055847575015,28.0,7.6961528850958505,25.466666666666665,7.614565594661479
2024-03-26,106,Noise Cancelling Headset,Electronics,55.0,129.99,9,24,1,26,3,1,0,20.0,35.0,27.0,20.0,29.285714285714285,8.440266301373152,28.0,7.6961528850958505,25.1,7.603764947663122
2024-03-27,106,Noise Cancelling Headset,Electronics,55.0,129.99,9,24,2,27,3,1,0,24.0,30.0,23.0,11.0,27.714285714285715,8.22018421760903,27.785714285714285,7.767571360159158,25.1,7.603764947663122
2024-03-28,106,Noise Cancelling Headset,Electronics,55.0,129.99,9,19,3,28,3,1,0,24.0,24.0,22.0,20.0,26.857142857142858,8.254868693253524,27.857142857142858,7.7246572526119,25.533333333333335,7.128056916320104
2024-03-29,106,Noise Cancelling Headset,Electronics,55.0,129.99,9,42,4,29,3,1,0,19.0,40.0,40.0,31.0,26.142857142857142,8.745066636463697,27.642857142857142,7.938292229219297,25.5,7.157104018458479
2024-03-30,106,Noise Cancelling Headset,Electronics,55.0,129.99,9,29,5,30,3,1,1,42.0,37.0,33.0,32.0,26.428571428571427,9.289010404005062,27.785714285714285,8.191727266236075,26.533333333333335,7.228932927090129
2024-03-31,106,Noise Cancelling Headset,Electronics,55.0,129.99,9,25,6,31,3,1,1,29.0,19.0,20.0,24.0,25.285714285714285,8.19988385515888,27.5,8.06464267890782,26.833333333333332,7.134584700637785
2024-04-01,106,Noise Cancelling Headset,Electronics,55.0,129.99,9,28,0,1,4,2,0,25.0,20.0,22.0,24.0,26.142857142857142,7.7336617335854445,27.857142857142858,7.813766380878366,26.633333333333333,7.097757457080389
2024-04-02,106,Noise Cancelling Headset,Electronics,55.0,129.99,9,20,1,2,4,2,0,28.0,24.0,35.0,29.0,27.285714285714285,7.250615737399725,28.285714285714285,7.630188740770451,26.5,7.030720765523166
2024-04-03,106,Noise Cancelling Headset,Electronics,55.0,129.99,9,18,2,3,4,2,0,20.0,24.0,30.0,18.0,26.714285714285715,7.69662882293899,27.214285714285715,7.667900840301944,26.366666666666667,7.117163970887967
2024-04-04,106,Noise Cancelling Headset,Electronics,55.0,129.99,9,27,3,4,4,2,0,18.0,19.0,24.0,21.0,25.857142857142858,8.355209381548963,26.357142857142858,7.996221635220001,26.166666666666668,7.268654162452177
2024-04-05,106,Noise Cancelling Headset,Electronics,55.0,129.99,9,24,4,5,4,2,0,27.0,42.0,40.0,34.0,27.0,7.788880963698615,26.571428571428573,7.968343961859671,26.1,7.250921463439357
2024-04-06,106,Noise Cancelling Headset,Electronics,55.0,129.99,9,40,5,6,4,2,1,24.0,29.0,37.0,25.0,24.428571428571427,4.117326918327104,25.428571428571427,6.980349183620741,26.3,7.10099555914764
2024-04-07,106,Noise Cancelling Headset,Electronics,55.0,129.99,9,23,6,7,4,2,1,40.0,25.0,19.0,17.0,26.0,7.141428428542851,25.642857142857142,7.396539137244609,26.933333333333334,7.450680752666897
2024-04-08,106,Noise Cancelling Headset,Electronics,55.0,129.99,9,32,0,8,4,2,0,23.0,28.0,20.0,20.0,25.714285714285715,7.227592630889988,25.928571428571427,7.194701957950467,26.566666666666666,7.361050025048355
2024-04-09,106,Noise Cancelling Headset,Electronics,55.0,129.99,9,23,1,9,4,2,0,32.0,20.0,24.0,27.0,26.285714285714285,7.587583842794002,26.785714285714285,7.148733846241277,26.8,7.4203819959296755
2024-04-10,106,Noise Cancelling Headset,Electronics,55.0,129.99,9,20,2,10,4,2,0,23.0,18.0,24.0,23.0,26.714285714285715,7.250615737399727,26.714285714285715,7.183619951277741,27.0,7.225434004385078
2024-04-11,106,Noise Cancelling Headset,Electronics,55.0,129.99,9,16,3,11,4,2,0,20.0,27.0,19.0,22.0,27.0,6.879922480183432,26.428571428571427,7.376827395132845,27.0,7.225434004385078
2024-04-12,106,Noise Cancelling Headset,Electronics,55.0,129.99,9,32,4,12,4,2,0,16.0,24.0,42.0,40.0,25.428571428571427,8.038597366397177,26.214285714285715,7.647810862528637,26.633333333333333,7.49934863071837
2024-04-13,106,Noise Cancelling Headset,Electronics,55.0,129.99,9,37,5,13,4,2,1,32.0,40.0,29.0,33.0,26.571428571428573,8.363753998796293,25.5,6.430097498961729,26.933333333333334,7.528947965769481
2024-04-14,106,Noise Cancelling Headset,Electronics,55.0,129.99,9,29,6,14,4,2,1,37.0,23.0,25.0,20.0,26.142857142857142,7.603257447273755,26.071428571428573,7.086979238383217,27.433333333333334,7.686456218271353
2024-04-15,106,Noise Cancelling Headset,Electronics,55.0,129.99,9,18,0,15,4,2,0,29.0,32.0,28.0,22.0,27.0,7.527726527090811,26.357142857142858,7.121010546881056,27.066666666666666,7.319945983093204
2024-04-16,106,Noise Cancelling Headset,Electronics,55.0,129.99,9,25,1,16,4,2,0,18.0,23.0,20.0,35.0,25.0,7.831560082980488,25.642857142857142,7.43802230597461,26.566666666666666,7.412400296861979
2024-04-17,106,Noise Cancelling Headset,Electronics,55.0,129.99,9,19,2,17,4,2,0,25.0,20.0,18.0,30.0,25.285714285714285,7.782764841072136,26.0,7.264243303278794,26.733333333333334,7.315233672150258
2024-04-18,106,Noise Cancelling Headset,Electronics,55.0,129.99,9,23,3,18,4,2,0,19.0,16.0,27.0,24.0,25.142857142857142,7.90418816047483,26.071428571428573,7.184002374017574,26.633333333333333,7.4021587407315526
2024-04-19,106,Noise Cancelling Headset,Electronics,55.0,129.99,9,38,4,19,4,2,0,23.0,32.0,24.0,40.0,26.142857142857142,6.938505396903368,25.785714285714285,7.223663799023229,26.233333333333334,7.257259544204964
2024-04-20,106,Noise Cancelling Headset,Electronics,55.0,129.99,9,31,5,20,4,2,1,38.0,37.0,40.0,37.0,27.0,8.062257748298553,26.785714285714285,7.895262176467913,26.5,7.541837332164333
2024-04-21,106,Noise Cancelling Headset,Electronics,55.0,129.99,9,15,6,21,4,2,1,31.0,29.0,23.0,19.0,26.142857142857142,7.081162132224991,26.142857142857142,7.058624216104428,26.733333333333334,7.570055952662227
2024-04-22,106,Noise Cancelling Headset,Electronics,55.0,129.99,9,18,0,22,4,2,0,15.0,18.0,32.0,20.0,24.142857142857142,8.050436249640377,25.571428571428573,7.6330686007487385,25.9,7.43407810299161
2024-04-23,106,Noise Cancelling Headset,Electronics,55.0,129.99,9,25,1,23,4,2,0,18.0,25.0,23.0,24.0,24.142857142857142,8.050436249640377,24.571428571428573,7.643139565491559,25.266666666666666,7.263196471837022
2024-04-24,106,Noise Cancelling Headset,Electronics,55.0,129.99,9,19,2,24,4,2,0,25.0,19.0,20.0,24.0,24.142857142857142,8.050436249640377,24.714285714285715,7.63018874077046,25.466666666666665,7.166653301243887
2024-04-25,106,Noise Cancelling Headset,Electronics,55.0,129.99,9,25,3,25,4,2,0,19.0,23.0,16.0,19.0,24.142857142857142,8.050436249640377,24.642857142857142,7.682218658466029,25.433333333333334,7.19522510890494
2024-04-26,106,Noise Cancelling Headset,Electronics,55.0,129.99,9,40,4,26,4,2,0,25.0,38.0,32.0,42.0,24.428571428571427,8.038597366397177,25.285714285714285,7.268780147670232,25.466666666666665,7.190670839806033
2024-04-27,106,Noise Cancelling Headset,Electronics,55.0,129.99,9,33,5,27,4,2,1,40.0,31.0,37.0,29.0,24.714285714285715,8.616153157766826,25.857142857142858,8.103723198032474,26.0,7.656414934887766
2024-04-28,106,Noise Cancelling Headset,Electronics,55.0,129.99,9,30,6,28,4,2,1,33.0,15.0,29.0,25.0,25.0,8.88819441731559,25.571428571428573,7.743128822126362,26.466666666666665,7.641688445549884
2024-04-29,106,Noise Cancelling Headset,Electronics,55.0,129.99,9,26,0,29,4,2,0,30.0,18.0,18.0,28.0,27.142857142857142,7.8193898190880065,25.642857142857142,7.781705793394214,26.066666666666666,7.095084910348677
2024-04-30,106,Noise Cancelling Headset,Electronics,55.0,129.99,9,25,1,30,4,2,0,26.0,25.0,25.0,20.0,28.285714285714285,6.775305299745682,26.214285714285715,7.464568321060516,25.966666666666665,7.073424441763223
2024-05-01,106,Noise Cancelling Headset,Electronics,55.0,129.99,9,16,2,1,5,2,0,25.0,19.0,19.0,18.0,28.285714285714285,6.775305299745682,26.214285714285715,7.464568321060516,25.966666666666665,7.073424441763223
2024-05-02,106,Noise Cancelling Headset,Electronics,55.0,129.99,9,30,3,2,5,2,0,16.0,25.0,23.0,27.0,27.857142857142858,7.515064236331616,26.0,7.726079710455212,25.566666666666666,7.290444068274832
2024-05-03,106,Noise Cancelling Headset,Electronics,55.0,129.99,9,34,4,3,5,2,0,30.0,40.0,38.0,24.0,28.571428571428573,7.435436388384632,26.5,7.74348361278943,25.9,7.2556755430633
2024-05-04,106,Noise Cancelling Headset,Electronics,55.0,129.99,9,39,5,4,5,2,1,34.0,33.0,31.0,40.0,27.714285714285715,6.1295537008356975,26.214285714285715,7.350338259391368,26.433333333333334,7.2429910631057615
2024-05-05,106,Noise Cancelling Headset,Electronics,55.0,129.99,9,25,6,5,5,2,1,39.0,30.0,15.0,23.0,28.571428571428573,7.299706452023554,26.785714285714285,8.030505027021087,26.833333333333332,7.598018495467836
2024-05-06,106,Noise Cancelling Headset,Electronics,55.0,129.99,9,22,0,6,5,2,0,25.0,26.0,18.0,32.0,27.857142857142858,7.380798769522883,27.5,7.314369419163891,26.866666666666667,7.587345787029485
2024-05-07,106,Noise Cancelling Headset,Electronics,55.0,129.99,9,25,1,7,5,2,0,22.0,25.0,25.0,23.0,27.285714285714285,7.696628822938993,27.785714285714285,6.985463713791891,26.266666666666666,7.215564275653844
2024-05-08,106,Noise Cancelling Headset,Electronics,55.0,129.99,9,23,2,8,5,2,0,25.0,16.0,19.0,20.0,27.285714285714285,7.696628822938993,27.785714285714285,6.985463713791891,26.333333333333332,7.193547555746166
2024-05-09,106,Noise Cancelling Headset,Electronics,55.0,129.99,9,18,3,9,5,2,0,23.0,30.0,25.0,16.0,28.285714285714285,6.317021600783231,28.071428571428573,6.673302558176641,26.033333333333335,7.136517712264945
2024-05-10,106,Noise Cancelling Headset,Electronics,55.0,129.99,9,38,4,10,5,2,0,18.0,34.0,40.0,32.0,26.571428571428573,7.322502824789325,27.571428571428573,7.165239656889311,25.866666666666667,7.266993560083762
2024-05-11,106,Noise Cancelling Headset,Electronics,55.0,129.99,9,41,5,11,5,2,1,38.0,39.0,33.0,37.0,27.142857142857142,8.11230693511555,27.428571428571427,6.913913349341146,26.466666666666665,7.505094055480533
2024-05-12,106,Noise Cancelling Headset,Electronics,55.0,129.99,9,28,6,12,5,2,1,41.0,25.0,30.0,29.0,27.428571428571427,8.618916073713347,28.0,7.696152885095845,27.3,7.688549479807511
2024-05-13,106,Noise Cancelling Headset,Electronics,55.0,129.99,9,25,0,13,5,2,0,28.0,22.0,26.0,18.0,27.857142857142858,8.55235974119758,27.857142857142858,7.674705134472515,27.166666666666668,7.638754788094964
2024-05-14,106,Noise Cancelling Headset,Electronics,55.0,129.99,9,19,1,14,5,2,0,25.0,25.0,25.0,25.0,28.285714285714285,8.28078671210825,27.785714285714285,7.697937500281595,26.766666666666666,7.417050874718399
2024-05-15,106,Noise Cancelling Headset,Electronics,55.0,129.99,9,23,2,15,5,2,0,19.0,23.0,16.0,19.0,27.428571428571427,8.96022958889527,27.357142857142858,8.025029526493894,26.433333333333334,7.536958745172805
2024-05-16,106,Noise Cancelling Headset,Electronics,55.0,129.99,9,26,3,16,5,2,0,23.0,18.0,30.0,23.0,27.428571428571427,8.96022958889527,27.857142857142858,7.461255234230333,26.6,7.398042611580354
2024-05-17,106,Noise Cancelling Headset,Electronics,55.0,129.99,9,32,4,17,5,2,0,26.0,38.0,34.0,38.0,28.571428571428573,8.017837257372731,27.571428571428573,7.449463436684913,26.633333333333333,7.392835923277737
2024-05-18,106,Noise Cancelling Headset,Electronics,55.0,129.99,9,25,5,18,5,2,1,32.0,41.0,39.0,31.0,27.714285714285715,7.111359122659224,27.428571428571427,7.334998146025513,27.066666666666666,7.310518323684005
2024-05-19,106,Noise Cancelling Headset,Electronics,55.0,129.99,9,23,6,19,5,2,1,25.0,28.0,25.0,15.0,25.428571428571427,4.035556254807299,26.428571428571427,6.548215091085573,27.133333333333333,7.281215005342381
2024-05-20,106,Noise Cancelling Headset,Electronics,55.0,129.99,9,23,0,20,5,2,0,23.0,25.0,22.0,18.0,24.714285714285715,3.946064947695186,26.285714285714285,6.603362446844454,26.633333333333333,7.019594905952778
2024-05-21,106,Noise Cancelling Headset,Electronics,55.0,129.99,9,15,1,21,5,2,0,23.0,19.0,25.0,25.0,24.428571428571427,3.9940431835899064,26.357142857142858,6.558695260223902,26.366666666666667,6.999917897712278
2024-05-22,106,Noise Cancelling Headset,Electronics,55.0,129.99,9,20,2,22,5,2,0,15.0,23.0,23.0,19.0,23.857142857142858,5.04739442447195,25.642857142857142,7.228226113456381,26.366666666666667,6.999917897712278
2024-05-23,106,Noise Cancelling Headset,Electronics,55.0,129.99,9,41,3,23,5,2,0,20.0,26.0,18.0,25.0,23.428571428571427,5.255382728122441,25.428571428571427,7.3559425031664105,26.433333333333334,6.926626951088116
2024-05-24,106,Noise Cancelling Headset,Electronics,55.0,129.99,9,30,4,24,5,2,0,41.0,32.0,38.0,40.0,25.571428571428573,8.52168103246347,27.071428571428573,8.099993216657039,26.966666666666665,7.411469831111189
2024-05-25,106,Noise Cancelling Headset,Electronics,55.0,129.99,9,44,5,25,5,2,1,30.0,25.0,41.0,33.0,25.285714285714285,8.300889223737535,26.5,7.531983087525435,27.333333333333332,7.2745817907206956
2024-05-26,106,Noise Cancelling Headset,Electronics,55.0,129.99,9,32,6,26,5,2,1,44.0,23.0,28.0,30.0,28.0,10.893423092245463,26.714285714285715,8.004119818314441,27.966666666666665,7.867363109635316
2024-05-27,106,Noise Cancelling Headset,Electronics,55.0,129.99,9,17,0,27,5,2,0,32.0,23.0,25.0,26.0,29.285714285714285,10.734900802433867,27.0,8.124038404635957,27.7,7.575596027535647
2024-05-28,106,Noise Cancelling Headset,Electronics,55.0,129.99,9,16,1,28,5,2,0,17.0,15.0,19.0,25.0,28.428571428571427,11.530497862294629,26.428571428571427,8.545932777231927,27.166666666666668,7.750787872447434
2024-05-29,106,Noise Cancelling Headset,Electronics,55.0,129.99,9,28,2,29,5,2,0,16.0,20.0,23.0,16.0,28.571428571428573,11.341033798514475,26.214285714285715,8.780910864164126,26.7,7.99202188392296
2024-05-30,106,Noise Cancelling Headset,Electronics,55.0,129.99,9,24,3,30,5,2,0,28.0,41.0,26.0,30.0,29.714285714285715,10.71936387593788,26.571428571428573,8.741715073003832,26.766666666666666,7.994322698158919
2024-05-31,106,Noise Cancelling Headset,Electronics,55.0,129.99,9,37,4,31,5,2,0,24.0,30.0,32.0,34.0,27.285714285714285,9.604066599003533,26.428571428571427,8.768073954929944,26.733333333333334,8.004021977486818
2024-06-01,106,Noise Cancelling Headset,Electronics,55.0,129.99,9,37,5,1,6,2,1,37.0,44.0,25.0,39.0,28.285714285714285,10.274795792200866,26.785714285714285,9.10771922330445,27.433333333333334,7.951071640344157
2024-06-02,106,Noise Cancelling Headset,Electronics,55.0,129.99,9,22,6,2,6,2,1,37.0,32.0,23.0,25.0,27.285714285714285,8.712333895390026,27.642857142857142,9.48364700099916,27.666666666666668,8.129695813681382
2024-06-03,106,Noise Cancelling Headset,Electronics,55.0,129.99,9,16,0,3,6,2,0,22.0,17.0,23.0,22.0,25.857142857142858,8.629958891917765,27.571428571428573,9.52498161285756,27.266666666666666,8.102504224784072
2024-06-04,106,Noise Cancelling Headset,Electronics,55.0,129.99,9,22,1,4,6,2,0,16.0,16.0,15.0,25.0,25.714285714285715,8.807464366741916,27.071428571428573,9.957326531170482,26.5,8.041916052353661
2024-06-05,106,Noise Cancelling Headset,Electronics,55.0,129.99,9,22,2,5,6,2,0,22.0,28.0,20.0,23.0,26.571428571428573,7.955231881329061,27.571428571428573,9.468281346070762,26.4,8.079774663979789
2024-06-06,106,Noise Cancelling Headset,Electronics,55.0,129.99,9,27,3,6,6,2,0,22.0,24.0,41.0,18.0,25.714285714285715,8.097618697581938,27.714285714285715,9.359721983285375,26.4,8.079774663979789
2024-06-07,106,Noise Cancelling Headset,Electronics,55.0,129.99,9,34,4,7,6,2,0,27.0,37.0,30.0,38.0,26.142857142857142,8.071112509614593,26.714285714285715,8.543360637887819,26.466666666666665,8.076075068109953
2024-06-08,106,Noise Cancelling Headset,Electronics,55.0,129.99,9,37,5,8,6,2,1,34.0,37.0,44.0,41.0,25.714285714285715,7.4546246432284295,27.0,8.726617108241092,26.833333333333332,8.162501870236186
2024-06-09,106,Noise Cancelling Headset,Electronics,55.0,129.99,9,22,6,9,6,2,1,37.0,22.0,32.0,28.0,25.714285714285715,7.4546246432284295,26.5,7.8323785561063,27.466666666666665,8.190546835911778
2024-06-10,106,Noise Cancelling Headset,Electronics,55.0,129.99,9,22,0,10,6,2,0,22.0,16.0,17.0,25.0,25.714285714285715,7.4546246432284295,25.785714285714285,7.747739833491605,26.933333333333334,7.999712638517126
2024-06-11,106,Noise Cancelling Headset,Electronics,55.0,129.99,9,28,1,11,6,2,0,22.0,22.0,16.0,19.0,26.571428571428573,6.425396041156865,26.142857142857142,7.419901957232659,26.3,7.589239205884736
2024-06-12,106,Noise Cancelling Headset,Electronics,55.0,129.99,9,21,2,12,6,2,0,28.0,22.0,28.0,23.0,27.428571428571427,6.106202935189292,27.0,6.827546017082898,26.3,7.589239205884736
2024-06-13,106,Noise Cancelling Headset,Electronics,55.0,129.99,9,23,3,13,6,2,0,21.0,27.0,24.0,26.0,27.285714285714285,6.264031867582992,26.5,7.002746713858891,26.166666666666668,7.647777830659471
2024-06-14,106,Noise Cancelling Headset,Electronics,55.0,129.99,9,44,4,14,6,2,0,23.0,34.0,37.0,32.0,26.714285714285715,6.473388749701499,26.428571428571427,7.035233151396295,26.3,7.552802631222859
2024-06-15,106,Noise Cancelling Headset,Electronics,55.0,129.99,9,37,5,15,6,2,1,44.0,37.0,37.0,25.0,28.142857142857142,8.970852271450607,26.928571428571427,8.023660067520359,27.0,8.183246131052112
2024-06-16,106,Noise Cancelling Headset,Electronics,55.0,129.99,9,22,6,16,6,2,1,37.0,22.0,22.0,23.0,28.142857142857142,8.970852271450607,26.928571428571427,8.023660067520359,27.366666666666667,8.38094445066053
2024-06-17,106,Noise Cancelling Headset,Electronics,55.0,129.99,9,25,0,17,6,2,0,22.0,22.0,16.0,23.0,28.142857142857142,8.970852271450607,26.928571428571427,8.023660067520359,27.033333333333335,8.389169262778067
2024-06-18,106,Noise Cancelling Headset,Electronics,55.0,129.99,9,20,1,18,6,2,0,25.0,28.0,22.0,15.0,28.571428571428573,8.695921320886457,27.571428571428573,7.418420791042184,27.033333333333335,8.389169262778067
2024-06-19,106,Noise Cancelling Headset,Electronics,55.0,129.99,9,36,2,19,6,2,0,20.0,21.0,22.0,20.0,27.428571428571427,9.289010404005065,27.428571428571427,7.5520174147685175,26.933333333333334,8.456514865957546
2024-06-20,106,Noise Cancelling Headset,Electronics,55.0,129.99,9,27,3,20,6,2,0,36.0,23.0,27.0,41.0,29.571428571428573,9.289010404005067,28.428571428571427,7.7032888651964235,27.366666666666667,8.580182995128082
2024-06-21,106,Noise Cancelling Headset,Electronics,55.0,129.99,9,39,4,21,6,2,0,27.0,44.0,34.0,30.0,30.142857142857142,8.933617621631447,28.428571428571427,7.7032888651964235,27.766666666666666,8.257424384834803
2024-06-22,106,Noise Cancelling Headset,Electronics,55.0,129.99,9,32,5,22,6,2,1,39.0,37.0,37.0,44.0,29.428571428571427,7.764387566686402,28.785714285714285,8.087773977559447,28.4,8.369072786775419
2024-06-23,106,Noise Cancelling Headset,Electronics,55.0,129.99,9,19,6,23,6,2,1,32.0,22.0,22.0,32.0,28.714285714285715,7.158079018709931,28.428571428571427,7.802507345662724,28.1,8.057337628222642
2024-06-24,106,Noise Cancelling Headset,Electronics,55.0,129.99,9,19,0,24,6,2,0,19.0,25.0,22.0,17.0,28.285714285714285,7.6966288229389965,28.214285714285715,8.030505027021082,27.733333333333334,8.216607796296532
2024-06-25,106,Noise Cancelling Headset,Electronics,55.0,129.99,9,38,1,25,6,2,0,19.0,20.0,28.0,16.0,27.428571428571427,8.423323628614837,28.0,8.246211251235314,26.9,7.765307463326874
2024-06-26,106,Noise Cancelling Headset,Electronics,55.0,129.99,9,25,2,26,6,2,0,38.0,36.0,21.0,28.0,30.0,8.524474568362955,28.714285714285715,8.66849797501603,27.1,7.975609370298062
2024-06-27,106,Noise Cancelling Headset,Electronics,55.0,129.99,9,28,3,27,6,2,0,25.0,27.0,23.0,24.0,28.428571428571427,8.243323416704031,29.0,8.458041235325197,27.366666666666667,7.757013882146669
2024-06-28,106,Noise Cancelling Headset,Electronics,55.0,129.99,9,30,4,28,6,2,0,28.0,39.0,44.0,37.0,28.571428571428573,8.22308017831808,29.357142857142858,8.289076619792523,27.766666666666666,7.454151045967072
2024-06-29,106,Noise Cancelling Headset,Electronics,55.0,129.99,9,50,5,29,6,2,1,30.0,32.0,37.0,37.0,27.285714285714285,6.921326600064613,28.357142857142858,7.153343950232614,27.833333333333332,7.465245143829592
2024-06-30,106,Noise Cancelling Headset,Electronics,55.0,129.99,9,17,6,30,6,2,1,50.0,19.0,22.0,22.0,29.857142857142858,11.066896153673378,29.285714285714285,8.97371007596481,28.7,8.449239916845412
2024-07-01,106,Noise Cancelling Headset,Electronics,55.0,129.99,9,24,0,1,7,3,0,17.0,19.0,25.0,16.0,29.571428571428573,11.414276774536106,28.928571428571427,9.376437618711183,28.033333333333335,8.560064990622338
2024-07-02,106,Noise Cancelling Headset,Electronics,55.0,129.99,9,18,1,2,7,3,0,24.0,38.0,20.0,22.0,30.285714285714285,10.781377242175294,28.857142857142858,9.412407056295772,27.6,8.418370716310932
2024-07-03,106,Noise Cancelling Headset,Electronics,55.0,129.99,9,21,2,3,7,3,0,18.0,25.0,36.0,22.0,27.428571428571427,11.043205193800437,28.714285714285715,9.571018524921758,27.466666666666665,8.540908993589715
2024-07-04,106,Noise Cancelling Headset,Electronics,55.0,129.99,9,26,3,4,7,3,0,21.0,28.0,27.0,27.0,26.857142857142858,11.290535437975937,27.642857142857142,9.532189536650918,27.633333333333333,8.35622144163313
2024-07-05,106,Noise Cancelling Headset,Electronics,55.0,129.99,9,42,4,5,7,3,0,26.0,30.0,39.0,34.0,26.571428571428573,11.282097069504157,27.571428571428573,9.541119799738755,27.766666666666666,8.294922972905585
2024-07-06,106,Noise Cancelling Headset,Electronics,55.0,129.99,9,41,5,6,7,3,1,42.0,50.0,32.0,37.0,28.285714285714285,12.711075036023846,27.785714285714285,9.84634701046786,28.433333333333334,8.613074797728418
2024-07-07,106,Noise Cancelling Headset,Electronics,55.0,129.99,9,19,6,7,7,3,1,41.0,17.0,19.0,22.0,27.0,10.392304845413264,28.428571428571427,10.419761445034547,28.9,8.906990667931609
2024-07-08,106,Noise Cancelling Headset,Electronics,55.0,129.99,9,30,0,8,7,3,0,19.0,24.0,19.0,22.0,27.285714285714285,10.09478884894389,28.428571428571427,10.419761445034547,28.4,9.030981158747661
2024-07-09,106,Noise Cancelling Headset,Electronics,55.0,129.99,9,21,1,9,7,3,0,30.0,18.0,38.0,28.0,28.142857142857142,10.023781246425447,29.214285714285715,10.062715426674927,28.166666666666668,8.890457237119897
2024-07-10,106,Noise Cancelling Headset,Electronics,55.0,129.99,9,19,2,10,7,3,0,21.0,21.0,25.0,21.0,28.571428571428573,9.571783930858848,28.0,9.946008089835681,28.133333333333333,8.916212793261089
2024-07-11,106,Noise Cancelling Headset,Electronics,55.0,129.99,9,28,3,11,7,3,0,19.0,26.0,28.0,23.0,28.285714285714285,9.860937847795983,27.571428571428573,10.210961573903614,28.033333333333335,9.003766772409984
2024-07-12,106,Noise Cancelling Headset,Electronics,55.0,129.99,9,35,4,12,7,3,0,28.0,42.0,30.0,44.0,28.571428571428573,9.812528434899658,27.571428571428573,10.210961573903614,28.033333333333335,9.003766772409984
2024-07-13,106,Noise Cancelling Headset,Electronics,55.0,129.99,9,33,5,13,7,3,1,35.0,41.0,50.0,37.0,27.571428571428573,8.48247493084306,27.928571428571427,10.38833877083253,28.5,8.989457426763103
2024-07-14,106,Noise Cancelling Headset,Electronics,55.0,129.99,9,22,6,14,7,3,1,33.0,19.0,17.0,22.0,26.428571428571427,6.729466121893642,26.714285714285715,8.4163629220207,28.833333333333332,8.963848208924768
2024-07-15,106,Noise Cancelling Headset,Electronics,55.0,129.99,9,30,0,15,7,3,0,22.0,30.0,24.0,25.0,26.857142857142858,6.256425268702339,27.071428571428573,8.071452883363166,28.1,8.571605088494426
2024-07-16,106,Noise Cancelling Headset,Electronics,55.0,129.99,9,22,1,16,7,3,0,30.0,21.0,18.0,20.0,26.857142857142858,6.256425268702339,27.5,8.055098719731205,27.866666666666667,8.414819986327629
2024-07-17,106,Noise Cancelling Headset,Electronics,55.0,129.99,9,21,2,17,7,3,0,22.0,19.0,21.0,36.0,27.0,6.110100926607786,27.785714285714285,7.757661933941089,27.866666666666667,8.414819986327629
2024-07-18,106,Noise Cancelling Headset,Electronics,55.0,129.99,9,28,3,18,7,3,0,21.0,28.0,26.0,27.0,27.285714285714285,5.707138387268051,27.785714285714285,7.757661933941089,27.733333333333334,8.493134482235249
2024-07-19,106,Noise Cancelling Headset,Electronics,55.0,129.99,9,40,4,19,7,3,0,28.0,35.0,42.0,39.0,27.285714285714285,5.707138387268051,27.928571428571427,7.740644832155931,28.0,8.36660026534076
2024-07-20,106,Noise Cancelling Headset,Electronics,55.0,129.99,9,45,5,20,7,3,1,40.0,33.0,41.0,32.0,28.0,7.000000000000002,27.785714285714285,7.474866311421649,28.133333333333333,8.528788301104532
2024-07-21,106,Noise Cancelling Headset,Electronics,55.0,129.99,9,25,6,21,7,3,1,45.0,22.0,19.0,19.0,29.714285714285715,9.46421832860108,28.071428571428573,8.071452883363165,28.733333333333334,9.0627442495821
2024-07-22,106,Noise Cancelling Headset,Electronics,55.0,129.99,9,24,0,22,7,3,0,25.0,30.0,30.0,19.0,30.142857142857142,9.118270512704544,28.5,7.7036454906851555,28.266666666666666,8.874346341478104
2024-07-23,106,Noise Cancelling Headset,Electronics,55.0,129.99,9,19,1,23,7,3,0,24.0,22.0,21.0,38.0,29.285714285714285,9.411239481143205,28.071428571428573,7.780293505579782,28.0,8.878490085982898
2024-07-24,106,Noise Cancelling Headset,Electronics,55.0,129.99,9,23,2,24,7,3,0,19.0,21.0,19.0,25.0,28.857142857142858,9.856107606091625,27.928571428571427,7.93690780433447,28.0,8.878490085982898
2024-07-25,106,Noise Cancelling Headset,Electronics,55.0,129.99,9,20,3,25,7,3,0,23.0,28.0,28.0,28.0,29.142857142857142,9.616454152970862,28.214285714285715,7.657862439536051,28.133333333333333,8.76801921300018
2024-07-26,106,Noise Cancelling Headset,Electronics,55.0,129.99,9,48,4,26,7,3,0,20.0,40.0,35.0,30.0,28.0,10.230672835481872,27.642857142857142,7.967309582162721,27.533333333333335,8.685037999771293
2024-07-27,106,Noise Cancelling Headset,Electronics,55.0,129.99,9,34,5,27,7,3,1,48.0,45.0,33.0,50.0,29.142857142857142,12.07516144030894,28.571428571428573,9.50072293374226,28.3,9.436356690280787
2024-07-28,106,Noise Cancelling Headset,Electronics,55.0,129.99,9,18,6,28,7,3,1,34.0,25.0,22.0,17.0,27.571428571428573,10.244626930854093,28.642857142857142,9.540255946067873,28.5,9.49319175278644
2024-07-29,106,Noise Cancelling Headset,Electronics,55.0,129.99,9,20,0,29,7,3,0,18.0,24.0,30.0,24.0,26.571428571428573,10.860588425696875,28.357142857142858,9.810568421210498,28.1,9.678807279041548
2024-07-30,106,Noise Cancelling Headset,Electronics,55.0,129.99,9,24,1,30,7,3,0,20.0,19.0,22.0,18.0,26.0,11.12055154507485,27.642857142857142,10.043039249282923,27.1,8.852624781229657
2024-07-31,106,Noise Cancelling Headset,Electronics,55.0,129.99,9,15,2,31,7,3,0,24.0,23.0,21.0,21.0,26.714285714285715,10.750415274370965,27.785714285714285,9.970561063053966,27.333333333333332,8.66755079486756
2024-08-01,106,Noise Cancelling Headset,Electronics,55.0,129.99,9,31,3,1,8,3,0,15.0,20.0,28.0,26.0,25.571428571428573,11.602544876838339,27.357142857142858,10.404193997963162,27.033333333333335,8.938422808239196
2024-08-02,106,Noise Cancelling Headset,Electronics,55.0,129.99,9,55,4,2,8,3,0,31.0,48.0,40.0,42.0,27.142857142857142,11.466306749611684,27.571428571428573,10.449249407819353,27.466666666666665,8.79942526858836
2024-08-03,106,Noise Cancelling Headset,Electronics,55.0,129.99,9,27,5,3,8,3,1,55.0,34.0,45.0,41.0,28.142857142857142,13.680016708427557,28.642857142857142,12.4072382277266,28.6,10.03992031840891
2024-08-04,106,Noise Cancelling Headset,Electronics,55.0,129.99,9,25,6,4,8,3,1,27.0,18.0,25.0,19.0,27.142857142857142,13.434142714598147,27.357142857142858,11.479795916553318,28.633333333333333,10.032647855302498
2024-08-05,106,Noise Cancelling Headset,Electronics,55.0,129.99,9,23,0,5,8,3,0,25.0,20.0,24.0,30.0,28.142857142857142,12.889641466808033,27.357142857142858,11.479795916553318,28.066666666666666,9.727080340678958
2024-08-06,106,Noise Cancelling Headset,Electronics,55.0,129.99,9,24,1,6,8,3,0,23.0,24.0,19.0,21.0,28.571428571428573,12.620844436317022,27.285714285714285,11.505373804167613,27.466666666666665,9.45309047561854
2024-08-07,106,Noise Cancelling Headset,Electronics,55.0,129.99,9,30,2,7,8,3,0,24.0,15.0,23.0,19.0,28.571428571428573,12.620844436317022,27.642857142857142,11.304234352034383,27.633333333333333,9.342093589965701
2024-08-08,106,Noise Cancelling Headset,Electronics,55.0,129.99,9,26,3,8,8,3,0,30.0,31.0,20.0,28.0,30.714285714285715,11.116268644263174,28.142857142857142,11.23769167959836,27.633333333333333,9.342093589965701
2024-08-09,106,Noise Cancelling Headset,Electronics,55.0,129.99,9,37,4,9,8,3,0,26.0,55.0,48.0,35.0,30.0,11.254628677422758,28.571428571428573,11.015473632153055,27.8,9.263945685029274
2024-08-10,106,Noise Cancelling Headset,Electronics,55.0,129.99,9,51,5,10,8,3,1,37.0,27.0,34.0,33.0,27.428571428571427,4.7908643220593286,27.785714285714285,9.854156260400762,28.4,9.257243203251063
2024-08-11,106,Noise Cancelling Headset,Electronics,55.0,129.99,9,22,6,11,8,3,1,51.0,25.0,18.0,22.0,30.857142857142858,10.09007055523022,29.0,11.575836902790218,29.166666666666668,10.133874002515062
2024-08-12,106,Noise Cancelling Headset,Electronics,55.0,129.99,9,20,0,12,8,3,0,22.0,23.0,20.0,30.0,30.428571428571427,10.438025721005914,29.285714285714285,11.330208575910072,28.733333333333334,10.153760415467401
2024-08-13,106,Noise Cancelling Headset,Electronics,55.0,129.99,9,20,1,13,8,3,0,20.0,24.0,24.0,22.0,30.0,10.84742673018199,29.285714285714285,11.330208575910072,28.3,10.242406775349444
2024-08-14,106,Noise Cancelling Headset,Electronics,55.0,129.99,9,21,2,14,8,3,0,20.0,30.0,15.0,21.0,29.428571428571427,11.311603818750948,29.0,11.52255313588228,28.233333333333334,10.291219335059326
2024-08-15,106,Noise Cancelling Headset,Electronics,55.0,129.99,9,29,3,15,8,3,0,21.0,26.0,31.0,28.0,28.142857142857142,11.739230119966294,29.428571428571427,11.064247937278981,27.933333333333334,10.368830391040301
2024-08-16,106,Noise Cancelling Headset,Electronics,55.0,129.99,9,43,4,16,8,3,0,29.0,37.0,55.0,40.0,28.571428571428573,11.702665549026896,29.285714285714285,11.055305523583687,28.166666666666668,10.309297221217475
2024-08-17,106,Noise Cancelling Headset,Electronics,55.0,129.99,9,29,5,17,8,3,1,43.0,51.0,27.0,45.0,29.428571428571427,12.60763185346007,28.428571428571427,9.221332172358117,28.9,10.561315226350594
2024-08-18,106,Noise Cancelling Headset,Electronics,55.0,129.99,9,24,6,18,8,3,1,29.0,22.0,25.0,25.0,26.285714285714285,8.360906763309941,28.571428571428573,9.212986534187529,28.933333333333334,10.559954719512817
2024-08-19,106,Noise Cancelling Headset,Electronics,55.0,129.99,9,21,0,19,8,3,0,24.0,20.0,23.0,24.0,26.571428571428573,8.223080178318076,28.5,9.246621004453456,28.4,10.384338339953143
2024-08-20,106,Noise Cancelling Headset,Electronics,55.0,129.99,9,29,1,20,8,3,0,21.0,20.0,24.0,19.0,26.714285714285715,8.097618697581938,28.357142857142858,9.352968618466644,27.6,9.977906628629839
2024-08-21,106,Noise Cancelling Headset,Electronics,55.0,129.99,9,20,2,21,8,3,0,29.0,21.0,30.0,23.0,28.0,7.549834435270751,28.714285714285715,9.26887738143556,27.733333333333334,9.968686605750943
2024-08-22,106,Noise Cancelling Headset,Electronics,55.0,129.99,9,18,3,22,8,3,0,20.0,29.0,26.0,20.0,27.857142857142858,7.712080813644946,28.0,9.543423027243577,27.6,10.046787100087412
2024-08-23,106,Noise Cancelling Headset,Electronics,55.0,129.99,9,38,4,23,8,3,0,18.0,43.0,37.0,48.0,26.285714285714285,8.51888658050033,27.428571428571427,9.905043670266682,27.566666666666666,10.077914854576418
2024-08-24,106,Noise Cancelling Headset,Electronics,55.0,129.99,9,40,5,24,8,3,1,38.0,29.0,51.0,34.0,25.571428571428573,6.948792289723038,27.5,9.982677303902301,28.066666666666666,10.214706549140683
2024-08-25,106,Noise Cancelling Headset,Electronics,55.0,129.99,9,22,6,25,8,3,1,40.0,24.0,22.0,18.0,27.142857142857142,8.839844859659992,26.714285714285715,8.27813218833044,28.733333333333334,10.322166751064511
2024-08-26,106,Noise Cancelling Headset,Electronics,55.0,129.99,9,22,0,26,8,3,0,22.0,21.0,20.0,20.0,26.857142857142858,8.989411761039976,26.714285714285715,8.27813218833044,27.866666666666667,9.72282537811584
2024-08-27,106,Noise Cancelling Headset,Electronics,55.0,129.99,9,22,1,27,8,3,0,22.0,29.0,20.0,24.0,27.0,8.88819441731559,26.857142857142858,8.169899188316386,27.466666666666665,9.708628701540084
2024-08-28,106,Noise Cancelling Headset,Electronics,55.0,129.99,9,30,2,28,8,3,0,22.0,20.0,21.0,15.0,26.0,9.01849950564579,27.0,8.057485769337536,27.6,9.601005694448247
2024-08-29,106,Noise Cancelling Headset,Electronics,55.0,129.99,9,15,3,29,8,3,0,30.0,18.0,29.0,31.0,27.428571428571427,8.695921320886457,27.642857142857142,7.899436619221578,27.933333333333334,9.501119111337157
2024-08-30,106,Noise Cancelling Headset,Electronics,55.0,129.99,9,31,4,30,8,3,0,15.0,38.0,43.0,55.0,27.0,9.291573243177572,26.642857142857142,8.571932219635313,27.633333333333333,9.767939582028598
2024-08-31,106,Noise Cancelling Headset,Electronics,55.0,129.99,9,25,5,31,8,3,1,31.0,40.0,29.0,27.0,26.0,8.225975119502047,25.785714285714285,7.318875191307345,28.166666666666668,9.487135875828745
2024-09-01,106,Noise Cancelling Headset,Electronics,55.0,129.99,9,20,6,1,9,3,1,25.0,22.0,24.0,25.0,23.857142857142858,5.459809869356613,25.5,7.261595501731649,27.966666666666665,9.488589638788971
2024-09-02,106,Noise Cancelling Headset,Electronics,55.0,129.99,9,18,0,2,9,3,0,20.0,22.0,21.0,23.0,23.571428571428573,5.623081683476391,25.214285714285715,7.4024795370675225,26.8,8.10023413880416
2024-09-03,106,Noise Cancelling Headset,Electronics,55.0,129.99,9,25,1,3,9,3,0,18.0,22.0,29.0,24.0,23.0,6.000000000000006,25.0,7.575263387144734,26.5,8.25770277815894
2024-09-04,106,Noise Cancelling Headset,Electronics,55.0,129.99,9,27,2,4,9,3,0,25.0,30.0,20.0,30.0,23.428571428571427,6.023762469230867,24.714285714285715,7.48771888267276,26.5,8.25770277815894
2024-09-05,106,Noise Cancelling Headset,Electronics,55.0,129.99,9,36,3,5,9,3,0,27.0,15.0,18.0,26.0,23.0,5.567764362830029,25.214285714285715,7.381667222857659,26.633333333333333,8.231492651054722
2024-09-06,106,Noise Cancelling Headset,Electronics,55.0,129.99,9,44,4,6,9,3,0,36.0,31.0,38.0,37.0,26.0,6.164414002968981,26.5,7.59301298259434,27.033333333333335,8.389169262778069
2024-09-07,106,Noise Cancelling Headset,Electronics,55.0,129.99,9,37,5,7,9,3,1,44.0,25.0,40.0,51.0,27.857142857142858,9.15475416434127,26.928571428571427,8.41668933373802,27.5,8.931733430245531
2024-09-08,106,Noise Cancelling Headset,Electronics,55.0,129.99,9,23,6,8,9,3,1,37.0,20.0,22.0,22.0,29.571428571428573,9.641181512261916,26.714285714285715,8.090151386132987,27.866666666666667,9.092373967661919
2024-09-09,106,Noise Cancelling Headset,Electronics,55.0,129.99,9,26,0,9,9,3,0,23.0,18.0,22.0,20.0,30.0,9.201449161228174,26.785714285714285,8.049639948264973,27.4,8.965835538116444
2024-09-10,106,Noise Cancelling Headset,Electronics,55.0,129.99,9,30,1,10,9,3,0,26.0,25.0,22.0,20.0,31.142857142857142,7.861903319777203,27.071428571428573,7.936907804334476,26.566666666666666,7.780095440126127
2024-09-11,106,Noise Cancelling Headset,Electronics,55.0,129.99,9,23,2,11,9,3,0,30.0,27.0,30.0,21.0,31.857142857142858,7.4258236676383,27.642857142857142,7.830975406944898,26.833333333333332,7.755235532265904
2024-09-12,106,Noise Cancelling Headset,Electronics,55.0,129.99,9,26,3,12,9,3,0,23.0,36.0,15.0,29.0,31.285714285714285,7.994045402971007,27.142857142857142,7.8921298953903625,26.933333333333334,7.6830908531313975
2024-09-13,106,Noise Cancelling Headset,Electronics,55.0,129.99,9,30,4,13,9,3,0,26.0,44.0,31.0,43.0,29.857142857142858,7.904188160474829,27.928571428571427,7.097825080904774,27.133333333333333,7.573699197897284
2024-09-14,106,Noise Cancelling Headset,Electronics,55.0,129.99,9,39,5,14,9,3,1,30.0,37.0,25.0,29.0,27.857142857142858,4.947341758580105,27.857142857142858,7.069513560212043,27.433333333333334,7.500268194438505
2024-09-15,106,Noise Cancelling Headset,Electronics,55.0,129.99,9,22,6,15,9,3,1,39.0,23.0,20.0,24.0,28.142857142857142,5.5805785670356025,28.857142857142858,7.604220921578735,27.766666666666666,7.7889547496409355
2024-09-16,106,Noise Cancelling Headset,Electronics,55.0,129.99,9,26,0,16,9,3,0,22.0,26.0,18.0,21.0,28.0,5.7445626465380295,29.0,7.4420840753525015,27.066666666666666,7.30107849063663
2024-09-17,106,Noise Cancelling Headset,Electronics,55.0,129.99,9,28,1,17,9,3,0,26.0,30.0,25.0,29.0,28.0,5.7445626465380295,29.571428571428573,6.813045018021112,26.966666666666665,7.294226972506194
2024-09-18,106,Noise Cancelling Headset,Electronics,55.0,129.99,9,16,2,18,9,3,0,28.0,23.0,27.0,20.0,27.714285714285715,5.677860093212517,29.785714285714285,6.704517093016419,27.1,7.274660793134791
2024-09-19,106,Noise Cancelling Headset,Electronics,55.0,129.99,9,23,3,19,9,3,0,16.0,26.0,36.0,18.0,26.714285714285715,7.087883692477979,29.0,7.635947374602068,26.933333333333334,7.473785604656312
2024-09-20,106,Noise Cancelling Headset,Electronics,55.0,129.99,9,31,4,20,9,3,0,23.0,30.0,44.0,38.0,26.285714285714285,7.22759263088999,28.071428571428573,7.508603124358141,26.733333333333334,7.496819248893146
2024-09-21,106,Noise Cancelling Headset,Electronics,55.0,129.99,9,28,5,21,9,3,1,31.0,39.0,37.0,40.0,26.428571428571427,7.322502824789326,27.142857142857142,6.04924843211176,27.1,7.4247953646478795
2024-09-22,106,Noise Cancelling Headset,Electronics,55.0,129.99,9,27,6,22,9,3,1,28.0,22.0,23.0,22.0,24.857142857142858,4.9809159608975415,26.5,5.360109068924742,27.433333333333334,7.223922582037023
2024-09-23,106,Noise Cancelling Headset,Electronics,55.0,129.99,9,31,0,23,9,3,0,27.0,26.0,26.0,22.0,25.571428571428573,4.859943170351653,26.785714285714285,5.264957760493453,27.066666666666666,6.942787541800109
2024-09-24,106,Noise Cancelling Headset,Electronics,55.0,129.99,9,18,1,24,9,3,0,31.0,28.0,30.0,22.0,26.285714285714285,5.282495802626061,27.142857142857142,5.375974228091025,26.766666666666666,6.547878484186938
2024-09-25,106,Noise Cancelling Headset,Electronics,55.0,129.99,9,27,2,25,9,3,0,18.0,16.0,23.0,30.0,24.857142857142858,6.039552175136046,26.285714285714285,5.823408616273458,26.633333333333333,6.687524841505055
2024-09-26,106,Noise Cancelling Headset,Electronics,55.0,129.99,9,25,3,26,9,3,0,27.0,23.0,26.0,15.0,26.428571428571427,4.613644360558617,26.571428571428573,5.747431342170784,26.8,6.630129764164142
2024-09-27,106,Noise Cancelling Headset,Electronics,55.0,129.99,9,39,4,27,9,3,0,25.0,31.0,30.0,31.0,26.714285714285715,4.423960733486296,26.5,5.761276567941147,26.9,6.577652867199621
2024-09-28,106,Noise Cancelling Headset,Electronics,55.0,129.99,9,38,5,28,9,3,1,39.0,28.0,39.0,25.0,27.857142857142858,6.3358391032961965,27.142857142857142,6.619983068269572,27.2,6.9202351963220075
2024-09-29,106,Noise Cancelling Headset,Electronics,55.0,129.99,9,21,6,29,9,3,1,38.0,27.0,22.0,20.0,29.285714285714285,7.4097747539828696,27.071428571428573,6.486249191283709,27.966666666666665,6.794944029778037
2024-09-30,106,Noise Cancelling Headset,Electronics,55.0,129.99,9,32,0,30,9,3,0,21.0,31.0,26.0,18.0,28.428571428571427,8.038597366397177,27.0,6.551570569190026,27.633333333333333,6.885683965893368
2024-10-01,106,Noise Cancelling Headset,Electronics,55.0,129.99,9,29,1,1,10,4,0,32.0,18.0,28.0,25.0,28.571428571428573,8.100558475750153,27.428571428571427,6.6761836831702395,27.866666666666667,6.911925393381952
2024-10-02,106,Noise Cancelling Headset,Electronics,55.0,129.99,9,15,2,2,10,4,0,29.0,27.0,16.0,27.0,30.142857142857142,6.644009116704846,27.5,6.6881065504946315,28.166666666666668,6.752181426989992
2024-10-03,106,Noise Cancelling Headset,Electronics,55.0,129.99,9,30,3,3,10,4,0,15.0,25.0,23.0,36.0,28.428571428571427,8.79122939558025,27.428571428571427,6.824326235712104,28.066666666666666,6.927871411829947
2024-10-04,106,Noise Cancelling Headset,Electronics,55.0,129.99,9,29,4,4,10,4,0,30.0,39.0,31.0,44.0,29.142857142857142,8.668497975016036,27.928571428571427,6.7306907373759,28.233333333333334,6.911675944936667
2024-10-05,106,Noise Cancelling Headset,Electronics,55.0,129.99,9,34,5,5,10,4,1,29.0,38.0,28.0,37.0,27.714285714285715,7.521398046336105,27.785714285714285,6.681531047810605,28.3,6.9090146011295115
2024-10-06,106,Noise Cancelling Headset,Electronics,55.0,129.99,9,25,6,6,10,4,1,34.0,21.0,27.0,23.0,27.142857142857142,6.718843437888484,28.214285714285715,6.885643609139804,28.233333333333334,6.841472584644104
2024-10-07,106,Noise Cancelling Headset,Electronics,55.0,129.99,9,17,0,7,10,4,0,25.0,32.0,31.0,26.0,27.714285714285715,6.26403186758299,28.071428571428573,6.933356227068424,27.6,6.178940875653989
2024-10-08,106,Noise Cancelling Headset,Electronics,55.0,129.99,9,33,1,8,10,4,0,17.0,29.0,18.0,30.0,25.571428571428573,7.067699834626609,27.071428571428573,7.467512053136323,26.933333333333334,6.208633218090895
2024-10-09,106,Noise Cancelling Headset,Electronics,55.0,129.99,9,30,2,9,10,4,0,33.0,15.0,27.0,23.0,26.142857142857142,7.537209285241046,28.142857142857142,7.134500606286247,27.266666666666666,6.258419616161425
2024-10-10,106,Noise Cancelling Headset,Electronics,55.0,129.99,9,21,3,10,10,4,0,30.0,30.0,25.0,26.0,28.285714285714285,5.765248931147311,28.357142857142858,7.14258241229903,27.4,6.273095259752647
2024-10-11,106,Noise Cancelling Headset,Electronics,55.0,129.99,9,39,4,11,10,4,0,21.0,29.0,39.0,30.0,27.0,6.298147875897062,28.071428571428573,7.3637812790219845,27.1,6.359082562326333
2024-10-12,106,Noise Cancelling Headset,Electronics,55.0,129.99,9,36,5,12,10,4,1,39.0,34.0,38.0,39.0,28.428571428571427,7.785823502947366,28.071428571428573,7.3637812790219845,27.633333333333333,6.66686781305747
2024-10-13,106,Noise Cancelling Headset,Electronics,55.0,129.99,9,24,6,13,10,4,1,36.0,25.0,21.0,22.0,28.714285714285715,8.056349167256958,27.928571428571427,7.173286830738327,27.966666666666665,6.83037502546572
2024-10-14,106,Noise Cancelling Headset,Electronics,55.0,129.99,9,25,0,14,10,4,0,24.0,17.0,32.0,26.0,28.571428571428573,8.141603913585715,28.142857142857142,6.992932067530674,27.766666666666666,6.856576673396209
2024-10-15,106,Noise Cancelling Headset,Electronics,55.0,129.99,9,24,1,15,10,4,0,25.0,33.0,29.0,28.0,29.714285714285715,6.676183683170237,27.642857142857142,6.946024240330056,27.3,6.534523701081824
2024-10-16,106,Noise Cancelling Headset,Electronics,55.0,129.99,9,23,2,16,10,4,0,24.0,30.0,15.0,16.0,28.428571428571427,6.803360514166087,27.285714285714285,6.999215026630558,27.366666666666667,6.488628425990719
2024-10-17,106,Noise Cancelling Headset,Electronics,55.0,129.99,9,24,3,17,10,4,0,23.0,21.0,30.0,23.0,27.428571428571427,7.044078904941908,27.857142857142858,6.199964551476113,27.266666666666666,6.533380248482745
2024-10-18,106,Noise Cancelling Headset,Electronics,55.0,129.99,9,46,4,18,10,4,0,24.0,39.0,29.0,31.0,27.857142857142858,6.669047194029327,27.428571428571427,6.247636915904048,27.133333333333333,6.558665409519156
2024-10-19,106,Noise Cancelling Headset,Electronics,55.0,129.99,9,46,5,19,10,4,1,46.0,36.0,34.0,28.0,28.857142857142858,8.802056036869478,28.642857142857142,7.986595913511223,28.133333333333333,7.069767265999806
2024-10-20,106,Noise Cancelling Headset,Electronics,55.0,129.99,9,27,6,20,10,4,1,46.0,24.0,25.0,27.0,30.285714285714285,10.750415274370962,29.5,9.163052900727916,28.9,7.711835954758342
2024-10-21,106,Noise Cancelling Headset,Electronics,55.0,129.99,9,18,0,21,10,4,0,27.0,25.0,17.0,31.0,30.714285714285715,10.515294982615966,29.642857142857142,9.102891703334558,28.766666666666666,7.708854440291972
2024-10-22,106,Noise Cancelling Headset,Electronics,55.0,129.99,9,27,1,22,10,4,0,18.0,24.0,33.0,18.0,29.714285714285715,11.44136189029793,29.714285714285715,8.999389478681914,28.433333333333334,7.955407327543104
2024-10-23,106,Noise Cancelling Headset,Electronics,55.0,129.99,9,20,2,23,10,4,0,27.0,23.0,30.0,27.0,30.142857142857142,11.246163366952766,29.285714285714285,8.973710075964808,28.433333333333334,7.955407327543104
2024-10-24,106,Noise Cancelling Headset,Electronics,55.0,129.99,9,21,3,24,10,4,0,20.0,24.0,21.0,25.0,29.714285714285715,11.614850920470818,28.571428571428573,9.304376850247868,28.066666666666666,8.085463044481635
2024-10-25,106,Noise Cancelling Headset,Electronics,55.0,129.99,9,47,4,25,10,4,0,21.0,46.0,39.0,39.0,29.285714285714285,11.912378515844845,28.571428571428573,9.304376850247868,28.166666666666668,7.974456346547305
2024-10-26,106,Noise Cancelling Headset,Electronics,55.0,129.99,9,42,5,26,10,4,1,47.0,46.0,36.0,38.0,29.428571428571427,12.149857925879113,29.142857142857142,10.196961409067987,28.833333333333332,8.678484427250133
2024-10-27,106,Noise Cancelling Headset,Electronics,55.0,129.99,9,25,6,27,10,4,1,42.0,27.0,24.0,21.0,28.857142857142858,11.30528742710789,29.571428571428573,10.624458615812886,29.4,8.96968073087293
2024-10-28,106,Noise Cancelling Headset,Electronics,55.0,129.99,9,20,0,28,10,4,0,25.0,18.0,25.0,32.0,28.571428571428573,11.385036127261412,29.642857142857142,10.587417371267005,28.933333333333334,8.81586865997249
2024-10-29,106,Noise Cancelling Headset,Electronics,55.0,129.99,9,30,1,29,10,4,0,20.0,27.0,24.0,29.0,28.857142857142858,11.09697513482197,29.285714285714285,10.837460470541485,28.333333333333332,8.790015234121727
2024-10-30,106,Noise Cancelling Headset,Electronics,55.0,129.99,9,29,2,30,10,4,0,30.0,20.0,23.0,15.0,29.285714285714285,11.071198154284318,29.714285714285715,10.73046397612223,28.633333333333333,8.684045352147868
2024-10-31,106,Noise Cancelling Headset,Electronics,55.0,129.99,9,27,3,31,10,4,0,29.0,21.0,24.0,30.0,30.571428571428573,10.309496315810689,30.142857142857142,10.560136529253931,28.533333333333335,8.661183057413293
2024-11-01,106,Noise Cancelling Headset,Electronics,55.0,129.99,9,54,4,1,11,4,0,27.0,47.0,46.0,29.0,31.428571428571427,9.60654538768824,30.357142857142858,10.45582018897492,28.466666666666665,8.665163441693668
2024-11-02,106,Noise Cancelling Headset,Electronics,55.0,129.99,9,49,5,2,11,4,1,54.0,42.0,46.0,34.0,32.42857142857143,11.645559137244012,30.928571428571427,11.538992661768676,29.766666666666666,9.463845297557013
2024-11-03,106,Noise Cancelling Headset,Electronics,55.0,129.99,9,48,6,3,11,4,1,49.0,25.0,27.0,25.0,33.42857142857143,12.843378875996022,31.142857142857142,11.86369473424078,30.4,10.094723784030057
2024-11-04,106,Noise Cancelling Headset,Electronics,55.0,129.99,9,31,0,4,11,4,0,48.0,20.0,18.0,17.0,36.714285714285715,13.262909254939574,32.642857142857146,12.604072253150445,31.033333333333335,10.587837307522946
2024-11-05,106,Noise Cancelling Headset,Electronics,55.0,129.99,9,36,1,5,11,4,0,31.0,30.0,27.0,33.0,38.285714285714285,11.48497983910994,33.57142857142857,11.901611304707913,30.933333333333334,10.573008358415615
2024-11-06,106,Noise Cancelling Headset,Electronics,55.0,129.99,9,32,2,6,11,4,0,36.0,29.0,20.0,30.0,39.142857142857146,10.976164652381557,34.214285714285715,11.76159703591159,31.3,10.550862033747405
2024-11-07,106,Noise Cancelling Headset,Electronics,55.0,129.99,9,43,3,7,11,4,0,32.0,27.0,21.0,21.0,39.57142857142857,10.564991605252107,35.07142857142857,11.062509700746945,31.8,10.19939146257739
2024-11-08,106,Noise Cancelling Headset,Electronics,55.0,129.99,9,58,4,8,11,4,0,43.0,54.0,47.0,39.0,41.857142857142854,9.00793301167682,36.642857142857146,10.455820188974899,32.13333333333333,10.401370378326428
2024-11-09,106,Noise Cancelling Headset,Electronics,55.0,129.99,9,59,5,9,11,4,1,58.0,49.0,42.0,36.0,42.42857142857143,9.980934205726813,37.42857142857143,11.640210715210644,33.06666666666667,11.41062219384091
2024-11-10,106,Noise Cancelling Headset,Electronics,55.0,129.99,9,34,6,10,11,4,1,59.0,48.0,25.0,24.0,43.857142857142854,11.65373432894039,38.642857142857146,12.965084133680186,34.333333333333336,12.112499481038624
2024-11-11,106,Noise Cancelling Headset,Electronics,55.0,129.99,9,42,0,11,11,4,0,34.0,31.0,20.0,25.0,41.857142857142854,12.019824893740774,39.285714285714285,12.449458260864608,34.166666666666664,12.080429694725076
2024-11-12,106,Noise Cancelling Headset,Electronics,55.0,129.99,9,28,1,12,11,4,0,42.0,36.0,30.0,24.0,43.42857142857143,11.043205193800434,40.857142857142854,11.148350294358048,34.36666666666667,12.161225361732699
2024-11-13,106,Noise Cancelling Headset,Electronics,55.0,129.99,9,28,2,13,11,4,0,28.0,32.0,29.0,23.0,42.285714285714285,12.284329933079858,40.714285714285715,11.309822629559088,34.5,12.065196455807977
2024-11-14,106,Noise Cancelling Headset,Electronics,55.0,129.99,9,24,3,14,11,4,0,28.0,43.0,27.0,24.0,41.714285714285715,12.919162585274705,40.642857142857146,11.392353325178833,34.6,11.995976336916561
2024-11-15,106,Noise Cancelling Headset,Electronics,55.0,129.99,9,62,4,15,11,4,0,24.0,58.0,54.0,46.0,39.0,14.502873278538056,40.42857142857143,11.692958339328577,34.6,11.995976336916561
2024-11-16,106,Noise Cancelling Headset,Electronics,55.0,129.99,9,62,5,16,11,4,1,62.0,59.0,49.0,46.0,39.57142857142857,15.425705201136859,41.0,12.56980508997649,35.9,12.78293582381849
2024-11-17,106,Noise Cancelling Headset,Electronics,55.0,129.99,9,33,6,17,11,4,1,62.0,34.0,48.0,27.0,40.0,16.083117442419752,41.92857142857143,13.640800144105453,37.166666666666664,13.42946665778815
2024-11-18,106,Noise Cancelling Headset,Electronics,55.0,129.99,9,42,0,18,11,4,0,33.0,42.0,31.0,18.0,39.857142857142854,16.149598255359905,40.857142857142854,13.71611709383771,36.733333333333334,13.34407613198051
2024-11-19,106,Noise Cancelling Headset,Electronics,55.0,129.99,9,32,1,19,11,4,0,42.0,28.0,36.0,27.0,39.857142857142854,16.149598255359905,41.642857142857146,13.419888471720075,36.6,13.268058611204006
2024-11-20,106,Noise Cancelling Headset,Electronics,55.0,129.99,9,48,2,20,11,4,0,32.0,28.0,32.0,20.0,40.42857142857143,15.725320800724994,41.357142857142854,13.590761244639316,36.766666666666666,13.174383014626983
2024-11-21,106,Noise Cancelling Headset,Electronics,55.0,129.99,9,31,3,21,11,4,0,48.0,24.0,43.0,21.0,43.285714285714285,14.885275562495591,42.5,13.414974411512574,37.766666666666666,12.834982727265176
2024-11-22,106,Noise Cancelling Headset,Electronics,55.0,129.99,9,55,4,22,11,4,0,31.0,62.0,58.0,47.0,44.285714285714285,13.548853404308002,41.642857142857146,13.759512194266721,37.9,12.739701723352866
2024-11-23,106,Noise Cancelling Headset,Electronics,55.0,129.99,9,62,5,23,11,4,1,55.0,62.0,59.0,42.0,43.285714285714285,12.216304483684711,41.42857142857143,13.506205330054078,39.06666666666667,12.646202464835412
2024-11-24,106,Noise Cancelling Headset,Electronics,55.0,129.99,9,44,6,24,11,4,1,62.0,33.0,34.0,25.0,43.285714285714285,12.216304483684711,41.642857142857146,13.826435899042401,40.43333333333333,12.840354848822452
2024-11-25,106,Noise Cancelling Headset,Electronics,55.0,129.99,9,40,0,25,11,4,0,44.0,42.0,42.0,20.0,44.857142857142854,11.349428347257133,42.357142857142854,13.658511816993233,40.333333333333336,12.799066057881841
2024-11-26,106,Noise Cancelling Headset,Electronics,55.0,129.99,9,30,1,26,11,4,0,40.0,32.0,28.0,30.0,44.57142857142857,11.457997830586033,42.214285714285715,13.672986120469377,40.266666666666666,12.795293675015243
2024-11-27,106,Noise Cancelling Headset,Electronics,55.0,129.99,9,33,2,27,11,4,0,30.0,48.0,28.0,29.0,44.285714285714285,11.842216652219093,42.357142857142854,13.522671236210549,40.43333333333333,12.620955025160594
2024-11-28,106,Noise Cancelling Headset,Electronics,55.0,129.99,9,42,3,28,11,4,0,33.0,31.0,24.0,27.0,42.142857142857146,12.40199676703408,42.714285714285715,13.17590207934145,40.86666666666667,12.107943626007463
2024-11-29,106,Noise Cancelling Headset,Electronics,55.0,129.99,9,67,4,29,11,4,0,42.0,55.0,62.0,54.0,43.714285714285715,11.412190641506792,44.0,12.038400098147406,41.266666666666666,11.933532394152994
2024-11-30,106,Noise Cancelling Headset,Electronics,55.0,129.99,9,64,5,30,11,4,1,67.0,62.0,62.0,49.0,45.42857142857143,13.998299216418435,44.357142857142854,12.671027782107636,42.53333333333333,12.58552352104793
2024-12-01,106,Noise Cancelling Headset,Electronics,55.0,129.99,9,34,6,1,12,4,1,64.0,44.0,33.0,48.0,45.714285714285715,14.407339399466807,44.5,12.894542673907798,43.766666666666666,12.821542575797526
2024-12-02,106,Noise Cancelling Headset,Electronics,55.0,129.99,9,31,0,2,12,4,0,34.0,40.0,42.0,31.0,44.285714285714285,15.085470777255464,44.57142857142857,12.82853961179631,43.1,12.791025948984167
2024-12-03,106,Noise Cancelling Headset,Electronics,55.0,129.99,9,38,1,3,12,4,0,31.0,30.0,32.0,36.0,43.0,15.874507866387544,43.785714285714285,13.325386826127511,42.5,12.926182997952326
2024-12-04,106,Noise Cancelling Headset,Electronics,55.0,129.99,9,29,2,4,12,4,0,38.0,33.0,48.0,32.0,44.142857142857146,15.049125904058032,44.214285714285715,13.009928583902383,42.166666666666664,12.908386296575156
2024-12-05,106,Noise Cancelling Headset,Electronics,55.0,129.99,9,42,3,5,12,4,0,29.0,42.0,31.0,43.0,43.57142857142857,15.608300599970761,42.857142857142854,13.563849821419456,42.1,12.973048986263793
2024-12-06,106,Noise Cancelling Headset,Electronics,55.0,129.99,9,41,4,6,12,4,0,42.0,67.0,55.0,58.0,43.57142857142857,15.608300599970761,43.642857142857146,13.136017092518706,42.3,12.921914024979642
2024-12-07,106,Noise Cancelling Headset,Electronics,55.0,129.99,9,68,5,7,12,4,1,41.0,64.0,62.0,59.0,39.857142857142854,11.710800875382395,42.642857142857146,12.731590890120732,42.6,12.778214218766632
2024-12-08,106,Noise Cancelling Headset,Electronics,55.0,129.99,9,44,6,8,12,4,1,68.0,34.0,44.0,34.0,40.42857142857143,13.100345324419795,43.07142857142857,13.510476195640388,43.43333333333333,13.594327755591186
2024-12-09,106,Noise Cancelling Headset,Electronics,55.0,129.99,9,34,0,9,12,4,0,44.0,31.0,40.0,42.0,41.857142857142854,12.8248271129162,43.07142857142857,13.510476195640388,42.96666666666667,13.31445502616154
2024-12-10,106,Noise Cancelling Headset,Electronics,55.0,129.99,9,34,1,10,12,4,0,34.0,38.0,30.0,28.0,42.285714285714285,12.446074156325837,42.642857142857146,13.709105019641472,42.13333333333333,13.056200359066645
2024-12-11,106,Noise Cancelling Headset,Electronics,55.0,129.99,9,31,2,11,12,4,0,34.0,29.0,33.0,28.0,41.714285714285715,12.763414978161679,42.92857142857143,13.464850455990826,42.13333333333333,13.056200359066645
2024-12-12,106,Noise Cancelling Headset,Electronics,55.0,129.99,9,37,3,12,12,4,0,31.0,42.0,42.0,24.0,42.0,12.44989959798873,42.785714285714285,13.588335333765343,41.766666666666666,13.213585833327482
2024-12-13,106,Noise Cancelling Headset,Electronics,55.0,129.99,9,59,4,13,12,4,0,37.0,41.0,67.0,62.0,41.285714285714285,12.592514783450863,42.42857142857143,13.675999672161653,42.06666666666667,12.990535900743504
2024-12-14,106,Noise Cancelling Headset,Electronics,55.0,129.99,9,62,5,14,12,4,1,59.0,68.0,64.0,62.0,43.857142857142854,14.25281926998505,41.857142857142854,12.702859416786287,43.1,13.065748853527243
2024-12-15,106,Noise Cancelling Headset,Electronics,55.0,129.99,9,39,6,15,12,4,1,62.0,44.0,34.0,33.0,43.0,12.649110640673518,41.714285714285715,12.443277897530198,44.36666666666667,12.991995767509653
2024-12-16,106,Noise Cancelling Headset,Electronics,55.0,129.99,9,33,0,16,12,4,0,39.0,34.0,31.0,42.0,42.285714285714285,12.724180205607036,42.07142857142857,12.275455722164121,43.6,12.587897855233546
2024-12-17,106,Noise Cancelling Headset,Electronics,55.0,129.99,9,43,1,17,12,4,0,33.0,34.0,38.0,32.0,42.142857142857146,12.837816162008389,42.214285714285715,12.14767196074757,42.63333333333333,12.23472540546483
2024-12-18,106,Noise Cancelling Headset,Electronics,55.0,129.99,9,35,2,18,12,4,0,43.0,31.0,29.0,48.0,43.42857142857143,12.32689664726613,42.57142857142857,12.08759240336506,42.96666666666667,12.098684263982607
2024-12-19,106,Noise Cancelling Headset,Electronics,55.0,129.99,9,30,3,19,12,4,0,35.0,37.0,42.0,31.0,44.0,11.733143937865362,43.0,11.668498024760716,42.733333333333334,12.185161505681423
2024-12-20,106,Noise Cancelling Headset,Electronics,55.0,129.99,9,41,4,20,12,4,0,30.0,59.0,41.0,55.0,43.0,12.68857754044952,42.142857142857146,12.177262183500567,42.666666666666664,12.251202146034021
2024-12-21,106,Noise Cancelling Headset,Electronics,55.0,129.99,9,65,5,21,12,4,1,41.0,62.0,68.0,62.0,40.42857142857143,10.549204438521146,42.142857142857146,12.177262183500567,42.43333333333333,12.212721838830353
2024-12-22,106,Noise Cancelling Headset,Electronics,55.0,129.99,9,46,6,22,12,4,1,65.0,39.0,44.0,44.0,40.857142857142854,11.582005747833882,41.92857142857143,11.704465194723944,43.56666666666667,12.683639566137094
2024-12-23,106,Noise Cancelling Headset,Electronics,55.0,129.99,9,35,0,23,12,4,0,46.0,33.0,34.0,40.0,41.857142857142854,11.696560340951685,42.07142857142857,11.743831675291549,43.266666666666666,12.50912310753797
2024-12-24,106,Noise Cancelling Headset,Electronics,55.0,129.99,9,40,1,24,12,4,0,35.0,43.0,34.0,30.0,42.142857142857146,11.466306749611684,42.142857142857146,11.69389809889121,42.36666666666667,12.078716914426412
2024-12-25,106,Noise Cancelling Headset,Electronics,55.0,129.99,9,40,2,25,12,4,0,40.0,35.0,31.0,33.0,41.714285714285715,11.484979839109943,42.57142857142857,11.480513830059893,42.233333333333334,12.082142232217775
2024-12-26,106,Noise Cancelling Headset,Electronics,55.0,129.99,9,39,3,26,12,4,0,40.0,30.0,37.0,42.0,42.42857142857143,11.148350294358098,43.214285714285715,11.025694266844726,42.233333333333334,12.082142232217775
2024-12-27,106,Noise Cancelling Headset,Electronics,55.0,129.99,9,71,4,27,12,4,0,39.0,41.0,59.0,67.0,43.714285714285715,9.92831448793946,43.357142857142854,10.951692126770139,42.53333333333333,11.877923112702174
2024-12-28,106,Noise Cancelling Headset,Electronics,55.0,129.99,9,54,5,28,12,4,1,71.0,65.0,62.0,64.0,48.0,14.142135623730953,44.214285714285715,12.613659088638558,43.8,12.815400218433325
2024-12-29,106,Noise Cancelling Headset,Electronics,55.0,129.99,9,40,6,29,12,4,1,54.0,46.0,39.0,34.0,46.42857142857143,12.447987024108798,43.642857142857146,11.907380664349017,44.2,12.943910830433248
2024-12-30,106,Noise Cancelling Headset,Electronics,55.0,129.99,9,36,0,30,12,4,0,40.0,35.0,33.0,31.0,45.57142857142857,12.686700948330932,43.714285714285715,11.88035593502382,43.3,12.222506092140595
2024-12-31,106,Noise Cancelling Headset,Electronics,55.0,129.99,9,36,1,31,12,4,0,36.0,40.0,43.0,38.0,45.714285714285715,12.552745857836388,43.92857142857143,11.697891234776373,42.36666666666667,11.642618894073781
2025-01-01,106,Noise Cancelling Headset,Electronics,55.0,129.99,9,21,2,1,1,1,0,36.0,40.0,35.0,29.0,45.142857142857146,12.941259230700485,43.42857142857143,11.888677779326763,42.43333333333333,11.59870186949692
2025-01-02,106,Noise Cancelling Headset,Electronics,55.0,129.99,9,28,3,2,1,1,0,21.0,39.0,30.0,42.0,42.42857142857143,15.862504456076524,42.42857142857143,13.17173130209177,42.1,12.072625060941347
2025-01-03,106,Noise Cancelling Headset,Electronics,55.0,129.99,9,28,4,3,1,1,0,28.0,71.0,41.0,41.0,40.857142857142854,16.777252172992764,42.285714285714285,13.326829915789961,41.766666666666666,12.325144843055554
2025-01-04,106,Noise Cancelling Headset,Electronics,55.0,129.99,9,38,5,4,1,1,1,28.0,54.0,65.0,68.0,34.714285714285715,10.65698965803328,41.357142857142854,13.865325555040222,41.733333333333334,12.362159540539315
2025-01-05,106,Noise Cancelling Headset,Electronics,55.0,129.99,9,19,6,5,1,1,1,38.0,40.0,46.0,44.0,32.42857142857143,6.876460883747828,39.42857142857143,12.08759240336507,41.6,12.380741440668636
2025-01-06,106,Noise Cancelling Headset,Electronics,55.0,129.99,9,32,0,6,1,1,0,19.0,36.0,35.0,34.0,29.428571428571427,7.568732673685462,37.5,13.072284245097118,40.86666666666667,13.050917085845317
2025-01-07,106,Noise Cancelling Headset,Electronics,55.0,129.99,9,21,1,7,1,1,0,32.0,36.0,40.0,34.0,28.857142857142858,7.1280799525204115,37.285714285714285,13.140826407852654,39.666666666666664,12.089703037718909
2025-01-08,106,Noise Cancelling Headset,Electronics,55.0,129.99,9,21,2,8,1,1,0,21.0,21.0,40.0,31.0,26.714285714285715,6.872997543873761,35.92857142857143,13.803367959775834,38.9,12.52679885905303
2025-01-09,106,Noise Cancelling Headset,Electronics,55.0,129.99,9,27,3,9,1,1,0,21.0,28.0,39.0,37.0,26.714285714285715,6.872997543873761,34.57142857142857,14.297467692482522,38.46666666666667,12.920802081789716
2025-01-10,106,Noise Cancelling Headset,Electronics,55.0,129.99,9,29,4,10,1,1,0,27.0,28.0,71.0,59.0,26.571428571428573,6.852180744287213,33.714285714285715,14.371063722893712,38.233333333333334,13.066628547915306
2025-01-11,106,Noise Cancelling Headset,Electronics,55.0,129.99,9,34,5,11,1,1,1,29.0,38.0,54.0,62.0,26.714285714285715,6.897204402613286,30.714285714285715,9.571018524921735,38.166666666666664,13.10983661576123
2025-01-12,106,Noise Cancelling Headset,Electronics,55.0,129.99,9,23,6,12,1,1,1,34.0,19.0,40.0,39.0,26.142857142857142,5.899959644736844,29.285714285714285,6.966166271879537,38.06666666666667,13.130468209561252
2025-01-13,106,Noise Cancelling Headset,Electronics,55.0,129.99,9,12,0,13,1,1,0,23.0,32.0,36.0,33.0,26.714285714285715,5.250850271282556,28.071428571428573,6.414698094871751,36.86666666666667,12.792059318545826
2025-01-14,106,Noise Cancelling Headset,Electronics,55.0,129.99,9,34,1,14,1,1,0,12.0,21.0,36.0,43.0,23.857142857142858,7.033931367037206,26.357142857142858,7.2812418938312495,35.2,12.661099805145746
2025-01-15,106,Noise Cancelling Headset,Electronics,55.0,129.99,9,22,2,15,1,1,0,34.0,21.0,21.0,35.0,25.714285714285715,7.825477316949729,26.214285714285715,7.094727960617279,35.03333333333333,12.642248090494379
2025-01-16,106,Noise Cancelling Headset,Electronics,55.0,129.99,9,22,3,16,1,1,0,22.0,27.0,28.0,30.0,25.857142857142858,7.733661733585412,26.285714285714285,7.043038804691862,34.666666666666664,12.860882506677926
2025-01-17,106,Noise Cancelling Headset,Electronics,55.0,129.99,9,34,4,17,1,1,0,22.0,29.0,28.0,41.0,25.142857142857142,7.840675383931536,25.857142857142858,7.112904230580249,33.96666666666667,12.962767194288913
2025-01-18,106,Noise Cancelling Headset,Electronics,55.0,129.99,9,27,5,18,1,1,1,34.0,34.0,38.0,65.0,25.857142857142858,8.454359258760535,26.285714285714285,7.425823667638285,33.93333333333333,12.96130403542985
2025-01-19,106,Noise Cancelling Headset,Electronics,55.0,129.99,9,15,6,19,1,1,1,27.0,23.0,19.0,46.0,24.857142857142858,7.71208081364491,25.5,6.630349799334746,33.833333333333336,13.004199144979992
2025-01-20,106,Noise Cancelling Headset,Electronics,55.0,129.99,9,16,0,20,1,1,0,15.0,12.0,32.0,35.0,23.714285714285715,8.577378887016009,25.214285714285715,7.0074528613752,32.96666666666667,13.37131085656855
2025-01-21,106,Noise Cancelling Headset,Electronics,55.0,129.99,9,20,1,21,1,1,0,16.0,34.0,21.0,40.0,24.285714285714285,7.761320457119051,24.071428571428573,7.1194671982398505,31.333333333333332,12.270888828592552
2025-01-22,106,Noise Cancelling Headset,Electronics,55.0,129.99,9,20,2,22,1,1,0,20.0,22.0,21.0,40.0,22.285714285714285,6.550172662209849,24.0,7.157567270432687,30.466666666666665,12.11648444897686
2025-01-23,106,Noise Cancelling Headset,Electronics,55.0,129.99,9,18,3,23,1,1,0,20.0,22.0,27.0,39.0,22.0,6.608075867199619,23.928571428571427,7.194701957950467,29.966666666666665,12.231906647366316
2025-01-24,106,Noise Cancelling Headset,Electronics,55.0,129.99,9,34,4,24,1,1,0,18.0,34.0,29.0,71.0,21.428571428571427,6.778818551368687,23.285714285714285,7.300459115473723,29.233333333333334,12.26906210993613
2025-01-25,106,Noise Cancelling Headset,Electronics,55.0,129.99,9,26,5,25,1,1,1,34.0,27.0,34.0,54.0,21.428571428571427,6.778818551368687,23.642857142857142,7.712199555121872,29.033333333333335,12.135679323535099
2025-01-26,106,Noise Cancelling Headset,Electronics,55.0,129.99,9,28,6,26,1,1,1,26.0,15.0,23.0,40.0,21.285714285714285,6.651172470932816,23.071428571428573,7.162555256484789,28.6,11.99885051965823
2025-01-27,106,Noise Cancelling Headset,Electronics,55.0,129.99,9,22,0,27,1,1,0,28.0,16.0,12.0,36.0,23.142857142857142,6.4142698058981376,23.428571428571427,7.282373722418198,27.166666666666668,8.93687955004167
2025-01-28,106,Noise Cancelling Headset,Electronics,55.0,129.99,9,20,1,28,1,1,0,22.0,20.0,34.0,36.0,24.0,5.656854249492329,24.142857142857142,6.526362431968252,26.1,7.401537584900083
2025-01-29,106,Noise Cancelling Headset,Electronics,55.0,129.99,9,22,2,29,1,1,0,20.0,20.0,22.0,21.0,24.0,5.656854249492329,23.142857142857142,5.946649255054265,25.433333333333334,6.995975854798126
2025-01-30,106,Noise Cancelling Headset,Electronics,55.0,129.99,9,17,3,30,1,1,0,22.0,18.0,22.0,28.0,24.285714285714285,5.468524655221126,23.142857142857142,5.946649255054265,24.966666666666665,6.728648649147684
2025-01-31,106,Noise Cancelling Headset,Electronics,55.0,129.99,9,35,4,31,1,1,0,17.0,34.0,34.0,28.0,24.142857142857142,5.669467095138358,22.785714285714285,6.166641916592258,24.333333333333332,6.546035037535501
2025-02-01,106,Noise Cancelling Headset,Electronics,55.0,129.99,9,27,5,1,2,1,1,35.0,26.0,27.0,38.0,24.285714285714285,5.9641787843279825,22.857142857142858,6.310639890231095,24.8,6.794521119356248
2025-02-02,106,Noise Cancelling Headset,Electronics,55.0,129.99,9,33,6,2,2,1,1,27.0,28.0,15.0,19.0,24.428571428571427,6.023762469230816,22.857142857142858,6.310639890231095,24.766666666666666,6.780719793616235
2025-02-03,106,Noise Cancelling Headset,Electronics,55.0,129.99,9,20,0,3,2,1,0,33.0,22.0,16.0,32.0,25.142857142857142,6.768273325562679,24.142857142857142,6.41940738766369,24.933333333333334,6.922892226635337
2025-02-04,106,Noise Cancelling Headset,Electronics,55.0,129.99,9,26,1,4,2,1,0,20.0,20.0,20.0,21.0,24.857142857142858,6.962484504556541,24.428571428571427,6.110700396898809,24.333333333333332,6.519643174778472
2025-02-05,106,Noise Cancelling Headset,Electronics,55.0,129.99,9,17,2,5,2,1,0,26.0,22.0,20.0,21.0,25.714285714285715,6.626066850308817,24.857142857142858,5.985330051398644,24.566666666666666,6.4470433390889115
2025-02-06,106,Noise Cancelling Headset,Electronics,55.0,129.99,9,24,3,6,2,1,0,17.0,17.0,18.0,27.0,25.0,7.3257536586119345,24.642857142857142,6.221638948765117,24.066666666666666,6.432317828254203
2025-02-07,106,Noise Cancelling Headset,Electronics,55.0,129.99,9,41,4,7,2,1,0,24.0,35.0,34.0,29.0,26.0,6.480740698407822,25.071428571428573,5.928604527909708,24.166666666666668,6.406264893450487
2025-02-08,106,Noise Cancelling Headset,Electronics,55.0,129.99,9,31,5,8,2,1,1,41.0,27.0,26.0,34.0,26.857142857142858,8.071112509614563,25.571428571428573,6.947210682262059,24.833333333333332,7.07147418339596
2025-02-09,106,Noise Cancelling Headset,Electronics,55.0,129.99,9,24,6,9,2,1,1,31.0,33.0,28.0,23.0,27.428571428571427,8.22308017831805,25.928571428571427,7.097825080904759,24.966666666666665,7.150998644189089
2025-02-10,106,Noise Cancelling Headset,Electronics,55.0,129.99,9,17,0,10,2,1,0,24.0,20.0,22.0,12.0,26.142857142857142,7.9041881604748,25.642857142857142,7.088529660462212,24.8,7.111913268933077
2025-02-11,106,Noise Cancelling Headset,Electronics,55.0,129.99,9,26,1,11,2,1,0,17.0,26.0,20.0,34.0,25.714285714285715,8.360906763309911,25.285714285714285,7.40507696348692,24.233333333333334,7.030393785671462
2025-02-12,106,Noise Cancelling Headset,Electronics,55.0,129.99,9,22,2,12,2,1,0,26.0,17.0,22.0,22.0,25.714285714285715,8.360906763309911,25.714285714285715,7.247583909653776,24.333333333333332,7.033581190817009
2025-02-13,106,Noise Cancelling Headset,Electronics,55.0,129.99,9,14,3,13,2,1,0,22.0,24.0,17.0,22.0,26.428571428571427,7.678045386189151,25.714285714285715,7.247583909653776,24.666666666666668,6.655738169032148
2025-02-14,106,Noise Cancelling Headset,Electronics,55.0,129.99,9,38,4,14,2,1,0,14.0,41.0,35.0,34.0,25.0,9.01849950564576,25.5,7.5625595992565575,24.0,6.690188389698296
2025-02-15,106,Noise Cancelling Headset,Electronics,55.0,129.99,9,33,5,15,2,1,1,38.0,31.0,27.0,27.0,24.571428571428573,8.162049229148712,25.714285714285715,7.887951585790826,24.533333333333335,7.147381161744707
2025-02-16,106,Noise Cancelling Headset,Electronics,55.0,129.99,9,15,6,16,2,1,1,33.0,24.0,33.0,15.0,24.857142857142858,8.454359258760533,26.142857142857142,8.122685638261629,24.9,7.293596624720667
2025-02-17,106,Noise Cancelling Headset,Electronics,55.0,129.99,9,18,0,17,2,1,0,15.0,17.0,20.0,16.0,23.571428571428573,9.253056123197732,24.857142857142858,8.374477185584064,24.266666666666666,7.301078490636537
2025-02-18,106,Noise Cancelling Headset,Electronics,55.0,129.99,9,23,1,18,2,1,0,18.0,26.0,26.0,20.0,23.714285714285715,9.141741003300629,24.714285714285715,8.48009952253438,23.966666666666665,7.369477281483235
2025-02-19,106,Noise Cancelling Headset,Electronics,55.0,129.99,9,29,2,19,2,1,0,23.0,22.0,17.0,20.0,23.285714285714285,9.086882225022396,24.5,8.483014703602626,24.233333333333334,7.1760297030356055
2025-02-20,106,Noise Cancelling Headset,Electronics,55.0,129.99,9,22,3,20,2,1,0,29.0,14.0,24.0,18.0,24.285714285714285,9.304376850247845,25.357142857142858,8.270495686541329,24.666666666666668,7.053164285395624
2025-02-21,106,Noise Cancelling Headset,Electronics,55.0,129.99,9,35,4,21,2,1,0,22.0,38.0,41.0,34.0,25.428571428571427,8.26351706513115,25.214285714285715,8.31290536481653,24.733333333333334,7.0168925892587355
2025-02-22,106,Noise Cancelling Headset,Electronics,55.0,129.99,9,33,5,22,2,1,1,35.0,33.0,31.0,26.0,25.0,7.549834435270713,24.785714285714285,7.5567450403196395,25.233333333333334,7.200015964222321
2025-02-23,106,Noise Cancelling Headset,Electronics,55.0,129.99,9,17,6,23,2,1,1,33.0,15.0,24.0,28.0,25.0,7.549834435270713,24.928571428571427,7.700792024343837,25.733333333333334,7.201213180038949
2025-02-24,106,Noise Cancelling Headset,Electronics,55.0,129.99,9,31,0,24,2,1,0,17.0,18.0,17.0,22.0,25.285714285714285,7.13475731225396,24.428571428571427,7.987627795672361,25.166666666666668,7.197141833722012
2025-02-25,106,Noise Cancelling Headset,Electronics,55.0,129.99,9,20,1,25,2,1,0,31.0,23.0,26.0,20.0,27.142857142857142,6.593647736737989,25.428571428571427,7.861437387793508,25.333333333333332,7.27458179072061
2025-02-26,106,Noise Cancelling Headset,Electronics,55.0,129.99,9,22,2,26,2,1,0,20.0,29.0,22.0,22.0,26.714285714285715,6.993193970194263,25.0,7.9903788299525385,25.066666666666666,7.3199459830931195
2025-02-27,106,Noise Cancelling Headset,Electronics,55.0,129.99,9,26,3,27,2,1,0,22.0,22.0,14.0,17.0,25.714285714285715,7.111359122659187,25.0,7.9903788299525385,25.066666666666666,7.3199459830931195
2025-02-28,106,Noise Cancelling Headset,Electronics,55.0,129.99,9,39,4,28,2,1,0,26.0,35.0,38.0,35.0,26.285714285714285,6.92132660006457,25.857142857142858,7.336496154444272,25.266666666666666,7.25844731821229
2025-03-01,106,Noise Cancelling Headset,Electronics,55.0,129.99,9,36,5,1,3,1,1,39.0,33.0,33.0,27.0,26.857142857142858,7.861903319777172,25.928571428571427,7.467512053136307,25.833333333333332,7.647777830659394
2025-03-02,106,Noise Cancelling Headset,Electronics,55.0,129.99,9,29,6,2,3,1,1,36.0,17.0,15.0,33.0,27.285714285714285,8.320943169983483,26.142857142857142,7.724657252611887,26.466666666666665,7.677703200618043
2025-03-03,106,Noise Cancelling Headset,Electronics,55.0,129.99,9,15,0,3,3,1,0,29.0,31.0,18.0,20.0,29.0,6.976149845485421,27.142857142857142,7.0477180470226894,26.266666666666666,7.524366548356207
2025-03-04,106,Noise Cancelling Headset,Electronics,55.0,129.99,9,22,1,4,3,1,0,15.0,20.0,23.0,26.0,26.714285714285715,8.635475005547065,26.928571428571427,7.384644001776031,25.866666666666667,7.798025096285452
2025-03-05,106,Noise Cancelling Headset,Electronics,55.0,129.99,9,28,2,5,3,1,0,22.0,22.0,29.0,17.0,27.0,8.4063468086123,26.857142857142858,7.430261853312499,25.5,7.709152643628057
2025-03-06,106,Noise Cancelling Headset,Electronics,55.0,129.99,9,30,3,6,3,1,0,28.0,26.0,22.0,24.0,27.857142857142858,8.11230693511552,26.785714285714285,7.412863782004168,25.766666666666666,7.65048266826807
2025-03-07,106,Noise Cancelling Headset,Electronics,55.0,129.99,9,35,4,7,3,1,0,30.0,39.0,35.0,41.0,28.428571428571427,8.100558475750125,27.357142857142858,7.323378191235774,25.9,7.6894464174539525
2025-03-08,106,Noise Cancelling Headset,Electronics,55.0,129.99,9,33,5,8,3,1,1,35.0,36.0,33.0,31.0,27.857142857142858,7.335497516155489,27.357142857142858,7.323378191235774,26.5,7.6732854987173855
2025-03-09,106,Noise Cancelling Headset,Electronics,55.0,129.99,9,17,6,9,3,1,1,33.0,29.0,17.0,24.0,27.428571428571427,6.852180744287214,27.357142857142858,7.323378191235774,26.8,7.7477471697839695
2025-03-10,106,Noise Cancelling Headset,Electronics,55.0,129.99,9,32,0,10,3,1,0,17.0,15.0,31.0,17.0,25.714285714285715,7.825477316949729,27.357142857142858,7.323378191235774,26.0,7.464860208405336
2025-03-11,106,Noise Cancelling Headset,Electronics,55.0,129.99,9,23,1,11,3,1,0,32.0,22.0,20.0,26.0,28.142857142857142,6.4660284417502645,27.428571428571427,7.366392350651428,26.033333333333335,7.490146784314284
2025-03-12,106,Noise Cancelling Headset,Electronics,55.0,129.99,9,33,2,12,3,1,0,23.0,28.0,22.0,22.0,28.285714285714285,6.3170216007831925,27.642857142857142,7.174818602447142,26.0,7.501723939799731
2025-03-13,106,Noise Cancelling Headset,Electronics,55.0,129.99,9,21,3,13,3,1,0,33.0,30.0,26.0,14.0,29.0,6.557438524301967,28.428571428571427,7.111359122659189,26.533333333333335,7.407979543677153
2025-03-14,106,Noise Cancelling Headset,Electronics,55.0,129.99,9,34,4,14,3,1,0,21.0,35.0,39.0,38.0,27.714285714285715,7.181324987175285,28.071428571428573,7.363781279021957,26.366666666666667,7.476322779204326
2025-03-15,106,Noise Cancelling Headset,Electronics,55.0,129.99,9,43,5,15,3,1,1,34.0,33.0,36.0,33.0,27.571428571428573,7.020378500174604,27.714285714285715,6.899593872424317,26.766666666666666,7.5552372031195185
2025-03-16,106,Noise Cancelling Headset,Electronics,55.0,129.99,9,22,6,16,3,1,1,43.0,17.0,29.0,15.0,29.0,9.036961141150615,28.214285714285715,7.747739833491575,27.733333333333334,7.71891243604961
2025-03-17,106,Noise Cancelling Headset,Electronics,55.0,129.99,9,35,0,17,3,1,0,22.0,32.0,15.0,18.0,29.714285714285715,8.077010290825115,27.714285714285715,7.917153445608988,27.2,7.535662339605637
2025-03-18,106,Noise Cancelling Headset,Electronics,55.0,129.99,9,29,1,18,3,1,0,35.0,23.0,22.0,23.0,30.142857142857142,8.295150620062506,29.142857142857142,7.220240171342472,27.266666666666666,7.597337706715693
2025-03-19,106,Noise Cancelling Headset,Electronics,55.0,129.99,9,12,2,19,3,1,0,29.0,33.0,28.0,29.0,31.0,7.7244201508376165,29.642857142857142,6.923840006785241,27.733333333333334,7.239419548713687
2025-03-20,106,Noise Cancelling Headset,Electronics,55.0,129.99,9,29,3,20,3,1,0,12.0,21.0,30.0,22.0,28.0,10.42433051407457,28.5,8.38267444013128,27.533333333333335,7.591889198954
2025-03-21,106,Noise Cancelling Headset,Electronics,55.0,129.99,9,39,4,21,3,1,0,29.0,34.0,35.0,35.0,29.142857142857142,9.957050624700905,28.428571428571427,8.37316488013282,27.733333333333334,7.547245824817747
2025-03-22,106,Noise Cancelling Headset,Electronics,55.0,129.99,9,50,5,22,3,1,1,39.0,43.0,33.0,33.0,29.857142857142858,10.526610271570016,28.714285714285715,8.677367302166182,28.066666666666666,7.8209856215155575
2025-03-23,106,Noise Cancelling Headset,Electronics,55.0,129.99,9,26,6,23,3,1,1,50.0,22.0,17.0,17.0,30.857142857142858,12.185080651197596,29.928571428571427,10.351248796563196,29.0,8.69403283272791
2025-03-24,106,Noise Cancelling Headset,Electronics,55.0,129.99,9,18,0,24,3,1,0,26.0,35.0,32.0,31.0,31.428571428571427,11.787806452108912,30.571428571428573,9.748485371223898,28.7,8.634933060859034
2025-03-25,106,Noise Cancelling Headset,Electronics,55.0,129.99,9,36,1,25,3,1,0,18.0,29.0,23.0,20.0,29.0,12.6491106406735,29.571428571428573,10.293495225434526,28.2,8.809869074137671
2025-03-26,106,Noise Cancelling Headset,Electronics,55.0,129.99,9,33,2,26,3,1,0,36.0,12.0,33.0,22.0,30.0,12.92284798332007,30.5,10.241319025624323,28.833333333333332,8.658594826403139
2025-03-27,106,Noise Cancelling Headset,Electronics,55.0,129.99,9,24,3,27,3,1,0,33.0,29.0,21.0,26.0,33.0,10.198039027185546,30.5,10.241319025624323,28.9,8.683515893683916
2025-03-28,106,Noise Cancelling Headset,Electronics,55.0,129.99,9,56,4,28,3,1,0,24.0,39.0,34.0,39.0,32.285714285714285,10.688222267435066,30.714285714285715,10.056980518170276,29.033333333333335,8.572141459133851
2025-03-29,106,Noise Cancelling Headset,Electronics,55.0,129.99,9,32,5,29,3,1,1,56.0,50.0,43.0,36.0,34.714285714285715,13.912994953331511,32.285714285714285,12.117556058676355,30.166666666666668,9.773586266348007
2025-03-30,106,Noise Cancelling Headset,Electronics,55.0,129.99,9,28,6,30,3,1,1,32.0,26.0,22.0,29.0,32.142857142857146,12.171395036841778,31.5,11.719477541518355,30.366666666666667,9.746735380357462
2025-03-31,106,Noise Cancelling Headset,Electronics,55.0,129.99,9,28,0,31,3,1,0,28.0,18.0,35.0,15.0,32.42857142857143,12.025765988869365,31.928571428571427,11.452002080350443,30.0,9.616795652434801
2025-04-01,106,Noise Cancelling Headset,Electronics,55.0,129.99,9,27,1,1,4,2,0,28.0,36.0,29.0,22.0,33.857142857142854,10.526610271570014,31.428571428571427,11.460395252374964,29.733333333333334,9.555404079704635
2025-04-02,106,Noise Cancelling Headset,Electronics,55.0,129.99,9,29,2,2,4,2,0,27.0,33.0,12.0,28.0,32.57142857142857,10.768118728560736,31.285714285714285,11.505373804167583,29.666666666666668,9.567665853543208
2025-04-03,106,Noise Cancelling Headset,Electronics,55.0,129.99,9,21,3,3,4,2,0,29.0,24.0,29.0,30.0,32.0,10.847426730181967,32.5,10.128026613162223,30.133333333333333,9.160384472180203
2025-04-04,106,Noise Cancelling Headset,Electronics,55.0,129.99,9,34,4,4,4,2,0,21.0,56.0,39.0,35.0,31.571428571428573,11.267314717907748,31.928571428571427,10.55727445679249,30.1,9.192763270732222
2025-04-05,106,Noise Cancelling Headset,Electronics,55.0,129.99,9,36,5,5,4,2,1,34.0,32.0,50.0,33.0,28.428571428571427,4.117326918327066,31.571428571428573,10.382783721247257,30.3,9.21075083988716
2025-04-06,106,Noise Cancelling Headset,Electronics,55.0,129.99,9,18,6,6,4,2,1,36.0,28.0,26.0,17.0,29.0,4.898979485566323,30.571428571428573,9.061450772911007,30.5,9.26896936576271
2025-04-07,106,Noise Cancelling Headset,Electronics,55.0,129.99,9,29,0,7,4,2,0,18.0,28.0,18.0,32.0,27.571428571428573,6.451282633635527,30.0,9.607689228305198,29.933333333333334,9.501119111337111
2025-04-08,106,Noise Cancelling Headset,Electronics,55.0,129.99,9,25,1,8,4,2,0,29.0,27.0,36.0,23.0,27.714285714285715,6.473388749701475,30.785714285714285,8.980136810920895,29.8,9.484651848626516
2025-04-09,106,Noise Cancelling Headset,Electronics,55.0,129.99,9,32,2,9,4,2,0,25.0,29.0,33.0,33.0,27.428571428571427,6.553806600166096,30.0,8.970035588643887,30.066666666666666,9.221165059658704
2025-04-10,106,Noise Cancelling Headset,Electronics,55.0,129.99,9,32,3,10,4,2,0,32.0,21.0,24.0,21.0,27.857142857142858,6.768273325562697,29.928571428571427,8.9482639976382,30.066666666666666,9.221165059658704
2025-04-11,106,Noise Cancelling Headset,Electronics,55.0,129.99,9,42,4,11,4,2,0,32.0,34.0,56.0,34.0,29.428571428571427,6.160550377391667,30.5,8.794666215732875,30.366666666666667,9.129275883711632
2025-04-12,106,Noise Cancelling Headset,Electronics,55.0,129.99,9,39,5,12,4,2,1,42.0,36.0,32.0,43.0,30.571428571428573,7.699721701835327,29.5,6.035153429953242,30.666666666666668,9.36366172603109
2025-04-13,106,Noise Cancelling Headset,Electronics,55.0,129.99,9,27,6,13,4,2,1,39.0,18.0,28.0,22.0,31.0,8.124038404635934,30.0,6.528046002854455,31.266666666666666,9.299363468514366
2025-04-14,106,Noise Cancelling Headset,Electronics,55.0,129.99,9,27,0,14,4,2,0,27.0,29.0,28.0,35.0,32.285714285714285,6.21059003408115,29.928571428571427,6.557019558801461,31.033333333333335,9.316219942819503
2025-04-15,106,Noise Cancelling Headset,Electronics,55.0,129.99,9,22,1,15,4,2,0,27.0,25.0,27.0,29.0,32.0,6.429100507328601,29.857142857142858,6.585031310680063,30.5,9.062046659291248
2025-04-16,106,Noise Cancelling Headset,Electronics,55.0,129.99,9,23,2,16,4,2,0,22.0,32.0,29.0,12.0,31.571428571428573,7.0440789049418795,29.5,6.880854150914209,30.5,9.062046659291248
2025-04-17,106,Noise Cancelling Headset,Electronics,55.0,129.99,9,28,3,17,4,2,0,23.0,32.0,21.0,29.0,30.285714285714285,7.739816658342852,29.071428571428573,7.09782508090474,30.1,9.121214377709645
2025-04-18,106,Noise Cancelling Headset,Electronics,55.0,129.99,9,40,4,18,4,2,0,28.0,42.0,34.0,39.0,29.714285714285715,7.739816658342853,29.571428571428573,6.722113743965705,30.066666666666666,9.127198207907835
2025-04-19,106,Noise Cancelling Headset,Electronics,55.0,129.99,9,42,5,19,4,2,1,40.0,39.0,36.0,50.0,29.428571428571427,7.230886134196412,30.0,7.200427337745535,31.0,8.634334029786567
2025-04-20,106,Noise Cancelling Headset,Electronics,55.0,129.99,9,33,6,20,4,2,1,42.0,27.0,18.0,26.0,29.857142857142858,7.9462479915276205,30.428571428571427,7.743128822126319,31.433333333333334,8.853923086575117
2025-04-21,106,Noise Cancelling Headset,Electronics,55.0,129.99,9,28,0,21,4,2,0,33.0,27.0,29.0,18.0,30.714285714285715,7.9102103999469024,31.5,6.880854150914193,31.233333333333334,8.744193475685977
2025-04-22,106,Noise Cancelling Headset,Electronics,55.0,129.99,9,28,1,22,4,2,0,28.0,22.0,25.0,36.0,30.857142857142858,7.840675383931543,31.428571428571427,6.913913349341099,30.5,8.007539550646733
2025-04-23,106,Noise Cancelling Headset,Electronics,55.0,129.99,9,37,2,23,4,2,0,28.0,23.0,32.0,33.0,31.714285714285715,6.993193970194264,31.642857142857142,6.74373946546137,30.566666666666666,7.977050415619335
2025-04-24,106,Noise Cancelling Headset,Electronics,55.0,129.99,9,20,3,24,4,2,0,37.0,28.0,32.0,24.0,33.714285714285715,6.019808571548989,32.0,6.894814104706574,31.2,7.694153624668493
2025-04-25,106,Noise Cancelling Headset,Electronics,55.0,129.99,9,43,4,25,4,2,0,20.0,40.0,42.0,56.0,32.57142857142857,7.785823502947334,31.142857142857142,7.604220921578694,30.666666666666668,7.901694856750334
2025-04-26,106,Noise Cancelling Headset,Electronics,55.0,129.99,9,37,5,26,4,2,1,43.0,42.0,39.0,32.0,33.0,8.326663997864499,31.214285714285715,7.717896997623987,31.0,8.208490137950273
2025-04-27,106,Noise Cancelling Headset,Electronics,55.0,129.99,9,24,6,27,4,2,1,37.0,33.0,27.0,28.0,32.285714285714285,7.609517849690701,31.071428571428573,7.579976514214491,31.433333333333334,8.169258326751256
2025-04-28,106,Noise Cancelling Headset,Electronics,55.0,129.99,9,19,0,28,4,2,0,24.0,28.0,27.0,28.0,31.0,8.205689083394088,30.857142857142858,7.744547887257287,30.366666666666667,6.830375025465658
2025-04-29,106,Noise Cancelling Headset,Electronics,55.0,129.99,9,15,1,29,4,2,0,19.0,28.0,22.0,27.0,29.714285714285715,9.375753937938086,30.285714285714285,8.324464144718428,29.933333333333334,7.12902437264359
2025-04-30,106,Noise Cancelling Headset,Electronics,55.0,129.99,9,26,2,30,4,2,0,15.0,37.0,23.0,29.0,27.857142857142858,10.930516478016498,29.785714285714285,9.039899347878809,29.5,7.628214415734062
2025-05-01,106,Noise Cancelling Headset,Electronics,55.0,129.99,9,23,3,1,5,2,0,26.0,20.0,28.0,21.0,26.285714285714285,10.160614904526941,30.0,8.901166734241567,29.433333333333334,7.650482668268089
2025-05-02,106,Noise Cancelling Headset,Electronics,55.0,129.99,9,45,4,2,5,2,0,23.0,43.0,40.0,34.0,26.714285714285715,9.911513266807193,29.642857142857142,9.085975184587758,29.3,7.728808624789453
2025-05-03,106,Noise Cancelling Headset,Electronics,55.0,129.99,9,42,5,3,5,2,1,45.0,37.0,42.0,36.0,27.0,10.472185381603326,30.0,9.6076892283052,29.833333333333332,8.242377181929653
2025-05-04,106,Noise Cancelling Headset,Electronics,55.0,129.99,9,21,6,4,5,2,1,42.0,24.0,33.0,18.0,27.714285714285715,11.397577019031791,30.0,9.6076892283052,30.533333333333335,8.357253027216467
2025-05-05,106,Noise Cancelling Headset,Electronics,55.0,129.99,9,27,0,5,5,2,0,21.0,19.0,28.0,29.0,27.285714285714285,11.614850920470811,29.142857142857142,9.851646819438088,30.1,8.506995093288852
2025-05-06,106,Noise Cancelling Headset,Electronics,55.0,129.99,9,25,1,6,5,2,0,27.0,15.0,28.0,25.0,28.428571428571427,11.043205193800423,29.071428571428573,9.864187640256917,29.8,8.450260146985023
2025-05-07,106,Noise Cancelling Headset,Electronics,55.0,129.99,9,27,2,7,5,2,0,25.0,26.0,37.0,32.0,29.857142857142858,9.564318610135805,28.857142857142858,9.92167125234252,30.033333333333335,8.20631940402753
2025-05-08,106,Noise Cancelling Headset,Electronics,55.0,129.99,9,21,3,8,5,2,0,27.0,23.0,20.0,32.0,30.0,9.504384952922148,28.142857142857142,9.646499108741196,29.966666666666665,8.223110131202443
2025-05-09,106,Noise Cancelling Headset,Electronics,55.0,129.99,9,24,4,9,5,2,0,21.0,45.0,43.0,42.0,29.714285714285715,9.776064063386052,28.214285714285715,9.585073102153473,29.833333333333332,8.338044645223862
2025-05-10,106,Noise Cancelling Headset,Electronics,55.0,129.99,9,40,5,10,5,2,1,24.0,42.0,37.0,39.0,26.714285714285715,7.181324987175298,26.857142857142858,8.627836370699217,29.566666666666666,8.394100281759151
2025-05-11,106,Noise Cancelling Headset,Electronics,55.0,129.99,9,27,6,11,5,2,1,40.0,21.0,24.0,27.0,26.428571428571427,6.477065767180436,27.071428571428573,8.931054599751143,29.833333333333332,8.598649987596575
2025-05-12,106,Noise Cancelling Headset,Electronics,55.0,129.99,9,21,0,12,5,2,0,27.0,27.0,19.0,27.0,27.285714285714285,6.01980857154901,27.285714285714285,8.887576215651304,29.333333333333332,8.297624642790419
2025-05-13,106,Noise Cancelling Headset,Electronics,55.0,129.99,9,21,1,13,5,2,0,21.0,25.0,15.0,22.0,26.428571428571427,6.477065767180435,27.428571428571427,8.75929647433368,28.733333333333334,8.224996943017231
2025-05-14,106,Noise Cancelling Headset,Electronics,55.0,129.99,9,25,2,14,5,2,0,21.0,27.0,26.0,23.0,25.857142857142858,6.79285338741069,27.857142857142858,8.235543444374239,28.533333333333335,8.340732347459252
2025-05-15,106,Noise Cancelling Headset,Electronics,55.0,129.99,9,23,3,15,5,2,0,25.0,21.0,23.0,28.0,25.571428571428573,6.77881855136872,27.785714285714285,8.257197992135005,28.466666666666665,8.361378096830691
2025-05-16,106,Noise Cancelling Headset,Electronics,55.0,129.99,9,29,4,16,5,2,0,23.0,24.0,45.0,40.0,25.857142857142858,6.5936477367380055,27.785714285714285,8.257197992135005,28.5,8.33666600026648
2025-05-17,106,Noise Cancelling Headset,Electronics,55.0,129.99,9,42,5,17,5,2,1,29.0,40.0,42.0,42.0,26.571428571428573,6.629659188252491,26.642857142857142,6.640286634883046,28.7,8.271888413840795
2025-05-18,106,Noise Cancelling Headset,Electronics,55.0,129.99,9,31,6,18,5,2,1,42.0,27.0,21.0,33.0,26.857142857142858,7.312741652498754,26.642857142857142,6.640286634883046,29.166666666666668,8.618677926190388
2025-05-19,106,Noise Cancelling Headset,Electronics,55.0,129.99,9,14,0,19,5,2,0,31.0,21.0,27.0,28.0,27.428571428571427,7.480132415430937,27.357142857142858,6.52341513740654,28.866666666666667,8.381972993536005
2025-05-20,106,Noise Cancelling Headset,Electronics,55.0,129.99,9,24,1,20,5,2,0,14.0,21.0,25.0,28.0,26.428571428571427,8.829064557040043,26.428571428571427,7.439130281199489,27.933333333333334,8.427922938510433
2025-05-21,106,Noise Cancelling Headset,Electronics,55.0,129.99,9,16,2,21,5,2,0,24.0,25.0,27.0,37.0,26.857142857142858,8.59124692984223,26.357142857142858,7.458677371482694,27.633333333333333,8.401491383752257
2025-05-22,106,Noise Cancelling Headset,Electronics,55.0,129.99,9,20,3,22,5,2,0,16.0,23.0,21.0,20.0,25.571428571428573,9.536895771286416,25.571428571428573,7.949013346750221,27.233333333333334,8.664964465905287
2025-05-23,106,Noise Cancelling Headset,Electronics,55.0,129.99,9,41,4,23,5,2,0,20.0,29.0,24.0,43.0,25.142857142857142,9.737018219636008,25.5,7.99759579258282,26.966666666666665,8.7631018494017
2025-05-24,106,Noise Cancelling Headset,Electronics,55.0,129.99,9,30,5,24,5,2,1,41.0,42.0,40.0,37.0,26.857142857142858,11.437199124327753,26.714285714285715,8.982278034069001,27.1,8.94947503758041
2025-05-25,106,Noise Cancelling Headset,Electronics,55.0,129.99,9,15,6,25,5,2,1,30.0,31.0,27.0,24.0,25.142857142857142,9.529403119268467,26.0,8.208813275048671,27.433333333333334,8.861708924212659
2025-05-26,106,Noise Cancelling Headset,Electronics,55.0,129.99,9,21,0,26,5,2,0,15.0,14.0,21.0,19.0,22.857142857142858,9.805246409084118,25.142857142857142,8.707707839849466,26.5,8.637328769698478
2025-05-27,106,Noise Cancelling Headset,Electronics,55.0,129.99,9,29,1,27,5,2,0,21.0,24.0,21.0,15.0,23.857142857142858,9.081640296564839,25.142857142857142,8.707707839849466,25.966666666666665,8.458757279449658
2025-05-28,106,Noise Cancelling Headset,Electronics,55.0,129.99,9,25,2,28,5,2,0,29.0,16.0,25.0,26.0,24.571428571428573,9.289010404005051,25.714285714285715,8.677367302166207,26.133333333333333,8.467924605618292
2025-05-29,106,Noise Cancelling Headset,Electronics,55.0,129.99,9,32,3,29,5,2,0,25.0,20.0,23.0,23.0,25.857142857142858,8.4936951406827,25.714285714285715,8.677367302166207,26.333333333333332,8.363852162042601
2025-05-30,106,Noise Cancelling Headset,Electronics,55.0,129.99,9,44,4,30,5,2,0,32.0,41.0,29.0,45.0,27.571428571428573,8.323804075404105,26.357142857142858,8.793416618367155,26.9,8.14248119432885
2025-05-31,106,Noise Cancelling Headset,Electronics,55.0,129.99,9,38,5,31,5,2,1,44.0,30.0,42.0,42.0,28.0,9.165151389911664,27.428571428571427,9.974693253153461,27.5,8.716808970069764
2025-06-01,106,Noise Cancelling Headset,Electronics,55.0,129.99,9,26,6,1,6,2,1,38.0,15.0,31.0,21.0,29.142857142857142,9.923517041663713,27.142857142857142,9.574462369779798,28.0,8.878490085982842
2025-06-02,106,Noise Cancelling Headset,Electronics,55.0,129.99,9,14,0,2,6,2,0,26.0,21.0,14.0,27.0,30.714285714285715,7.994045402970984,26.785714285714285,9.512571208091467,27.366666666666667,8.281609594231268
2025-06-03,106,Noise Cancelling Headset,Electronics,55.0,129.99,9,21,1,3,6,2,0,14.0,29.0,24.0,25.0,29.714285714285715,9.67323258127438,26.785714285714285,9.512571208091467,26.433333333333334,8.152356686273537
2025-06-04,106,Noise Cancelling Headset,Electronics,55.0,129.99,9,33,2,4,6,2,0,21.0,25.0,16.0,27.0,28.571428571428573,10.228345302102746,26.571428571428573,9.613406389911031,26.433333333333334,8.152356686273537
2025-06-05,106,Noise Cancelling Headset,Electronics,55.0,129.99,9,36,3,5,6,2,0,33.0,32.0,20.0,21.0,29.714285714285715,10.209705932988221,27.785714285714285,9.241866040583337,26.633333333333333,8.23986664326854
2025-06-06,106,Noise Cancelling Headset,Electronics,55.0,129.99,9,37,4,6,6,2,0,36.0,44.0,41.0,24.0,30.285714285714285,10.467637200984193,28.928571428571427,9.194181150758697,27.0,8.407714027749325
2025-06-07,106,Noise Cancelling Headset,Electronics,55.0,129.99,9,41,5,7,6,2,1,37.0,38.0,30.0,40.0,29.285714285714285,9.196272536817743,28.642857142857142,8.84574772120776,27.333333333333332,8.60366134304147
2025-06-08,106,Noise Cancelling Headset,Electronics,55.0,129.99,9,27,6,8,6,2,1,41.0,26.0,15.0,27.0,29.714285714285715,9.724784242924272,29.428571428571427,9.443877020949214,28.0,8.866830868758662
2025-06-09,106,Noise Cancelling Headset,Electronics,55.0,129.99,9,21,0,9,6,2,0,27.0,14.0,21.0,21.0,29.857142857142858,9.668308563352234,30.285714285714285,8.534352045419975,28.1,8.837030239185273
2025-06-10,106,Noise Cancelling Headset,Electronics,55.0,129.99,9,27,1,10,6,2,0,21.0,21.0,29.0,21.0,30.857142857142858,7.967194642795549,30.285714285714285,8.534352045419975,27.466666666666665,8.633268983029103
2025-06-11,106,Noise Cancelling Headset,Electronics,55.0,129.99,9,32,2,11,6,2,0,27.0,33.0,25.0,25.0,31.714285714285715,6.993193970194271,30.142857142857142,8.574175384051975,27.466666666666665,8.633268983029103
2025-06-12,106,Noise Cancelling Headset,Electronics,55.0,129.99,9,35,3,12,6,2,0,32.0,36.0,32.0,23.0,31.571428571428573,6.97273602103559,30.642857142857142,8.454467575076578,27.833333333333332,8.582593986681937
2025-06-13,106,Noise Cancelling Headset,Electronics,55.0,129.99,9,47,4,13,6,2,0,35.0,37.0,44.0,29.0,31.428571428571427,6.876460883747824,30.857142857142858,8.52920000628734,28.3,8.578843262592983
2025-06-14,106,Noise Cancelling Headset,Electronics,55.0,129.99,9,48,5,14,6,2,1,47.0,41.0,38.0,42.0,32.857142857142854,8.952254305081864,31.071428571428573,8.913811976704643,29.033333333333335,9.204509139858912
2025-06-15,106,Noise Cancelling Headset,Electronics,55.0,129.99,9,21,6,15,6,2,1,48.0,27.0,26.0,31.0,33.857142857142854,10.302565561201577,31.785714285714285,9.861959326535516,29.866666666666667,9.754692357450589
2025-06-16,106,Noise Cancelling Headset,Electronics,55.0,129.99,9,36,0,16,6,2,0,21.0,21.0,14.0,14.0,33.0,11.180339887498933,31.428571428571427,10.17322493089112,29.6,9.887644676128813
2025-06-17,106,Noise Cancelling Headset,Electronics,55.0,129.99,9,26,1,17,6,2,0,36.0,27.0,21.0,24.0,35.142857142857146,9.856107606091603,33.0,8.892520625611278,29.4,9.686820054002233
2025-06-18,106,Noise Cancelling Headset,Electronics,55.0,129.99,9,29,2,18,6,2,0,26.0,32.0,33.0,16.0,35.0,9.99999999999998,33.357142857142854,8.463561196793403,29.233333333333334,9.701344852855305
2025-06-19,106,Noise Cancelling Headset,Electronics,55.0,129.99,9,24,3,19,6,2,0,29.0,35.0,36.0,20.0,34.57142857142857,10.212037714663703,33.07142857142857,8.54368219765368,29.733333333333334,9.265930674485267
2025-06-20,106,Noise Cancelling Headset,Electronics,55.0,129.99,9,49,4,20,6,2,0,24.0,47.0,37.0,41.0,33.0,10.954451150103305,32.214285714285715,8.824603468350597,29.733333333333334,9.265930674485267
2025-06-21,106,Noise Cancelling Headset,Electronics,55.0,129.99,9,35,5,21,6,2,1,49.0,48.0,41.0,30.0,33.285714285714285,11.397577019031786,33.07142857142857,9.848578856591667,30.833333333333332,9.53426970724942
2025-06-22,106,Noise Cancelling Headset,Electronics,55.0,129.99,9,30,6,22,6,2,1,35.0,21.0,27.0,15.0,31.428571428571427,9.501879513323345,32.642857142857146,9.604543338818964,31.333333333333332,9.33784784084908
2025-06-23,106,Noise Cancelling Headset,Electronics,55.0,129.99,9,23,0,23,6,2,0,30.0,36.0,21.0,21.0,32.714285714285715,8.40068024456521,32.857142857142854,9.50187951332331,30.966666666666665,9.159443340009796
2025-06-24,106,Noise Cancelling Headset,Electronics,55.0,129.99,9,26,1,24,6,2,0,23.0,26.0,27.0,29.0,30.857142857142858,8.970852271450584,33.0,9.323254631461904,30.733333333333334,9.27337060074975
2025-06-25,106,Noise Cancelling Headset,Electronics,55.0,129.99,9,36,2,25,6,2,0,26.0,29.0,32.0,25.0,30.857142857142858,8.970852271450584,32.92857142857143,9.376437618711135,31.1,8.837030239185284
2025-06-26,106,Noise Cancelling Headset,Electronics,55.0,129.99,9,40,3,26,6,2,0,36.0,24.0,35.0,32.0,31.857142857142858,9.11827051270452,33.214285714285715,9.406859783637145,31.6,8.66861162967901
2025-06-27,106,Noise Cancelling Headset,Electronics,55.0,129.99,9,30,4,27,6,2,0,40.0,49.0,47.0,44.0,34.142857142857146,8.820970684087065,33.57142857142857,9.573314559145672,31.966666666666665,8.786680096967006
2025-06-28,106,Noise Cancelling Headset,Electronics,55.0,129.99,9,44,5,28,6,2,1,30.0,35.0,48.0,38.0,31.428571428571427,5.940177967511908,32.357142857142854,8.784664459746239,32.13333333333333,8.696940933983324
2025-06-29,106,Noise Cancelling Headset,Electronics,55.0,129.99,9,29,6,29,6,2,1,44.0,30.0,21.0,26.0,32.714285714285715,7.587583842793975,32.07142857142857,8.287750791789785,32.53333333333333,8.962501703297386
2025-06-30,106,Noise Cancelling Headset,Electronics,55.0,129.99,9,21,0,30,6,2,0,29.0,23.0,36.0,14.0,32.57142857142857,7.65630770143463,32.642857142857146,7.7221673208929555,32.03333333333333,8.71575400158192
2025-07-01,106,Noise Cancelling Headset,Electronics,55.0,129.99,9,26,1,1,7,3,0,21.0,26.0,26.0,21.0,32.285714285714285,8.097618697581913,31.571428571428573,8.243545593738355,31.466666666666665,8.865793751863054
2025-07-02,106,Noise Cancelling Headset,Electronics,55.0,129.99,9,26,2,2,7,3,0,26.0,36.0,29.0,33.0,32.285714285714285,8.097618697581913,31.571428571428573,8.243545593738355,31.466666666666665,8.865793751863054
2025-07-03,106,Noise Cancelling Headset,Electronics,55.0,129.99,9,23,3,3,7,3,0,26.0,40.0,24.0,36.0,30.857142857142858,8.214389233302143,31.357142857142858,8.353784428970705,31.866666666666667,8.30344063848119
2025-07-04,106,Noise Cancelling Headset,Electronics,55.0,129.99,9,35,4,4,7,3,0,23.0,30.0,49.0,37.0,28.428571428571427,7.546680127869519,31.285714285714285,8.425497670108877,31.933333333333334,8.220803439774095
2025-07-05,106,Noise Cancelling Headset,Electronics,55.0,129.99,9,37,5,5,7,3,1,35.0,44.0,35.0,41.0,29.142857142857142,7.946247991527628,30.285714285714285,6.843622201375825,32.0,8.237843708490502
2025-07-06,106,Noise Cancelling Headset,Electronics,55.0,129.99,9,21,6,6,7,3,1,37.0,29.0,30.0,27.0,28.142857142857142,5.956189257922403,30.428571428571427,6.969320524371641,32.03333333333333,8.25658914854163
2025-07-07,106,Noise Cancelling Headset,Electronics,55.0,129.99,9,24,0,7,7,3,0,21.0,21.0,23.0,21.0,27.0,6.506407098647695,29.785714285714285,7.412863782004143,31.5,8.439439432274739
2025-07-08,106,Noise Cancelling Headset,Electronics,55.0,129.99,9,30,1,8,7,3,0,24.0,26.0,26.0,27.0,27.428571428571427,6.133436852128453,29.857142857142858,7.346973661176504,30.933333333333334,8.349822766375599
2025-07-09,106,Noise Cancelling Headset,Electronics,55.0,129.99,9,40,2,9,7,3,0,30.0,26.0,36.0,32.0,28.0,6.1644140029689565,30.142857142857142,7.262730392025579,31.033333333333335,8.318999166151901
2025-07-10,106,Noise Cancelling Headset,Electronics,55.0,129.99,9,33,3,10,7,3,0,40.0,23.0,40.0,35.0,30.0,7.527726527090788,30.428571428571427,7.582513138432715,31.666666666666668,8.25178489921955
2025-07-11,106,Noise Cancelling Headset,Electronics,55.0,129.99,9,37,4,11,7,3,0,33.0,35.0,30.0,47.0,31.428571428571427,6.900655593423515,29.928571428571427,7.119467198239802,31.866666666666667,8.207369830842836
2025-07-12,106,Noise Cancelling Headset,Electronics,55.0,129.99,9,42,5,12,7,3,1,37.0,37.0,44.0,48.0,31.714285714285715,7.111359122659197,30.428571428571427,7.366392350651403,32.03333333333333,8.260764485509606
2025-07-13,106,Noise Cancelling Headset,Electronics,55.0,129.99,9,24,6,13,7,3,1,42.0,21.0,29.0,21.0,32.42857142857143,7.93425364809952,30.285714285714285,7.097438014778687,32.266666666666666,8.444273037179466
2025-07-14,106,Noise Cancelling Headset,Electronics,55.0,129.99,9,30,0,14,7,3,0,24.0,24.0,21.0,36.0,32.857142857142854,7.267016155859527,29.928571428571427,7.290291602422426,31.5,8.097466611060563
2025-07-15,106,Noise Cancelling Headset,Electronics,55.0,129.99,9,33,1,15,7,3,0,30.0,30.0,26.0,26.0,33.714285714285715,6.34335047416543,30.571428571428573,6.82432623571205,30.9,7.47570778565822
2025-07-16,106,Noise Cancelling Headset,Electronics,55.0,129.99,9,17,2,16,7,3,0,33.0,40.0,26.0,29.0,34.142857142857146,6.148944934663454,31.071428571428573,6.719252313193099,31.3,7.245212450182196
2025-07-17,106,Noise Cancelling Headset,Electronics,55.0,129.99,9,22,3,17,7,3,0,17.0,33.0,23.0,24.0,30.857142857142858,8.275034167675086,30.428571428571427,7.612886703218641,30.666666666666668,7.639883251199145
2025-07-18,106,Noise Cancelling Headset,Electronics,55.0,129.99,9,38,4,18,7,3,0,22.0,37.0,35.0,49.0,29.285714285714285,8.826367424074391,30.357142857142858,7.692225274283698,30.533333333333335,7.758125143817005
2025-07-19,106,Noise Cancelling Headset,Electronics,55.0,129.99,9,35,5,19,7,3,1,38.0,42.0,37.0,35.0,29.428571428571427,8.978811035936067,30.571428571428573,7.871216167533653,30.833333333333332,7.869992478344221
2025-07-20,106,Noise Cancelling Headset,Electronics,55.0,129.99,9,19,6,20,7,3,1,35.0,24.0,21.0,30.0,28.428571428571427,7.634508123364203,30.428571428571427,7.7629721282338435,31.2,7.796550961582369
2025-07-21,106,Noise Cancelling Headset,Electronics,55.0,129.99,9,30,0,21,7,3,0,19.0,30.0,24.0,23.0,27.714285714285715,8.320943169983495,30.285714285714285,7.965585317511118,30.2,7.345653183322389
2025-07-22,106,Noise Cancelling Headset,Electronics,55.0,129.99,9,19,1,22,7,3,0,30.0,33.0,30.0,26.0,27.714285714285715,8.320943169983495,30.714285714285715,7.760140476807067,30.033333333333335,7.289498035475046
2025-07-23,106,Noise Cancelling Headset,Electronics,55.0,129.99,9,22,2,23,7,3,0,19.0,17.0,40.0,36.0,25.714285714285715,8.518886580500315,29.928571428571427,8.370867850553362,29.666666666666668,7.562764196961961
2025-07-24,106,Noise Cancelling Headset,Electronics,55.0,129.99,9,33,3,24,7,3,0,22.0,22.0,33.0,40.0,26.428571428571427,7.849780100044037,28.642857142857142,8.08233727483426,29.633333333333333,7.595294974332831
2025-07-25,106,Noise Cancelling Headset,Electronics,55.0,129.99,9,43,4,25,7,3,0,33.0,38.0,37.0,30.0,28.0,7.916228058025261,28.642857142857142,8.08233727483426,29.866666666666667,7.587345787029425
2025-07-26,106,Noise Cancelling Headset,Electronics,55.0,129.99,9,41,5,26,7,3,1,43.0,35.0,42.0,44.0,28.714285714285715,9.105205209371263,29.071428571428573,8.69539476446524,30.1,7.884292546926224
2025-07-27,106,Noise Cancelling Headset,Electronics,55.0,129.99,9,26,6,27,7,3,1,41.0,19.0,24.0,29.0,29.571428571428573,10.03090462615647,29.0,8.584422385478659,30.133333333333333,7.929575078119847
2025-07-28,106,Noise Cancelling Headset,Electronics,55.0,129.99,9,29,0,28,7,3,0,26.0,30.0,30.0,21.0,30.571428571428573,9.107819769427842,29.142857142857142,8.511143309776886,30.0,7.965442603023897
2025-07-29,106,Noise Cancelling Headset,Electronics,55.0,129.99,9,19,1,29,7,3,0,29.0,19.0,33.0,26.0,30.428571428571427,9.126100716391088,29.071428571428573,8.507591955372583,29.5,7.514354080117493
2025-07-30,106,Noise Cancelling Headset,Electronics,55.0,129.99,9,27,2,30,7,3,0,19.0,22.0,17.0,26.0,30.428571428571427,9.126100716391088,28.071428571428573,8.827093656327769,29.166666666666668,7.75523553226584
2025-07-31,106,Noise Cancelling Headset,Electronics,55.0,129.99,9,28,3,31,7,3,0,27.0,33.0,22.0,23.0,31.142857142857142,8.53284968867514,28.785714285714285,8.247876849679072,29.366666666666667,7.613433378975024
2025-08-01,106,Noise Cancelling Headset,Electronics,55.0,129.99,9,37,4,1,8,3,0,28.0,43.0,38.0,35.0,30.428571428571427,8.560707580902056,29.214285714285715,8.020920448125903,29.433333333333334,7.591662092936726
2025-08-02,106,Noise Cancelling Headset,Electronics,55.0,129.99,9,39,5,2,8,3,1,37.0,41.0,35.0,37.0,29.571428571428573,7.299706452023529,29.142857142857142,7.940714391976608,29.8,7.685185031312932
2025-08-03,106,Noise Cancelling Headset,Electronics,55.0,129.99,9,24,6,3,8,3,1,39.0,26.0,19.0,21.0,29.285714285714285,6.799859942535206,29.428571428571427,8.234208996752338,30.333333333333332,7.751900026637835
2025-08-04,106,Noise Cancelling Headset,Electronics,55.0,129.99,9,40,0,4,8,3,0,24.0,29.0,30.0,24.0,29.0,6.999999999999976,29.785714285714285,7.846396247063576,29.966666666666665,7.7836403739679225
2025-08-05,106,Noise Cancelling Headset,Electronics,55.0,129.99,9,24,1,5,8,3,0,40.0,19.0,19.0,30.0,30.571428571428573,8.141603913585696,30.5,8.308938652948447,30.066666666666666,7.895582935100904
2025-08-06,106,Noise Cancelling Headset,Electronics,55.0,129.99,9,34,2,6,8,3,0,24.0,27.0,22.0,40.0,31.285714285714285,7.111359122659199,30.857142857142858,7.872612144518562,30.166666666666668,7.795150275401436
2025-08-07,106,Noise Cancelling Headset,Electronics,55.0,129.99,9,24,3,7,8,3,0,34.0,28.0,33.0,33.0,32.285714285714285,6.897204402613292,31.714285714285715,7.477438593000077,30.5,7.735943871707321
2025-08-08,106,Noise Cancelling Headset,Electronics,55.0,129.99,9,38,4,8,8,3,0,24.0,37.0,43.0,37.0,31.714285714285715,7.454624643228403,31.071428571428573,7.740644832155882,30.3,7.826348071605951
2025-08-09,106,Noise Cancelling Headset,Electronics,55.0,129.99,9,25,5,9,8,3,1,38.0,39.0,41.0,42.0,31.857142857142858,7.581305327988717,30.714285714285715,7.247583909653735,30.233333333333334,7.749008093735659
2025-08-10,106,Noise Cancelling Headset,Electronics,55.0,129.99,9,30,6,10,8,3,1,25.0,24.0,26.0,24.0,29.857142857142858,7.221001117771468,29.571428571428573,6.7449614894752985,29.966666666666665,7.788069272194802
2025-08-11,106,Noise Cancelling Headset,Electronics,55.0,129.99,9,26,0,11,8,3,0,30.0,40.0,29.0,30.0,30.714285714285715,6.750661343263207,29.857142857142858,6.666300356236565,29.733333333333334,7.674109330924835
2025-08-12,106,Noise Cancelling Headset,Electronics,55.0,129.99,9,22,1,12,8,3,0,26.0,24.0,19.0,33.0,28.714285714285715,5.498917642417906,29.642857142857142,6.7437394654613785,29.2,7.340957374376511
2025-08-13,106,Noise Cancelling Headset,Electronics,55.0,129.99,9,27,2,13,8,3,0,22.0,34.0,27.0,17.0,28.428571428571427,5.826867164470168,29.857142857142858,6.419407387663641,29.133333333333333,7.398664060832641
2025-08-14,106,Noise Cancelling Headset,Electronics,55.0,129.99,9,23,3,14,8,3,0,27.0,24.0,28.0,22.0,27.428571428571427,5.287001130355528,29.857142857142858,6.419407387663641,29.033333333333335,7.406815749040134
2025-08-15,106,Noise Cancelling Headset,Electronics,55.0,129.99,9,43,4,15,8,3,0,23.0,38.0,37.0,38.0,27.285714285714285,5.407226205560012,29.5,6.665063909901862,28.7,7.447054497561718
2025-08-16,106,Noise Cancelling Headset,Electronics,55.0,129.99,9,45,5,16,8,3,1,43.0,25.0,39.0,35.0,28.0,7.118052168020852,29.928571428571427,7.342859280796666,29.566666666666666,7.550671736882753
2025-08-17,106,Noise Cancelling Headset,Electronics,55.0,129.99,9,24,6,17,8,3,1,45.0,30.0,24.0,19.0,30.857142857142858,9.370673604897538,30.357142857142858,8.053734373732263,30.333333333333332,7.914775938769124
2025-08-18,106,Noise Cancelling Headset,Electronics,55.0,129.99,9,25,0,18,8,3,0,24.0,26.0,40.0,30.0,30.0,9.72967967955093,30.357142857142858,8.053734373732263,29.866666666666667,7.859689093321521
2025-08-19,106,Noise Cancelling Headset,Electronics,55.0,129.99,9,25,1,19,8,3,0,25.0,22.0,24.0,19.0,29.857142857142858,9.805246409084107,29.285714285714285,7.660373272975546,29.533333333333335,7.846516175472597
2025-08-20,106,Noise Cancelling Headset,Electronics,55.0,129.99,9,29,2,20,8,3,0,25.0,27.0,34.0,22.0,30.285714285714285,9.464218328601058,29.357142857142858,7.61180402004412,29.733333333333334,7.642590882828804
2025-08-21,106,Noise Cancelling Headset,Electronics,55.0,129.99,9,33,3,21,8,3,0,29.0,23.0,24.0,33.0,30.571428571428573,9.378293072429576,29.0,7.4935870018199955,29.7,7.643568402979958
2025-08-22,106,Noise Cancelling Headset,Electronics,55.0,129.99,9,40,4,22,8,3,0,33.0,43.0,38.0,43.0,32.0,8.7749643873921,29.642857142857142,7.417309722297085,30.166666666666668,7.390969948633828
2025-08-23,106,Noise Cancelling Headset,Electronics,55.0,129.99,9,36,5,23,8,3,1,40.0,45.0,25.0,41.0,31.571428571428573,8.202786982831745,29.785714285714285,7.607471746488821,30.766666666666666,7.435624099369575
2025-08-24,106,Noise Cancelling Headset,Electronics,55.0,129.99,9,29,6,24,8,3,1,36.0,24.0,30.0,26.0,30.285714285714285,6.210590034081159,30.571428571428573,7.643139565491501,30.866666666666667,7.486693176071986
2025-08-25,106,Noise Cancelling Headset,Electronics,55.0,129.99,9,28,0,25,8,3,0,29.0,25.0,26.0,29.0,31.0,5.6273143387113445,30.5,7.653556237261362,30.4,7.132248279276355
2025-08-26,106,Noise Cancelling Headset,Electronics,55.0,129.99,9,31,1,26,8,3,0,28.0,25.0,22.0,19.0,31.428571428571427,5.191568255583333,30.642857142857142,7.581426117691919,29.966666666666665,6.855570769433553
2025-08-27,106,Noise Cancelling Headset,Electronics,55.0,129.99,9,21,2,27,8,3,0,31.0,29.0,27.0,27.0,32.285714285714285,4.386125310350224,31.285714285714285,7.162171688580385,30.133333333333333,6.816477669301872
2025-08-28,106,Noise Cancelling Headset,Electronics,55.0,129.99,9,26,3,28,8,3,0,21.0,33.0,23.0,28.0,31.142857142857142,6.094494002200411,30.857142857142858,7.604220921578686,29.866666666666667,7.015909670580588
2025-08-29,106,Noise Cancelling Headset,Electronics,55.0,129.99,9,37,4,29,8,3,0,26.0,40.0,43.0,37.0,30.142857142857142,6.309478885734024,31.071428571428573,7.40544795003371,30.1,6.7535431313929815
2025-08-30,106,Noise Cancelling Headset,Electronics,55.0,129.99,9,34,5,30,8,3,1,37.0,36.0,45.0,39.0,29.714285714285715,5.589105048046145,30.642857142857142,6.811835208010988,30.433333333333334,6.841472584644034
2025-08-31,106,Noise Cancelling Headset,Electronics,55.0,129.99,9,21,6,31,8,3,1,34.0,29.0,24.0,24.0,29.428571428571427,5.255382728122404,29.857142857142858,5.545020536233574,30.633333333333333,6.855570769433555
2025-09-01,106,Noise Cancelling Headset,Electronics,55.0,129.99,9,24,0,1,9,3,0,21.0,28.0,25.0,40.0,28.285714285714285,6.1566843271976825,29.642857142857142,5.838955950630724,30.1,6.964689264548939
2025-09-02,106,Noise Cancelling Headset,Electronics,55.0,129.99,9,35,1,2,9,3,0,24.0,31.0,25.0,24.0,27.714285714285715,6.3695705170308194,29.571428571428573,5.905854796650544,29.6,6.84105255059476
2025-09-03,106,Noise Cancelling Headset,Electronics,55.0,129.99,9,22,2,3,9,3,0,35.0,21.0,29.0,34.0,28.285714285714285,6.872997543873773,30.285714285714285,5.915150969249242,29.966666666666665,6.825324715444934
2025-09-04,106,Noise Cancelling Headset,Electronics,55.0,129.99,9,27,3,4,9,3,0,22.0,26.0,33.0,24.0,28.428571428571427,6.704653678780182,29.785714285714285,6.314556704442974,29.366666666666667,6.702975835960498
2025-09-05,106,Noise Cancelling Headset,Electronics,55.0,129.99,9,44,4,5,9,3,0,27.0,37.0,40.0,38.0,28.571428571428573,6.654751256486899,29.357142857142858,6.2831538241572105,29.466666666666665,6.642254152762007
2025-09-06,106,Noise Cancelling Headset,Electronics,55.0,129.99,9,40,5,6,9,3,1,44.0,34.0,36.0,25.0,29.571428571428573,8.423323628614813,29.642857142857142,6.8680659337494,29.8,7.111913268933098
2025-09-07,106,Noise Cancelling Headset,Electronics,55.0,129.99,9,25,6,7,9,3,1,40.0,21.0,29.0,30.0,30.428571428571427,9.216961590045855,29.928571428571427,7.226705662006309,30.333333333333332,7.260347352445338
2025-09-08,106,Noise Cancelling Headset,Electronics,55.0,129.99,9,35,0,8,9,3,0,25.0,24.0,28.0,26.0,31.0,8.640987597877128,29.642857142857142,7.344355685801158,29.9,7.174427767641301
2025-09-09,106,Noise Cancelling Headset,Electronics,55.0,129.99,9,33,1,9,9,3,0,35.0,35.0,31.0,22.0,32.57142857142857,8.1416039135857,30.142857142857142,7.461255234230294,30.233333333333334,7.171222823313211
2025-09-10,106,Noise Cancelling Headset,Electronics,55.0,129.99,9,22,2,10,9,3,0,33.0,22.0,21.0,27.0,32.285714285714285,8.077010290825122,30.285714285714285,7.497985077324406,30.333333333333332,7.188752389638925
2025-09-11,106,Noise Cancelling Headset,Electronics,55.0,129.99,9,21,3,11,9,3,0,22.0,27.0,26.0,23.0,32.285714285714285,8.077010290825122,30.357142857142858,7.40693171040726,30.2,7.308002227129056
2025-09-12,106,Noise Cancelling Headset,Electronics,55.0,129.99,9,40,4,12,9,3,0,21.0,44.0,37.0,43.0,31.428571428571427,8.997354108424355,30.0,7.74596669241479,30.166666666666668,7.348860260369351
2025-09-13,106,Noise Cancelling Headset,Electronics,55.0,129.99,9,35,5,13,9,3,1,40.0,40.0,34.0,45.0,30.857142857142858,8.1532932288855,30.214285714285715,7.992097745499967,30.6,7.536577472566651
2025-09-14,106,Noise Cancelling Headset,Electronics,55.0,129.99,9,30,6,14,9,3,1,35.0,25.0,21.0,24.0,30.142857142857142,7.403345447128851,30.285714285714285,8.03289938487168,31.0,7.437092498253962
2025-09-15,106,Noise Cancelling Headset,Electronics,55.0,129.99,9,32,0,15,9,3,0,30.0,35.0,24.0,25.0,30.857142857142858,7.057586259446178,30.928571428571427,7.579976514214482,30.566666666666666,7.084141265620237
2025-09-16,106,Noise Cancelling Headset,Electronics,55.0,129.99,9,32,1,16,9,3,0,32.0,33.0,35.0,25.0,30.428571428571427,6.852180744287226,31.5,7.314369419163835,30.133333333333333,6.548141791343505
2025-09-17,106,Noise Cancelling Headset,Electronics,55.0,129.99,9,25,2,17,9,3,0,32.0,22.0,22.0,29.0,30.285714285714285,6.799859942535209,31.285714285714285,7.247583909653731,30.4,6.451944374132163
2025-09-18,106,Noise Cancelling Headset,Electronics,55.0,129.99,9,37,3,18,9,3,0,25.0,21.0,27.0,33.0,30.714285714285715,6.264031867582965,31.5,6.991753384138666,30.4,6.451944374132163
2025-09-19,106,Noise Cancelling Headset,Electronics,55.0,129.99,9,41,4,19,9,3,0,37.0,40.0,44.0,40.0,33.0,4.898979485566319,32.214285714285715,7.007452861375137,30.8,6.4775474285916514
2025-09-20,106,Noise Cancelling Headset,Electronics,55.0,129.99,9,57,5,20,9,3,1,41.0,35.0,40.0,36.0,33.142857142857146,5.1455019654247645,32.0,6.656402354702676,31.2,6.728221571651794
2025-09-21,106,Noise Cancelling Headset,Electronics,55.0,129.99,9,26,6,21,9,3,1,57.0,30.0,25.0,29.0,36.285714285714285,10.451702982676785,33.214285714285715,9.266802381276145,32.0,8.212689928523307
2025-09-22,106,Noise Cancelling Headset,Electronics,55.0,129.99,9,32,0,22,9,3,0,26.0,32.0,35.0,28.0,35.714285714285715,10.95010328283535,33.285714285714285,9.202245306517183,31.533333333333335,8.139869241232748
2025-09-23,106,Noise Cancelling Headset,Electronics,55.0,129.99,9,35,1,23,9,3,0,32.0,32.0,33.0,31.0,35.714285714285715,10.95010328283535,33.07142857142857,9.194181150758663,31.4,8.096827816475681
2025-09-24,106,Noise Cancelling Headset,Electronics,55.0,129.99,9,28,2,24,9,3,0,35.0,25.0,22.0,21.0,36.142857142857146,10.838643387259776,33.214285714285715,9.208512545286679,31.6,8.109594147759706
2025-09-25,106,Noise Cancelling Headset,Electronics,55.0,129.99,9,22,3,25,9,3,0,28.0,37.0,21.0,26.0,36.57142857142857,10.37396007410127,33.642857142857146,8.775903572651782,31.6,8.109594147759706
2025-09-26,106,Noise Cancelling Headset,Electronics,55.0,129.99,9,43,4,26,9,3,0,22.0,41.0,40.0,37.0,34.42857142857143,11.731114508820006,33.714285714285715,8.668497975015967,31.3,8.296862722407907
2025-09-27,106,Noise Cancelling Headset,Electronics,55.0,129.99,9,34,5,27,9,3,1,43.0,57.0,35.0,34.0,34.714285714285715,11.940327825123907,33.92857142857143,8.87055878661609,32.03333333333333,8.327285161498839
2025-09-28,106,Noise Cancelling Headset,Electronics,55.0,129.99,9,33,6,28,9,3,1,34.0,26.0,30.0,21.0,31.428571428571427,6.87646088374783,33.857142857142854,8.865292245233958,32.3,8.255196900260357
2025-09-29,106,Noise Cancelling Headset,Electronics,55.0,129.99,9,22,0,29,9,3,0,33.0,32.0,32.0,24.0,32.42857142857143,6.4512826336355245,34.07142857142857,8.800911541200872,32.166666666666664,8.208840202565986
2025-09-30,106,Noise Cancelling Headset,Electronics,55.0,129.99,9,32,1,30,9,3,0,22.0,35.0,32.0,35.0,31.0,7.571877794400347,33.357142857142854,9.369403091217343,31.766666666666666,8.40641517485029
2025-10-01,106,Noise Cancelling Headset,Electronics,55.0,129.99,9,29,2,1,10,4,0,32.0,28.0,25.0,22.0,30.571428571428573,7.390470053998417,33.357142857142854,9.369403091217343,32.13333333333333,8.156796756897437
2025-10-02,106,Noise Cancelling Headset,Electronics,55.0,129.99,9,34,3,2,10,4,0,29.0,22.0,37.0,27.0,30.714285714285715,7.341986237031614,33.642857142857146,9.153453680754225,32.3,8.035052517906555
2025-10-03,106,Noise Cancelling Headset,Electronics,55.0,129.99,9,40,4,3,10,4,0,34.0,43.0,41.0,44.0,32.42857142857143,6.294366339755521,33.42857142857143,9.103797058322405,32.266666666666666,8.02553396368728
2025-10-04,106,Noise Cancelling Headset,Electronics,55.0,129.99,9,43,5,4,10,4,1,40.0,34.0,57.0,40.0,32.0,5.507570547286075,33.357142857142854,9.043545448866452,32.86666666666667,7.903440251946693
2025-10-05,106,Noise Cancelling Headset,Electronics,55.0,129.99,9,25,6,5,10,4,1,43.0,33.0,26.0,25.0,33.285714285714285,6.921326600064585,32.357142857142854,6.697957700869446,33.4,8.032691823481947
2025-10-06,106,Noise Cancelling Headset,Electronics,55.0,129.99,9,30,0,6,10,4,0,25.0,22.0,32.0,35.0,32.142857142857146,7.603257447273736,32.285714285714285,6.775845918561525,32.766666666666666,7.916300656995871
2025-10-07,106,Noise Cancelling Headset,Electronics,55.0,129.99,9,34,1,7,10,4,0,30.0,32.0,35.0,33.0,33.285714285714285,6.317021600783204,32.142857142857146,6.803360514166015,32.43333333333333,7.811059062518996
2025-10-08,106,Noise Cancelling Headset,Electronics,55.0,129.99,9,19,2,8,10,4,0,34.0,29.0,28.0,22.0,33.57142857142857,6.294366339755521,32.07142857142857,6.776251354368535,32.733333333333334,7.6875776792635975
2025-10-09,106,Noise Cancelling Headset,Electronics,55.0,129.99,9,30,3,9,10,4,0,19.0,34.0,22.0,21.0,32.142857142857146,8.315218406202982,31.428571428571427,7.572361543181785,32.2,8.070380070526904
2025-10-10,106,Noise Cancelling Headset,Electronics,55.0,129.99,9,40,4,10,10,4,0,30.0,40.0,43.0,40.0,31.571428571428573,8.303757038376105,32.0,7.092791573681783,32.1,8.07870764673277
2025-10-11,106,Noise Cancelling Headset,Electronics,55.0,129.99,9,34,5,11,10,4,1,40.0,43.0,34.0,35.0,31.571428571428573,8.303757038376105,31.785714285714285,6.773007188363629,32.7,7.97041944987187
2025-10-12,106,Noise Cancelling Headset,Electronics,55.0,129.99,9,27,6,12,10,4,1,34.0,25.0,33.0,30.0,30.285714285714285,6.799859942535215,31.785714285714285,6.773007188363629,33.13333333333333,7.6597169900601
2025-10-13,106,Noise Cancelling Headset,Electronics,55.0,129.99,9,25,0,13,10,4,0,27.0,30.0,22.0,32.0,30.571428571428573,6.579187965525385,31.357142857142858,6.879256923838134,32.7,7.625501679369576
2025-10-14,106,Noise Cancelling Headset,Electronics,55.0,129.99,9,19,1,14,10,4,0,25.0,34.0,32.0,32.0,29.857142857142858,6.914443130832995,31.571428571428573,6.6066899161645765,32.36666666666667,7.739211994696217
2025-10-15,106,Noise Cancelling Headset,Electronics,55.0,129.99,9,31,2,15,10,4,0,19.0,19.0,29.0,25.0,27.714285714285715,7.696628822938982,30.642857142857142,7.406931710407256,32.0,8.107042489776015
2025-10-16,106,Noise Cancelling Headset,Electronics,55.0,129.99,9,30,3,16,10,4,0,31.0,30.0,34.0,37.0,29.428571428571427,6.704653678780192,30.785714285714285,7.392080704568662,31.966666666666665,8.109098054923681
2025-10-17,106,Noise Cancelling Headset,Electronics,55.0,129.99,9,28,4,17,10,4,0,30.0,40.0,40.0,41.0,29.428571428571427,6.704653678780192,30.5,7.3353726768100564,31.9,8.117031901905458
2025-10-18,106,Noise Cancelling Headset,Electronics,55.0,129.99,9,53,5,18,10,4,1,28.0,34.0,43.0,57.0,27.714285714285715,4.820590756130944,29.642857142857142,6.823118425979753,32.0,8.047274115478755
2025-10-19,106,Noise Cancelling Headset,Electronics,55.0,129.99,9,33,6,19,10,4,1,53.0,27.0,25.0,26.0,30.428571428571427,10.70602856427384,30.357142857142858,8.616684556559559,32.53333333333333,8.877454331186282
2025-10-20,106,Noise Cancelling Headset,Electronics,55.0,129.99,9,29,0,20,10,4,0,33.0,25.0,30.0,32.0,31.285714285714285,10.625665245280485,30.928571428571427,8.49854544762066,32.266666666666666,8.733342107567715
2025-10-21,106,Noise Cancelling Headset,Electronics,55.0,129.99,9,31,1,21,10,4,0,29.0,19.0,34.0,35.0,31.857142857142858,10.334869317486481,30.857142857142858,8.511143309776871,31.333333333333332,7.392136237984166
2025-10-22,106,Noise Cancelling Headset,Electronics,55.0,129.99,9,28,2,22,10,4,0,31.0,31.0,19.0,28.0,33.57142857142857,8.71506631944821,30.642857142857142,8.463561196793423,31.5,7.323792121195272
2025-10-23,106,Noise Cancelling Headset,Electronics,55.0,129.99,9,37,3,23,10,4,0,28.0,30.0,30.0,22.0,33.142857142857146,8.933617621631422,31.285714285714285,7.829221116861011,31.366666666666667,7.350736924508488
2025-10-24,106,Noise Cancelling Headset,Electronics,55.0,129.99,9,37,4,24,10,4,0,37.0,28.0,40.0,43.0,34.142857142857146,8.914941978285114,31.785714285714285,7.963170719762758,31.433333333333334,7.393768734005223
2025-10-25,106,Noise Cancelling Headset,Electronics,55.0,129.99,9,36,5,25,10,4,1,37.0,53.0,34.0,34.0,35.42857142857143,8.521681032463443,31.571428571428573,7.762972128233831,31.733333333333334,7.432145155282867
2025-10-26,106,Noise Cancelling Headset,Electronics,55.0,129.99,9,34,6,26,10,4,1,36.0,33.0,27.0,33.0,33.0,3.7859388972001367,31.714285714285715,7.829221116861007,32.2,7.236878732789618
2025-10-27,106,Noise Cancelling Headset,Electronics,55.0,129.99,9,24,0,27,10,4,0,34.0,29.0,25.0,22.0,33.142857142857146,3.8047589248453213,32.214285714285715,7.727857414560593,31.9,6.954780048084955
2025-10-28,106,Noise Cancelling Headset,Electronics,55.0,129.99,9,19,1,28,10,4,0,24.0,31.0,19.0,32.0,32.42857142857143,4.995235825502197,32.142857142857146,7.803915613401892,31.566666666666666,7.089007193430186
2025-10-29,106,Noise Cancelling Headset,Electronics,55.0,129.99,9,26,2,29,10,4,0,19.0,28.0,31.0,29.0,30.714285714285715,7.158079018709905,32.142857142857146,7.803915613401892,31.1,7.443349264669852
2025-10-30,106,Noise Cancelling Headset,Electronics,55.0,129.99,9,24,3,30,10,4,0,26.0,37.0,30.0,34.0,30.428571428571427,7.322502824789304,31.785714285714285,7.9728247231412945,31.233333333333334,7.309339011265544
2025-10-31,106,Noise Cancelling Headset,Electronics,55.0,129.99,9,36,4,31,10,4,0,24.0,37.0,28.0,40.0,28.571428571428573,7.020378500174619,31.357142857142858,8.233208019096404,30.966666666666665,7.4254145749038525
2025-11-01,106,Noise Cancelling Headset,Electronics,55.0,129.99,9,58,5,1,11,4,1,36.0,36.0,53.0,43.0,28.428571428571427,6.827814263660616,31.928571428571427,8.259859243671995,31.2,7.471324491358382
2025-11-02,106,Noise Cancelling Headset,Electronics,55.0,129.99,9,50,6,2,11,4,1,58.0,34.0,33.0,25.0,31.571428571428573,13.087616829878309,32.285714285714285,9.285460689690046,32.0,8.924974644994366
2025-11-03,106,Noise Cancelling Headset,Electronics,55.0,129.99,9,51,0,3,11,4,0,50.0,24.0,29.0,30.0,33.857142857142854,14.859660958767646,33.5,10.427404721730522,32.333333333333336,9.407749312478304
2025-11-04,106,Noise Cancelling Headset,Electronics,55.0,129.99,9,45,1,4,11,4,0,51.0,19.0,31.0,34.0,37.714285714285715,15.370038882126964,35.07142857142857,11.316864785417692,32.6,9.82466986371724
2025-11-05,106,Noise Cancelling Headset,Electronics,55.0,129.99,9,42,2,5,11,4,0,45.0,26.0,28.0,19.0,41.42857142857143,13.062122630684762,36.07142857142857,11.545657097029867,33.266666666666666,9.968686605750902
2025-11-06,106,Noise Cancelling Headset,Electronics,55.0,129.99,9,32,3,6,11,4,0,42.0,24.0,37.0,30.0,43.714285714285715,11.176079898817884,37.07142857142857,11.398139427888246,33.666666666666664,10.073294613373292
2025-11-07,106,Noise Cancelling Headset,Electronics,55.0,129.99,9,63,4,7,11,4,0,32.0,36.0,37.0,40.0,44.857142857142854,9.02641625874797,36.714285714285715,11.478599294262345,33.6,10.077629715843626
2025-11-08,106,Noise Cancelling Headset,Electronics,55.0,129.99,9,55,5,8,11,4,1,63.0,58.0,36.0,34.0,48.714285714285715,10.291003930849557,38.57142857142857,13.460565113947151,35.06666666666667,11.035782969374026
2025-11-09,106,Noise Cancelling Headset,Electronics,55.0,129.99,9,40,6,9,11,4,1,55.0,50.0,34.0,27.0,48.285714285714285,9.894683517160164,39.92857142857143,14.122890779016936,35.9,11.570920745409637
2025-11-10,106,Noise Cancelling Headset,Electronics,55.0,129.99,9,47,0,10,11,4,0,40.0,51.0,24.0,25.0,46.857142857142854,10.318730080595657,40.357142857142854,14.019805457100418,35.9,11.570920745409637
2025-11-11,106,Noise Cancelling Headset,Electronics,55.0,129.99,9,42,1,11,11,4,0,47.0,45.0,19.0,19.0,46.285714285714285,10.160614904526913,42.0,13.283882657624456,36.333333333333336,11.739509868560202
2025-11-12,106,Noise Cancelling Headset,Electronics,55.0,129.99,9,39,2,12,11,4,0,42.0,42.0,26.0,31.0,45.857142857142854,10.286375640113626,43.642857142857146,11.526605630567673,36.833333333333336,11.647356761953729
2025-11-13,106,Noise Cancelling Headset,Electronics,55.0,129.99,9,43,3,13,11,4,0,39.0,32.0,24.0,30.0,45.42857142857143,10.533393610436296,44.57142857142857,10.471310884905886,37.3,11.435425900124612
2025-11-14,106,Noise Cancelling Headset,Electronics,55.0,129.99,9,61,4,14,11,4,0,43.0,63.0,36.0,28.0,47.0,8.888194417315542,45.92857142857143,8.677683896189953,38.1,10.93980394453333
2025-11-15,106,Noise Cancelling Headset,Electronics,55.0,129.99,9,61,5,15,11,4,1,61.0,55.0,58.0,53.0,46.714285714285715,8.300889223737483,47.714285714285715,9.04202641879784,39.1,11.618504859594163
2025-11-16,106,Noise Cancelling Headset,Electronics,55.0,129.99,9,49,6,16,11,4,1,61.0,40.0,50.0,33.0,47.57142857142857,9.519403742832152,47.92857142857143,9.335328148937666,40.13333333333333,12.147749424973888
2025-11-17,106,Noise Cancelling Headset,Electronics,55.0,129.99,9,42,0,17,11,4,0,49.0,47.0,51.0,29.0,48.857142857142854,8.914941978285087,47.857142857142854,9.32207589011671,40.833333333333336,12.028940198490057
2025-11-18,106,Noise Cancelling Headset,Electronics,55.0,129.99,9,47,1,18,11,4,0,42.0,42.0,45.0,31.0,48.142857142857146,9.281317640446119,47.214285714285715,9.39867888775658,40.46666666666667,11.81096315186497
2025-11-19,106,Noise Cancelling Headset,Electronics,55.0,129.99,9,45,2,19,11,4,0,47.0,39.0,42.0,28.0,48.857142857142854,8.914941978285087,47.357142857142854,9.377609526929389,40.93333333333333,11.782316771575385
2025-11-20,106,Noise Cancelling Headset,Electronics,55.0,129.99,9,33,3,20,11,4,0,45.0,43.0,32.0,37.0,49.714285714285715,8.056349167256904,47.57142857142857,9.279541481662037,41.46666666666667,11.583976249419967
2025-11-21,106,Noise Cancelling Headset,Electronics,55.0,129.99,9,69,4,21,11,4,0,33.0,61.0,63.0,37.0,48.285714285714285,10.078265156832684,47.642857142857146,9.153453680754094,41.53333333333333,11.52727899027085
2025-11-22,106,Noise Cancelling Headset,Electronics,55.0,129.99,9,54,5,22,11,4,1,69.0,61.0,55.0,36.0,49.42857142857143,12.025765988869345,48.07142857142857,10.026612939221467,42.9,12.273745458750822
2025-11-23,106,Noise Cancelling Headset,Electronics,55.0,129.99,9,36,6,23,11,4,1,54.0,49.0,40.0,34.0,48.42857142857143,11.163290178932318,48.0,9.976896388078702,43.46666666666667,12.383897590832598
2025-11-24,106,Noise Cancelling Headset,Electronics,55.0,129.99,9,40,0,24,11,4,0,36.0,42.0,47.0,24.0,46.57142857142857,12.094863136295238,47.714285714285715,10.27639993404266,43.43333333333333,12.403234654115716
2025-11-25,106,Noise Cancelling Headset,Electronics,55.0,129.99,9,51,1,25,11,4,0,40.0,47.0,42.0,19.0,46.285714285714285,12.243560017607669,47.214285714285715,10.48206212410625,43.56666666666667,12.34191996837391
2025-11-26,106,Noise Cancelling Headset,Electronics,55.0,129.99,9,40,2,26,11,4,0,51.0,45.0,39.0,26.0,46.857142857142854,12.375090187261518,47.857142857142854,10.413431732121586,44.13333333333333,12.277631281524014
2025-11-27,106,Noise Cancelling Headset,Electronics,55.0,129.99,9,37,3,27,11,4,0,40.0,33.0,43.0,24.0,46.142857142857146,12.641579165971434,47.92857142857143,10.35124879656305,44.666666666666664,11.707154704041772
2025-11-28,106,Noise Cancelling Headset,Electronics,55.0,129.99,9,79,4,28,11,4,0,37.0,69.0,61.0,36.0,46.714285714285715,12.02378595000043,47.5,10.689678702806141,45.266666666666666,10.77011616923653
2025-11-29,106,Noise Cancelling Headset,Electronics,55.0,129.99,9,55,5,29,11,4,1,79.0,54.0,61.0,58.0,48.142857142857146,15.269016246728413,48.785714285714285,13.221070429307135,47.03333333333333,11.798548517781175
2025-11-30,106,Noise Cancelling Headset,Electronics,55.0,129.99,9,42,6,30,11,4,1,55.0,36.0,49.0,50.0,48.285714285714285,15.337473561121282,48.357142857142854,12.887723095776185,48.06666666666667,11.0451528870745
2025-12-01,106,Noise Cancelling Headset,Electronics,55.0,129.99,9,34,0,1,12,4,0,42.0,40.0,42.0,51.0,49.142857142857146,14.690456895873691,47.857142857142854,12.996195554895873,48.266666666666666,10.872088063043563
2025-12-02,106,Noise Cancelling Headset,Electronics,55.0,129.99,9,45,1,2,12,4,0,34.0,51.0,47.0,45.0,48.285714285714285,15.467323467170857,47.285714285714285,13.441775131332733,47.46666666666667,11.013262642059713
2025-12-03,106,Noise Cancelling Headset,Electronics,55.0,129.99,9,40,2,3,12,4,0,45.0,40.0,45.0,42.0,47.42857142857143,15.458084646953518,47.142857142857146,13.455665909011769,47.3,11.011436061564842
2025-12-04,106,Noise Cancelling Headset,Electronics,55.0,129.99,9,51,3,4,12,4,0,40.0,37.0,33.0,32.0,47.42857142857143,15.458084646953518,46.785714285714285,13.582673190098019,46.93333333333333,11.066985177524177
2025-12-05,106,Noise Cancelling Headset,Electronics,55.0,129.99,9,53,4,5,12,4,0,51.0,79.0,69.0,63.0,49.42857142857143,14.774495398683277,48.07142857142857,13.017528335134912,47.13333333333333,11.085042215505533
2025-12-06,106,Noise Cancelling Headset,Electronics,55.0,129.99,9,69,5,6,12,4,1,53.0,55.0,54.0,55.0,45.714285714285715,7.65319727770216,46.92857142857143,11.671558367470524,47.5,11.091313780581178
2025-12-07,106,Noise Cancelling Headset,Electronics,55.0,129.99,9,40,6,7,12,4,1,69.0,42.0,36.0,40.0,47.714285714285715,11.397577019031765,48.0,12.985198674467055,48.733333333333334,11.362167512174437
2025-12-08,106,Noise Cancelling Headset,Electronics,55.0,129.99,9,38,0,8,12,4,0,40.0,34.0,40.0,47.0,47.42857142857143,11.588171308956102,48.285714285714285,12.742591038467124,47.96666666666667,11.14012113267061
2025-12-09,106,Noise Cancelling Headset,Electronics,55.0,129.99,9,44,1,9,12,4,0,38.0,45.0,51.0,42.0,48.0,10.89342309224542,48.142857142857146,12.853357196031997,47.4,11.202216529437974
2025-12-10,106,Noise Cancelling Headset,Electronics,55.0,129.99,9,40,2,10,12,4,0,44.0,40.0,40.0,39.0,47.857142857142854,10.945753688509663,47.642857142857146,12.869804510242746,47.53333333333333,11.134702923536034
2025-12-11,106,Noise Cancelling Headset,Electronics,55.0,129.99,9,33,3,11,12,4,0,40.0,51.0,37.0,43.0,47.857142857142854,10.945753688509663,47.642857142857146,12.869804510242746,47.3,11.219287579570418
2025-12-12,106,Noise Cancelling Headset,Electronics,55.0,129.99,9,67,4,12,12,4,0,33.0,53.0,79.0,61.0,45.285714285714285,12.134170562428006,47.357142857142854,13.165263986117871,47.0,11.483121046367005
2025-12-13,106,Noise Cancelling Headset,Electronics,55.0,129.99,9,72,5,13,12,4,1,67.0,69.0,55.0,61.0,47.285714285714285,14.534032311719082,46.5,11.18893684369986,47.93333333333333,11.939310132364485
2025-12-14,106,Noise Cancelling Headset,Electronics,55.0,129.99,9,41,6,14,12,4,1,72.0,40.0,42.0,49.0,47.714285714285715,15.304838948453341,47.714285714285715,12.964024609122369,48.9,12.677294392079405
2025-12-15,106,Noise Cancelling Headset,Electronics,55.0,129.99,9,46,0,15,12,4,0,41.0,38.0,34.0,42.0,47.857142857142854,15.22529224052934,47.642857142857146,13.000633965944887,48.233333333333334,12.544220632002908
2025-12-16,106,Noise Cancelling Headset,Electronics,55.0,129.99,9,41,1,16,12,4,0,46.0,44.0,45.0,47.0,49.0,14.65150731722391,48.5,12.414321754142707,47.733333333333334,12.314648785598527
2025-12-17,106,Noise Cancelling Headset,Electronics,55.0,129.99,9,43,2,17,12,4,0,41.0,40.0,40.0,45.0,48.57142857142857,14.8644670591441,48.214285714285715,12.546397407705696,47.46666666666667,12.372754643621766
2025-12-18,106,Noise Cancelling Headset,Electronics,55.0,129.99,9,44,3,18,12,4,0,43.0,33.0,51.0,33.0,49.0,14.617341299520435,48.42857142857143,12.420295337218537,47.5,12.35885833361417
2025-12-19,106,Noise Cancelling Headset,Electronics,55.0,129.99,9,66,4,19,12,4,0,44.0,67.0,53.0,69.0,50.57142857142857,13.125765283811582,47.92857142857143,12.4496789313822,47.4,12.375169800297954
2025-12-20,106,Noise Cancelling Headset,Electronics,55.0,129.99,9,67,5,20,12,4,1,66.0,72.0,69.0,54.0,50.42857142857143,12.921005415693472,48.857142857142854,13.311979237092709,48.1,12.820646064736405
2025-12-21,106,Noise Cancelling Headset,Electronics,55.0,129.99,9,37,6,21,12,4,1,67.0,41.0,40.0,36.0,49.714285714285715,11.600492600378125,48.714285714285715,13.088036647897173,49.233333333333334,12.942001479634065
2025-12-22,106,Noise Cancelling Headset,Electronics,55.0,129.99,9,43,0,22,12,4,0,37.0,46.0,38.0,40.0,49.142857142857146,12.185080651197577,48.5,13.265049508446422,48.166666666666664,12.570033696312692
2025-12-23,106,Noise Cancelling Headset,Electronics,55.0,129.99,9,40,1,23,12,4,0,43.0,41.0,44.0,51.0,48.714285714285715,12.365466505747406,48.857142857142854,13.025756395324066,47.8,12.55443320518485
2025-12-24,106,Noise Cancelling Headset,Electronics,55.0,129.99,9,30,2,24,12,4,0,40.0,43.0,40.0,40.0,48.57142857142857,12.4747363747314,48.57142857142857,13.183406153274426,47.93333333333333,12.445559610679954
2025-12-25,106,Noise Cancelling Headset,Electronics,55.0,129.99,9,37,3,25,12,4,0,30.0,44.0,33.0,37.0,46.714285714285715,14.279522467672406,47.857142857142854,13.933121263086187,47.6,12.794395324677819
2025-12-26,106,Noise Cancelling Headset,Electronics,55.0,129.99,9,68,4,26,12,4,0,37.0,66.0,67.0,79.0,45.714285714285715,14.73899912606329,48.142857142857146,13.643015360684176,47.13333333333333,12.920802081789708
2025-12-27,106,Noise Cancelling Headset,Electronics,55.0,129.99,9,74,5,27,12,4,1,68.0,67.0,72.0,55.0,46.0,15.209646062066417,48.214285714285715,13.751523392133391,48.06666666666667,13.39050959173834
2025-12-28,106,Noise Cancelling Headset,Electronics,55.0,129.99,9,38,6,28,12,4,1,74.0,37.0,41.0,42.0,47.0,16.950909513454803,48.357142857142854,14.025291127416478,49.3,14.024977718342363
2025-12-29,106,Noise Cancelling Headset,Electronics,55.0,129.99,9,50,0,29,12,4,0,38.0,43.0,46.0,34.0,47.142857142857146,16.85653751939752,48.142857142857146,14.16853036652881,47.93333333333333,12.99053590074349
2025-12-30,106,Noise Cancelling Headset,Electronics,55.0,129.99,9,43,1,30,12,4,0,50.0,40.0,41.0,45.0,48.142857142857146,16.77725217299274,48.42857142857143,14.162324264449843,47.766666666666666,12.928672581229806
2024-01-31,107,Leather Desk Pad,Accessories,7.5,24.99,4,30,2,31,1,1,0,37.0,33.0,35.0,25.0,34.857142857142854,5.36745040121694,35.92857142857143,7.258568260119421,33.833333333333336,6.782753653674648
2024-02-01,107,Leather Desk Pad,Accessories,7.5,24.99,4,31,3,1,2,1,0,30.0,34.0,36.0,36.0,34.42857142857143,5.652643713553954,35.57142857142857,7.428782752700007,33.53333333333333,6.745283580007045
2024-02-02,107,Leather Desk Pad,Accessories,7.5,24.99,4,46,4,2,2,1,0,31.0,40.0,40.0,38.0,34.0,5.802298395176409,35.214285714285715,7.526144905783909,33.53333333333333,6.745283580007045
2024-02-03,107,Leather Desk Pad,Accessories,7.5,24.99,4,48,5,3,2,1,1,46.0,42.0,52.0,35.0,34.857142857142854,7.128079952520446,35.642857142857146,7.976958576542067,34.233333333333334,6.916663204541441
2024-02-04,107,Leather Desk Pad,Accessories,7.5,24.99,4,25,6,4,2,1,1,48.0,26.0,37.0,27.0,35.714285714285715,8.380817098475262,35.357142857142854,7.396539137244603,34.63333333333333,7.355426490053089
2024-02-05,107,Leather Desk Pad,Accessories,7.5,24.99,4,42,0,5,2,1,0,25.0,32.0,38.0,34.0,35.57142857142857,8.580154288767057,34.5,7.8715651849894765,34.2,7.531085006777599
2024-02-06,107,Leather Desk Pad,Accessories,7.5,24.99,4,32,1,6,2,1,0,42.0,37.0,21.0,31.0,37.0,8.717797887081352,34.785714285714285,8.078257346621342,34.43333333333333,7.663992537130722
2024-02-07,107,Leather Desk Pad,Accessories,7.5,24.99,4,27,2,7,2,1,0,32.0,30.0,33.0,23.0,36.285714285714285,8.920281866142384,35.57142857142857,7.111359122659218,34.6,7.55029115675178
2024-02-08,107,Leather Desk Pad,Accessories,7.5,24.99,4,26,3,8,2,1,0,27.0,31.0,34.0,36.0,35.857142857142854,9.335033858688314,35.142857142857146,7.450938431934828,34.36666666666667,7.67658029707703
2024-02-09,107,Leather Desk Pad,Accessories,7.5,24.99,4,35,4,9,2,1,0,26.0,46.0,40.0,38.0,35.142857142857146,9.940297973880055,34.57142857142857,7.841843245978935,34.2,7.805391593702041
2024-02-10,107,Leather Desk Pad,Accessories,7.5,24.99,4,50,5,10,2,1,1,35.0,48.0,42.0,37.0,33.57142857142857,8.734169352933021,34.214285714285715,7.687938319497338,34.6,7.513665710809412
2024-02-11,107,Leather Desk Pad,Accessories,7.5,24.99,4,27,6,11,2,1,1,50.0,25.0,26.0,25.0,33.857142857142854,9.299257522845071,34.785714285714285,8.55910285942643,35.06666666666667,8.021236181852363
2024-02-12,107,Leather Desk Pad,Accessories,7.5,24.99,4,32,0,12,2,1,0,27.0,42.0,32.0,36.0,34.142857142857146,9.007933011676835,34.857142857142854,8.483986208028742,34.7,8.133159033368827
2024-02-13,107,Leather Desk Pad,Accessories,7.5,24.99,4,31,1,13,2,1,0,32.0,32.0,37.0,21.0,32.714285714285715,8.32094316998352,34.857142857142854,8.483986208028742,34.53333333333333,8.135631859119883
2024-02-14,107,Leather Desk Pad,Accessories,7.5,24.99,4,24,2,14,2,1,0,31.0,27.0,30.0,35.0,32.57142857142857,8.343802947040864,34.42857142857143,8.518886580500325,34.733333333333334,7.9651539948025825
2024-02-15,107,Leather Desk Pad,Accessories,7.5,24.99,4,27,3,15,2,1,0,24.0,26.0,31.0,36.0,32.142857142857146,8.745066636463706,34.0,8.901166734241597,34.333333333333336,8.197280176915424
2024-02-16,107,Leather Desk Pad,Accessories,7.5,24.99,4,37,4,16,2,1,0,27.0,35.0,46.0,40.0,32.285714285714285,8.635475005547104,33.714285714285715,9.06751235013111,34.53333333333333,7.9295750781199
2024-02-17,107,Leather Desk Pad,Accessories,7.5,24.99,4,39,5,17,2,1,1,37.0,50.0,48.0,52.0,32.57142857142857,8.772250620700547,33.07142857142857,8.425823727951204,34.6,7.942031356584127
2024-02-18,107,Leather Desk Pad,Accessories,7.5,24.99,4,27,6,18,2,1,1,39.0,27.0,25.0,37.0,31.0,5.50757054728612,32.42857142857143,7.490653516876227,34.7,7.979067441836752
2024-02-19,107,Leather Desk Pad,Accessories,7.5,24.99,4,31,0,19,2,1,0,27.0,32.0,42.0,38.0,31.0,5.50757054728612,32.57142857142857,7.355942503166415,34.266666666666666,8.034122630180697
2024-02-20,107,Leather Desk Pad,Accessories,7.5,24.99,4,23,1,20,2,1,0,31.0,31.0,32.0,21.0,30.857142857142858,5.490251100164485,31.785714285714285,6.840811596346111,33.56666666666667,7.318768189804344
2024-02-21,107,Leather Desk Pad,Accessories,7.5,24.99,4,29,2,21,2,1,0,23.0,24.0,27.0,33.0,29.714285714285715,6.2373681873657345,31.142857142857142,7.230886134196448,33.1,7.535433539000239
2024-02-22,107,Leather Desk Pad,Accessories,7.5,24.99,4,27,3,22,2,1,0,29.0,27.0,26.0,34.0,30.428571428571427,5.740416444159879,31.285714285714285,7.162171688580458,32.8,7.512747786951513
2024-02-23,107,Leather Desk Pad,Accessories,7.5,24.99,4,34,4,23,2,1,0,27.0,37.0,35.0,40.0,30.428571428571427,5.740416444159879,31.357142857142858,7.1102000713724784,33.0,7.263512971672536
2024-02-24,107,Leather Desk Pad,Accessories,7.5,24.99,4,46,5,24,2,1,1,34.0,39.0,50.0,42.0,30.0,5.259911279353186,31.285714285714285,7.075728518388352,33.03333333333333,7.265807183168882
2024-02-25,107,Leather Desk Pad,Accessories,7.5,24.99,4,24,6,25,2,1,1,46.0,27.0,27.0,26.0,31.0,7.461009761866476,31.0,6.30018314752102,33.43333333333333,7.64146281957771
2024-02-26,107,Leather Desk Pad,Accessories,7.5,24.99,4,37,0,26,2,1,0,24.0,31.0,32.0,32.0,30.571428571428573,7.807200583588278,30.785714285714285,6.4947146728181115,32.9,7.725238529963176
2024-02-27,107,Leather Desk Pad,Accessories,7.5,24.99,4,35,1,27,2,1,0,37.0,23.0,31.0,37.0,31.428571428571427,8.182443458550821,31.142857142857142,6.700828225010627,32.733333333333334,7.574609735404075
2024-02-28,107,Leather Desk Pad,Accessories,7.5,24.99,4,31,2,28,2,1,0,35.0,29.0,24.0,30.0,33.142857142857146,7.335497516155531,31.428571428571427,6.779088726078461,33.03333333333333,7.476322779204399
2024-02-29,107,Leather Desk Pad,Accessories,7.5,24.99,4,25,3,29,2,1,0,31.0,27.0,27.0,31.0,33.42857142857143,7.184639700016122,31.928571428571427,6.438636808831824,33.0,7.483314773547884
2024-03-01,107,Leather Desk Pad,Accessories,7.5,24.99,4,45,4,1,3,1,0,25.0,34.0,37.0,46.0,33.142857142857146,7.515064236331624,31.785714285714285,6.5770997984097725,32.6,7.582193295637735
2024-03-02,107,Leather Desk Pad,Accessories,7.5,24.99,4,54,5,2,3,1,1,45.0,46.0,39.0,48.0,34.714285714285715,8.769536014223444,32.357142857142854,7.36527343329851,33.1,7.893034904268448
2024-03-03,107,Leather Desk Pad,Accessories,7.5,24.99,4,29,6,3,3,1,1,54.0,24.0,27.0,25.0,35.857142857142854,10.776959550024173,33.42857142857143,9.254639466146246,33.86666666666667,8.75227392456239
2024-03-04,107,Leather Desk Pad,Accessories,7.5,24.99,4,27,0,4,3,1,0,29.0,37.0,31.0,42.0,36.57142857142857,9.99761876410483,33.57142857142857,9.16275307732583,33.3,8.485890927155864
2024-03-05,107,Leather Desk Pad,Accessories,7.5,24.99,4,45,1,5,3,1,0,27.0,35.0,23.0,32.0,35.142857142857146,10.621182787690074,33.285714285714285,9.31028026867713,32.6,8.088305734526386
2024-03-06,107,Leather Desk Pad,Accessories,7.5,24.99,4,45,2,6,3,1,0,45.0,31.0,29.0,27.0,36.57142857142857,11.252512946850926,34.857142857142854,9.297287800189924,33.266666666666666,8.262642698786879
2024-03-07,107,Leather Desk Pad,Accessories,7.5,24.99,4,35,3,7,3,1,0,45.0,25.0,27.0,26.0,38.57142857142857,11.341033798514475,36.0,9.503035952141408,33.36666666666667,8.389169262778065
2024-03-08,107,Leather Desk Pad,Accessories,7.5,24.99,4,51,4,8,3,1,0,35.0,45.0,34.0,35.0,40.0,9.882644720249065,36.57142857142857,9.154354035222672,33.46666666666667,8.390196797385064
2024-03-09,107,Leather Desk Pad,Accessories,7.5,24.99,4,66,5,9,3,1,1,51.0,54.0,46.0,50.0,40.857142857142854,10.62118278769007,37.785714285714285,9.885331568530212,34.266666666666666,8.882114276622909
2024-03-10,107,Leather Desk Pad,Accessories,7.5,24.99,4,40,6,10,3,1,1,66.0,29.0,24.0,27.0,42.57142857142857,13.636435786244915,39.214285714285715,12.311211722082183,35.6,10.460434486921297
2024-03-11,107,Leather Desk Pad,Accessories,7.5,24.99,4,32,0,11,3,1,0,40.0,27.0,37.0,32.0,44.142857142857146,12.388550781919186,40.357142857142854,11.506567642051149,35.766666666666666,10.490334905844598
2024-03-12,107,Leather Desk Pad,Accessories,7.5,24.99,4,36,1,12,3,1,0,32.0,45.0,35.0,31.0,44.857142857142854,11.334733807028309,40.0,11.694837782937839,35.166666666666664,10.157665131295685
2024-03-13,107,Leather Desk Pad,Accessories,7.5,24.99,4,33,2,13,3,1,0,36.0,45.0,31.0,24.0,43.57142857142857,11.816050423853463,40.07142857142857,11.664965862420184,35.46666666666667,10.040378249961444
2024-03-14,107,Leather Desk Pad,Accessories,7.5,24.99,4,45,3,14,3,1,0,33.0,35.0,25.0,27.0,41.857142857142854,12.428845098245874,40.214285714285715,11.557072902164013,35.5,10.030127031890576
2024-03-15,107,Leather Desk Pad,Accessories,7.5,24.99,4,41,4,15,3,1,0,45.0,51.0,45.0,37.0,43.285714285714285,12.07910435027208,41.642857142857146,10.738909433651791,35.96666666666667,10.13863669449638
2024-03-16,107,Leather Desk Pad,Accessories,7.5,24.99,4,52,5,16,3,1,1,41.0,66.0,54.0,39.0,41.857142857142854,11.596386957849868,41.357142857142854,10.695844936287106,36.53333333333333,9.919445664897337
2024-03-17,107,Leather Desk Pad,Accessories,7.5,24.99,4,51,6,17,3,1,1,52.0,40.0,29.0,27.0,39.857142857142854,7.057586259446207,41.214285714285715,10.526001296632208,37.36666666666667,10.13863669449638
2024-03-18,107,Leather Desk Pad,Accessories,7.5,24.99,4,36,0,18,3,1,0,51.0,32.0,27.0,31.0,41.42857142857143,8.22308017831808,42.785714285714285,10.199385889722583,37.833333333333336,10.438930231006246
2024-03-19,107,Leather Desk Pad,Accessories,7.5,24.99,4,28,1,19,3,1,0,36.0,36.0,45.0,23.0,42.0,7.571877794400368,43.42857142857143,9.37848836199329,37.733333333333334,10.441737645500927
2024-03-20,107,Leather Desk Pad,Accessories,7.5,24.99,4,47,2,20,3,1,0,28.0,33.0,45.0,29.0,40.857142857142854,9.081640296564853,42.214285714285715,10.221986645902577,37.766666666666666,10.407833036023739
2024-03-21,107,Leather Desk Pad,Accessories,7.5,24.99,4,40,3,21,3,1,0,47.0,45.0,35.0,27.0,42.857142857142854,8.591246929842248,42.357142857142854,10.277736527653731,38.3,10.458950959461173
2024-03-22,107,Leather Desk Pad,Accessories,7.5,24.99,4,64,4,22,3,1,0,40.0,41.0,51.0,34.0,42.142857142857146,8.591246929842248,42.714285714285715,10.087529021432424,38.86666666666667,10.054106497907428
2024-03-23,107,Leather Desk Pad,Accessories,7.5,24.99,4,69,5,23,3,1,1,64.0,52.0,66.0,46.0,45.42857142857143,11.858290248558077,43.642857142857146,11.41933005482802,40.03333333333333,10.867488157369888
2024-03-24,107,Leather Desk Pad,Accessories,7.5,24.99,4,41,6,24,3,1,1,69.0,51.0,40.0,24.0,47.857142857142854,14.803474495633012,43.857142857142854,11.889602069145838,41.43333333333333,11.796210184319529
2024-03-25,107,Leather Desk Pad,Accessories,7.5,24.99,4,29,0,25,3,1,0,41.0,36.0,32.0,37.0,46.42857142857143,14.931590034299123,43.92857142857143,11.867630738300672,41.666666666666664,11.71304410897742
2024-03-26,107,Leather Desk Pad,Accessories,7.5,24.99,4,43,1,26,3,1,0,29.0,28.0,36.0,35.0,45.42857142857143,15.946338585572372,43.714285714285715,12.123902465337249,41.1,11.905808492583319
2024-03-27,107,Leather Desk Pad,Accessories,7.5,24.99,4,44,2,27,3,1,0,43.0,47.0,33.0,31.0,47.57142857142857,14.116859221714801,44.214285714285715,11.923980823589003,41.733333333333334,11.461880851050507
2024-03-28,107,Leather Desk Pad,Accessories,7.5,24.99,4,35,3,28,3,1,0,44.0,40.0,45.0,25.0,47.142857142857146,14.182484166846692,45.0,11.482428046635148,41.96666666666667,11.433415434844798
2024-03-29,107,Leather Desk Pad,Accessories,7.5,24.99,4,49,4,29,3,1,0,35.0,64.0,41.0,45.0,46.42857142857143,14.717983816374021,44.285714285714285,11.789360075466803,41.96666666666667,11.433415434844798
2024-03-30,107,Leather Desk Pad,Accessories,7.5,24.99,4,46,5,30,3,1,1,49.0,69.0,52.0,54.0,44.285714285714285,12.684824078589418,44.857142857142854,11.81170959330118,42.56666666666667,11.309694752834801
2024-03-31,107,Leather Desk Pad,Accessories,7.5,24.99,4,46,6,31,3,1,1,46.0,41.0,51.0,29.0,41.0,6.855654600401042,44.42857142857143,11.640210715210662,43.266666666666666,10.824408348355778
2024-04-01,107,Leather Desk Pad,Accessories,7.5,24.99,4,42,0,1,4,2,0,46.0,29.0,36.0,27.0,41.714285714285715,7.1113591226592225,44.07142857142857,11.498924937805027,43.3,10.83146756700922
2024-04-02,107,Leather Desk Pad,Accessories,7.5,24.99,4,36,1,2,4,2,0,42.0,43.0,28.0,45.0,43.57142857142857,4.429339411136563,44.5,11.284775312169643,42.9,10.642627365523023
2024-04-03,107,Leather Desk Pad,Accessories,7.5,24.99,4,23,2,3,4,2,0,36.0,44.0,47.0,45.0,42.57142857142857,5.287001130355557,45.07142857142857,10.564558207037797,43.13333333333333,10.401370378326437
2024-04-04,107,Leather Desk Pad,Accessories,7.5,24.99,4,30,3,4,4,2,0,23.0,35.0,40.0,35.0,39.57142857142857,8.997354108424375,43.357142857142854,12.067802953805128,43.0,10.638252384348835
2024-04-05,107,Leather Desk Pad,Accessories,7.5,24.99,4,48,4,5,4,2,0,30.0,49.0,64.0,51.0,38.857142857142854,9.599107101332768,42.642857142857146,12.567400703389708,42.5,10.890521028668108
2024-04-06,107,Leather Desk Pad,Accessories,7.5,24.99,4,58,5,6,4,2,1,48.0,46.0,69.0,66.0,38.714285714285715,9.42893217203104,41.5,11.119975096817704,42.6,10.927977381710331
2024-04-07,107,Leather Desk Pad,Accessories,7.5,24.99,4,46,6,7,4,2,1,58.0,46.0,41.0,40.0,40.42857142857143,11.77365905821328,40.714285714285715,9.260574591149384,43.36666666666667,11.180288483519236
2024-04-08,107,Leather Desk Pad,Accessories,7.5,24.99,4,31,0,8,4,2,0,46.0,42.0,29.0,32.0,40.42857142857143,11.77365905821328,41.07142857142857,9.368230156424215,43.2,11.099549540409296
2024-04-09,107,Leather Desk Pad,Accessories,7.5,24.99,4,42,1,9,4,2,0,31.0,36.0,43.0,36.0,38.857142857142854,12.253279444412307,41.214285714285715,9.183417927719756,42.03333333333333,10.44025146127778
2024-04-10,107,Leather Desk Pad,Accessories,7.5,24.99,4,45,2,10,4,2,0,42.0,23.0,44.0,33.0,39.714285714285715,12.229939843328282,41.142857142857146,9.172342565117589,42.1,10.433202966392018
2024-04-11,107,Leather Desk Pad,Accessories,7.5,24.99,4,33,3,11,4,2,0,45.0,30.0,35.0,45.0,42.857142857142854,9.805246409084125,41.214285714285715,9.200155278192696,42.53333333333333,10.267905582808574
2024-04-12,107,Leather Desk Pad,Accessories,7.5,24.99,4,49,4,12,4,2,0,33.0,48.0,49.0,41.0,43.285714285714285,9.19627253681776,41.07142857142857,9.31883358262498,42.43333333333333,10.348024410263173
2024-04-13,107,Leather Desk Pad,Accessories,7.5,24.99,4,69,5,13,4,2,1,49.0,58.0,46.0,52.0,43.42857142857143,9.289010404005062,41.07142857142857,9.31883358262498,42.96666666666667,10.256985284499388
2024-04-14,107,Leather Desk Pad,Accessories,7.5,24.99,4,36,6,14,4,2,1,69.0,46.0,46.0,51.0,45.0,12.529964086141664,42.714285714285715,11.919141498695858,43.766666666666666,11.303595196565398
2024-04-15,107,Leather Desk Pad,Accessories,7.5,24.99,4,41,0,15,4,2,0,36.0,31.0,42.0,36.0,43.57142857142857,12.959644321985882,42.0,12.006408545183104,43.6,11.382382030561766
2024-04-16,107,Leather Desk Pad,Accessories,7.5,24.99,4,35,1,16,4,2,0,41.0,42.0,36.0,28.0,45.0,11.84623709594457,41.92857142857143,12.009382778697432,43.233333333333334,11.279163986301702
2024-04-17,107,Leather Desk Pad,Accessories,7.5,24.99,4,35,2,17,4,2,0,35.0,45.0,23.0,47.0,44.0,12.423096769056148,41.857142857142854,12.05026104318039,42.7,11.277533357108277
2024-04-18,107,Leather Desk Pad,Accessories,7.5,24.99,4,49,3,18,4,2,0,35.0,33.0,30.0,40.0,42.57142857142857,12.856349181852298,42.714285714285715,10.985504935200675,42.666666666666664,11.299476134739187
2024-04-19,107,Leather Desk Pad,Accessories,7.5,24.99,4,56,4,19,4,2,0,49.0,49.0,48.0,64.0,44.857142857142854,12.280452915488246,44.07142857142857,10.454769141506542,43.36666666666667,11.006215589801775
2024-04-20,107,Leather Desk Pad,Accessories,7.5,24.99,4,57,5,20,4,2,1,56.0,69.0,58.0,69.0,45.857142857142854,12.941259230700481,44.642857142857146,10.895356405771718,43.666666666666664,11.229067371023683
2024-04-21,107,Leather Desk Pad,Accessories,7.5,24.99,4,46,6,21,4,2,1,57.0,36.0,46.0,41.0,44.142857142857146,9.771191865693275,44.57142857142857,10.803947182639979,44.233333333333334,11.464136983724917
2024-04-22,107,Leather Desk Pad,Accessories,7.5,24.99,4,31,0,22,4,2,0,46.0,41.0,31.0,29.0,45.57142857142857,9.089502055616006,44.57142857142857,10.803947182639979,43.63333333333333,10.84843333145974
2024-04-23,107,Leather Desk Pad,Accessories,7.5,24.99,4,34,1,23,4,2,0,31.0,35.0,42.0,43.0,44.142857142857146,10.589752458998138,44.57142857142857,10.803947182639979,42.36666666666667,9.967129885825695
2024-04-24,107,Leather Desk Pad,Accessories,7.5,24.99,4,31,2,24,4,2,0,34.0,35.0,45.0,44.0,44.0,10.739335795724672,44.0,11.156233166330743,42.13333333333333,10.081506911627626
2024-04-25,107,Leather Desk Pad,Accessories,7.5,24.99,4,44,3,25,4,2,0,31.0,49.0,33.0,35.0,43.42857142857143,11.385036127261413,43.0,11.67508853532563,42.2,9.997930820407559
2024-04-26,107,Leather Desk Pad,Accessories,7.5,24.99,4,53,4,26,4,2,0,44.0,56.0,49.0,49.0,42.714285714285715,11.131251587524282,43.785714285714285,11.314922559499564,42.233333333333334,10.002356044291854
2024-04-27,107,Leather Desk Pad,Accessories,7.5,24.99,4,51,5,27,4,2,1,53.0,57.0,69.0,46.0,42.285714285714285,10.578504710249074,44.07142857142857,11.505612581654246,42.53333333333333,10.190371836244235
2024-04-28,107,Leather Desk Pad,Accessories,7.5,24.99,4,28,6,28,4,2,1,51.0,46.0,36.0,46.0,41.42857142857143,9.360504666899514,42.785714285714285,9.299946827214155,43.06666666666667,10.201194430854269
2024-04-29,107,Leather Desk Pad,Accessories,7.5,24.99,4,39,0,29,4,2,0,28.0,31.0,41.0,42.0,38.857142857142854,10.318730080595694,42.214285714285715,9.970561063053953,42.36666666666667,10.496250014544065
2024-04-30,107,Leather Desk Pad,Accessories,7.5,24.99,4,35,1,30,4,2,0,39.0,34.0,35.0,36.0,40.0,9.729679679550946,42.07142857142857,10.003570791043979,42.13333333333333,10.490499259455856
2024-05-01,107,Leather Desk Pad,Accessories,7.5,24.99,4,36,2,1,5,2,0,35.0,31.0,35.0,23.0,40.142857142857146,9.633769968684312,42.07142857142857,10.003570791043979,41.766666666666666,10.54279729069301
2024-05-02,107,Leather Desk Pad,Accessories,7.5,24.99,4,37,3,2,5,2,0,36.0,44.0,49.0,30.0,40.857142857142854,9.007933011676824,42.142857142857146,9.952635080969499,41.56666666666667,10.594999905073426
2024-05-03,107,Leather Desk Pad,Accessories,7.5,24.99,4,62,4,3,5,2,0,37.0,53.0,56.0,48.0,39.857142857142854,8.989411761039971,41.285714285714285,9.832665898998012,41.6,10.578442620530785
2024-05-04,107,Leather Desk Pad,Accessories,7.5,24.99,4,44,5,4,5,2,1,62.0,51.0,57.0,58.0,41.142857142857146,11.480832888319721,41.714285714285715,10.622389789268917,42.9,10.610177287348488
2024-05-05,107,Leather Desk Pad,Accessories,7.5,24.99,4,37,6,5,5,2,1,44.0,28.0,46.0,46.0,40.142857142857146,10.761483346152785,40.785714285714285,9.712629141234858,43.36666666666667,10.32734346230946
2024-05-06,107,Leather Desk Pad,Accessories,7.5,24.99,4,48,0,6,5,2,0,37.0,39.0,31.0,31.0,41.42857142857143,9.536895771286426,40.142857142857146,9.638521613873086,43.0,10.35241101353224
2024-05-07,107,Leather Desk Pad,Accessories,7.5,24.99,4,39,1,7,5,2,0,48.0,35.0,34.0,42.0,42.714285714285715,9.75900072948533,41.357142857142854,9.467410846259279,42.666666666666664,10.008042742725975
2024-05-08,107,Leather Desk Pad,Accessories,7.5,24.99,4,48,2,8,5,2,0,39.0,36.0,31.0,45.0,43.285714285714285,9.340133577101303,41.714285714285715,9.260574591149375,42.43333333333333,10.009248596736146
2024-05-09,107,Leather Desk Pad,Accessories,7.5,24.99,4,43,3,9,5,2,0,48.0,37.0,44.0,33.0,45.0,8.86942313043338,42.92857142857143,8.853198341792671,43.0,9.819052556303406
2024-05-10,107,Leather Desk Pad,Accessories,7.5,24.99,4,47,4,10,5,2,0,43.0,62.0,53.0,49.0,45.857142857142854,8.234653836654205,42.857142857142854,8.847921466972561,43.03333333333333,9.817237947586907
2024-05-11,107,Leather Desk Pad,Accessories,7.5,24.99,4,51,5,11,5,2,1,47.0,44.0,51.0,69.0,43.714285714285715,4.386125310350267,42.42857142857143,8.455442359480971,43.1,9.837822859794224
2024-05-12,107,Leather Desk Pad,Accessories,7.5,24.99,4,32,6,12,5,2,1,51.0,37.0,28.0,36.0,44.714285714285715,5.186980037050643,42.42857142857143,8.455442359480971,43.7,9.749093680245723
2024-05-13,107,Leather Desk Pad,Accessories,7.5,24.99,4,35,0,13,5,2,0,32.0,48.0,39.0,41.0,44.0,6.582805886043832,42.714285714285715,7.98487581357665,43.13333333333333,9.922921334772948
2024-05-14,107,Leather Desk Pad,Accessories,7.5,24.99,4,28,1,14,5,2,0,35.0,39.0,35.0,35.0,42.142857142857146,7.081162132224987,42.42857142857143,8.19675626005878,42.0,8.73755272294291
2024-05-15,107,Leather Desk Pad,Accessories,7.5,24.99,4,33,2,15,5,2,0,28.0,48.0,36.0,35.0,40.57142857142857,8.885515232803382,41.92857142857143,8.870558786616142,41.733333333333334,9.043699782009938
2024-05-16,107,Leather Desk Pad,Accessories,7.5,24.99,4,43,3,16,5,2,0,33.0,43.0,37.0,49.0,38.42857142857143,8.599557020706415,41.714285714285715,9.0590250063643,41.46666666666667,9.182942708174181
2024-05-17,107,Leather Desk Pad,Accessories,7.5,24.99,4,54,4,17,5,2,0,43.0,47.0,62.0,56.0,38.42857142857143,8.599557020706415,42.142857142857146,8.960229588895249,41.733333333333334,9.10450185474135
2024-05-18,107,Leather Desk Pad,Accessories,7.5,24.99,4,47,5,18,5,2,1,54.0,51.0,44.0,57.0,39.42857142857143,10.047506205640332,41.57142857142857,7.772874784632908,42.36666666666667,9.279132440620455
2024-05-19,107,Leather Desk Pad,Accessories,7.5,24.99,4,30,6,19,5,2,1,47.0,32.0,37.0,46.0,38.857142857142854,9.370673604897561,41.785714285714285,7.885513216101938,42.3,9.236919922526804
2024-05-20,107,Leather Desk Pad,Accessories,7.5,24.99,4,27,0,20,5,2,0,30.0,35.0,48.0,31.0,38.57142857142857,9.641181512261918,41.285714285714285,8.416362922020681,41.43333333333333,9.126253653450938
2024-05-21,107,Leather Desk Pad,Accessories,7.5,24.99,4,35,1,21,5,2,0,27.0,28.0,39.0,34.0,37.42857142857143,10.564991605252116,39.785714285714285,8.980136810920916,40.43333333333333,9.004532702778222
2024-05-22,107,Leather Desk Pad,Accessories,7.5,24.99,4,36,2,22,5,2,0,35.0,33.0,48.0,31.0,38.42857142857143,9.829498848824779,39.5,9.070238738270923,40.06666666666667,8.993995442682229
2024-05-23,107,Leather Desk Pad,Accessories,7.5,24.99,4,39,3,23,5,2,0,36.0,43.0,43.0,44.0,38.857142857142854,9.616454152970862,38.642857142857146,8.767133930917057,40.233333333333334,8.865599278938387
2024-05-24,107,Leather Desk Pad,Accessories,7.5,24.99,4,66,4,24,5,2,0,39.0,54.0,47.0,53.0,38.285714285714285,9.446591726019246,38.357142857142854,8.678950156797518,40.4,8.791061290918739
2024-05-25,107,Leather Desk Pad,Accessories,7.5,24.99,4,65,5,25,5,2,1,66.0,47.0,51.0,51.0,40.0,13.140268896284683,39.714285714285715,11.2416024824589,41.56666666666667,9.768645596069568
2024-05-26,107,Leather Desk Pad,Accessories,7.5,24.99,4,37,6,26,5,2,1,65.0,30.0,32.0,28.0,42.57142857142857,16.154020581650283,40.714285714285715,12.832821929775164,42.266666666666666,10.660702355503782
2024-05-27,107,Leather Desk Pad,Accessories,7.5,24.99,4,34,0,27,5,2,0,37.0,27.0,35.0,39.0,43.57142857142857,15.447299039607135,41.07142857142857,12.639768046279013,41.733333333333334,10.504295782443375
2024-05-28,107,Leather Desk Pad,Accessories,7.5,24.99,4,32,1,28,5,2,0,34.0,35.0,28.0,35.0,44.57142857142857,14.385839598451694,41.0,12.679480697932012,41.166666666666664,10.445534711171996
2024-05-29,107,Leather Desk Pad,Accessories,7.5,24.99,4,31,2,29,5,2,0,32.0,36.0,33.0,36.0,44.142857142857146,14.758371312903185,41.285714285714285,12.406131061377984,41.3,10.296132517969378
2024-05-30,107,Leather Desk Pad,Accessories,7.5,24.99,4,49,3,30,5,2,0,31.0,39.0,43.0,37.0,43.42857142857143,15.32815647598826,41.142857142857146,12.519874310361605,41.03333333333333,10.460049888894467
2024-05-31,107,Leather Desk Pad,Accessories,7.5,24.99,4,60,4,31,5,2,0,49.0,66.0,54.0,62.0,44.857142857142854,15.312615402869305,41.57142857142857,12.689876557042103,41.5,10.493840557925997
2024-06-01,107,Leather Desk Pad,Accessories,7.5,24.99,4,46,5,1,6,2,1,60.0,65.0,47.0,44.0,44.0,14.047538337136979,42.0,13.231663654919693,42.3,10.964362333456084
2024-06-02,107,Leather Desk Pad,Accessories,7.5,24.99,4,39,6,2,6,2,1,46.0,37.0,30.0,37.0,41.285714285714285,10.765907388825235,41.92857142857143,13.205268678793345,42.6,10.937439655005953
2024-06-03,107,Leather Desk Pad,Accessories,7.5,24.99,4,32,0,3,6,2,0,39.0,34.0,27.0,48.0,41.57142857142857,10.659223593632301,42.57142857142857,12.792511545757984,41.833333333333336,10.319326806876825
2024-06-04,107,Leather Desk Pad,Accessories,7.5,24.99,4,37,1,4,6,2,0,32.0,32.0,35.0,39.0,41.285714285714285,10.919619738713209,42.92857142857143,12.387737644785815,41.43333333333333,10.464005079263424
2024-06-05,107,Leather Desk Pad,Accessories,7.5,24.99,4,34,2,5,6,2,0,37.0,31.0,36.0,48.0,42.0,10.360180178613364,43.07142857142857,12.300495835623758,41.43333333333333,10.464005079263424
2024-06-06,107,Leather Desk Pad,Accessories,7.5,24.99,4,36,3,6,6,2,0,34.0,49.0,39.0,43.0,42.42857142857143,9.880235200593532,42.92857142857143,12.400150654880605,40.96666666666667,10.473228048081767
2024-06-07,107,Leather Desk Pad,Accessories,7.5,24.99,4,62,4,7,6,2,0,36.0,60.0,66.0,47.0,40.57142857142857,9.65845299650592,42.714285714285715,12.498791150338494,40.86666666666667,10.506921637608743
2024-06-08,107,Leather Desk Pad,Accessories,7.5,24.99,4,68,5,8,6,2,1,62.0,46.0,65.0,51.0,40.857142857142854,10.33486931748649,42.42857142857143,11.959639084561319,41.333333333333336,11.127267946536705
2024-06-09,107,Leather Desk Pad,Accessories,7.5,24.99,4,42,6,9,6,2,1,68.0,39.0,37.0,32.0,44.0,14.617341299520458,42.642857142857146,12.413436534393135,42.166666666666664,12.14590418642216
2024-06-10,107,Leather Desk Pad,Accessories,7.5,24.99,4,34,0,10,6,2,0,42.0,32.0,34.0,35.0,44.42857142857143,14.489733639801,43.0,12.310095919141377,42.0,12.111550485896261
2024-06-11,107,Leather Desk Pad,Accessories,7.5,24.99,4,34,1,11,6,2,0,34.0,37.0,32.0,28.0,44.714285714285715,14.221044098029335,43.0,12.310095919141377,41.43333333333333,12.073577115661138
2024-06-12,107,Leather Desk Pad,Accessories,7.5,24.99,4,33,2,12,6,2,0,34.0,34.0,31.0,33.0,44.285714285714285,14.534032311719105,43.142857142857146,12.183577489373148,41.5,12.025117391354742
2024-06-13,107,Leather Desk Pad,Accessories,7.5,24.99,4,29,3,13,6,2,0,33.0,36.0,49.0,43.0,44.142857142857146,14.65638167521314,43.285714285714285,12.0411382763014,41.43333333333333,12.067863660703727
2024-06-14,107,Leather Desk Pad,Accessories,7.5,24.99,4,59,4,14,6,2,0,29.0,62.0,60.0,54.0,43.142857142857146,15.51803865859096,41.857142857142854,12.48911614078521,41.46666666666667,12.030803376543801
2024-06-15,107,Leather Desk Pad,Accessories,7.5,24.99,4,58,5,15,6,2,1,59.0,68.0,46.0,47.0,42.714285714285715,14.941154414505425,41.785714285714285,12.379751280144584,42.333333333333336,12.332556670171385
2024-06-16,107,Leather Desk Pad,Accessories,7.5,24.99,4,35,6,16,6,2,1,58.0,42.0,39.0,30.0,41.285714285714285,12.378937564997045,42.642857142857146,13.089086134034549,42.833333333333336,12.660237327767696
2024-06-17,107,Leather Desk Pad,Accessories,7.5,24.99,4,36,0,17,6,2,0,35.0,34.0,32.0,27.0,40.285714285714285,12.592514783450856,42.357142857142854,13.217745314870871,42.2,12.557179564722722
2024-06-18,107,Leather Desk Pad,Accessories,7.5,24.99,4,35,1,18,6,2,0,36.0,34.0,37.0,35.0,40.57142857142857,12.447987024108787,42.642857142857146,13.018372478079648,41.833333333333336,12.572776648126634
2024-06-19,107,Leather Desk Pad,Accessories,7.5,24.99,4,42,2,19,6,2,0,35.0,33.0,34.0,36.0,40.714285714285715,12.365466505747435,42.5,13.095800853708782,42.0,12.442973366800107
2024-06-20,107,Leather Desk Pad,Accessories,7.5,24.99,4,29,3,20,6,2,0,42.0,29.0,36.0,39.0,42.0,11.888369666751329,43.07142857142857,12.868950621938442,42.5,12.11653188117732
2024-06-21,107,Leather Desk Pad,Accessories,7.5,24.99,4,52,4,21,6,2,0,29.0,59.0,62.0,66.0,42.0,11.888369666751329,42.57142857142857,13.293805878125136,42.3,12.29283503116545
2024-06-22,107,Leather Desk Pad,Accessories,7.5,24.99,4,55,5,22,6,2,1,52.0,58.0,68.0,65.0,41.0,10.424330514074581,41.857142857142854,12.408788094653792,42.833333333333336,12.356998110336136
2024-06-23,107,Leather Desk Pad,Accessories,7.5,24.99,4,37,6,23,6,2,1,55.0,35.0,42.0,37.0,40.57142857142857,9.641181512261904,40.92857142857143,10.666008450387425,43.36666666666667,12.529918218995402
2024-06-24,107,Leather Desk Pad,Accessories,7.5,24.99,4,34,0,24,6,2,0,37.0,36.0,34.0,34.0,40.857142857142854,9.47678868655008,40.57142857142857,10.710988503647757,42.4,11.822246708700488
2024-06-25,107,Leather Desk Pad,Accessories,7.5,24.99,4,26,1,25,6,2,0,34.0,35.0,34.0,32.0,40.57142857142857,9.675693650537278,40.57142857142857,10.710988503647757,41.36666666666667,11.112227913222558
2024-06-26,107,Leather Desk Pad,Accessories,7.5,24.99,4,39,2,26,6,2,0,26.0,42.0,33.0,31.0,39.285714285714285,11.041048949477657,40.0,11.28647931751151,41.0,11.437988730843234
2024-06-27,107,Leather Desk Pad,Accessories,7.5,24.99,4,42,3,27,6,2,0,39.0,29.0,29.0,49.0,38.857142857142854,10.976164652381554,40.42857142857143,11.1128081732074,41.166666666666664,11.3686906210338
2024-06-28,107,Leather Desk Pad,Accessories,7.5,24.99,4,57,4,28,6,2,0,42.0,52.0,59.0,60.0,40.714285714285715,10.094788848943876,41.357142857142854,10.616439667270328,41.5,11.236486136228507
2024-06-29,107,Leather Desk Pad,Accessories,7.5,24.99,4,60,5,29,6,2,1,57.0,55.0,58.0,46.0,41.42857142857143,11.148350294358085,41.214285714285715,10.371399812269015,42.36666666666667,11.400191569271643
2024-06-30,107,Leather Desk Pad,Accessories,7.5,24.99,4,34,6,30,6,2,1,60.0,37.0,35.0,39.0,42.142857142857146,12.266873704256932,41.357142857142854,10.630921103859404,42.733333333333334,11.791093463181078
2024-07-01,107,Leather Desk Pad,Accessories,7.5,24.99,4,31,0,1,7,3,0,34.0,34.0,36.0,32.0,41.714285714285715,12.526163095887007,41.285714285714285,10.68016545124343,41.86666666666667,11.428136280714147
2024-07-02,107,Leather Desk Pad,Accessories,7.5,24.99,4,46,1,2,7,3,0,31.0,26.0,35.0,37.0,41.285714285714285,12.880402241574663,40.92857142857143,10.950688673210562,41.36666666666667,11.568337684456202
2024-07-03,107,Leather Desk Pad,Accessories,7.5,24.99,4,31,2,3,7,3,0,46.0,39.0,42.0,34.0,44.142857142857146,11.00649159100468,41.714285714285715,10.887032310389838,41.6,11.589531542703122
2024-07-04,107,Leather Desk Pad,Accessories,7.5,24.99,4,40,3,4,7,3,0,31.0,42.0,29.0,36.0,43.0,11.999999999999984,40.92857142857143,11.255523674481472,41.56666666666667,11.619494123160491
2024-07-05,107,Leather Desk Pad,Accessories,7.5,24.99,4,45,4,5,7,3,0,40.0,57.0,52.0,62.0,42.714285714285715,12.051476890327379,41.714285714285715,10.73046397612223,41.666666666666664,11.591713250937254
2024-07-06,107,Leather Desk Pad,Accessories,7.5,24.99,4,43,5,6,7,3,1,45.0,60.0,55.0,68.0,41.0,10.42433051407458,41.214285714285715,10.371399812269017,42.03333333333333,11.514558500926757
2024-07-07,107,Leather Desk Pad,Accessories,7.5,24.99,4,38,6,7,7,3,1,43.0,34.0,37.0,42.0,38.57142857142857,6.5027466724234415,40.357142857142854,9.61254903244184,42.266666666666666,11.45887198315947
2024-07-08,107,Leather Desk Pad,Accessories,7.5,24.99,4,46,0,8,7,3,0,38.0,31.0,34.0,34.0,39.142857142857146,6.202917900165237,40.42857142857143,9.589371405678458,41.46666666666667,10.855582810743963
2024-07-09,107,Leather Desk Pad,Accessories,7.5,24.99,4,36,1,9,7,3,0,46.0,46.0,26.0,34.0,41.285714285714285,5.468524655221155,41.285714285714285,9.506504424530926,40.733333333333334,9.680885301969305
2024-07-10,107,Leather Desk Pad,Accessories,7.5,24.99,4,47,2,10,7,3,0,36.0,31.0,39.0,33.0,39.857142857142854,5.336308693862293,42.0,8.60232526704261,40.53333333333333,9.71572963286087
2024-07-11,107,Leather Desk Pad,Accessories,7.5,24.99,4,40,3,11,7,3,0,47.0,40.0,42.0,29.0,42.142857142857146,4.220133150686542,42.57142857142857,8.6532722642432,40.96666666666667,9.704187980857357
2024-07-12,107,Leather Desk Pad,Accessories,7.5,24.99,4,52,4,12,7,3,0,40.0,45.0,57.0,59.0,42.142857142857146,4.220133150686542,42.42857142857143,8.679899731025646,41.166666666666664,9.617094454518304
2024-07-13,107,Leather Desk Pad,Accessories,7.5,24.99,4,53,5,13,7,3,1,52.0,43.0,60.0,58.0,43.142857142857146,5.610364558225263,42.07142857142857,8.118964368537538,41.8,9.68610807575327
2024-07-14,107,Leather Desk Pad,Accessories,7.5,24.99,4,35,6,14,7,3,1,53.0,38.0,34.0,35.0,44.57142857142857,6.729466121893616,41.57142857142857,7.078833951286739,42.6,9.583030979738142
2024-07-15,107,Leather Desk Pad,Accessories,7.5,24.99,4,37,0,15,7,3,0,35.0,46.0,31.0,36.0,44.142857142857146,7.2899147555274455,41.642857142857146,7.001177295032831,41.8,9.159129607796478
2024-07-16,107,Leather Desk Pad,Accessories,7.5,24.99,4,57,1,16,7,3,0,37.0,36.0,46.0,35.0,42.857142857142854,7.690439333539849,42.07142857142857,6.462486848244722,41.1,8.667617100847085
2024-07-17,107,Leather Desk Pad,Accessories,7.5,24.99,4,41,2,17,7,3,0,57.0,47.0,31.0,42.0,45.857142857142854,8.610624666239767,42.857142857142854,7.553472383940038,41.833333333333336,9.055702464548903
2024-07-18,107,Leather Desk Pad,Accessories,7.5,24.99,4,26,3,18,7,3,0,41.0,40.0,40.0,29.0,45.0,8.774964387392098,43.57142857142857,6.779088726078434,42.0,8.990416353367447
2024-07-19,107,Leather Desk Pad,Accessories,7.5,24.99,4,65,4,19,7,3,0,26.0,52.0,45.0,52.0,43.0,11.328430311977604,42.57142857142857,8.224861801170363,41.7,9.374028685314746
2024-07-20,107,Leather Desk Pad,Accessories,7.5,24.99,4,44,5,20,7,3,1,65.0,53.0,43.0,55.0,44.857142857142854,13.837492203292838,44.0,10.182941995921782,42.46666666666667,10.294736965819116
2024-07-21,107,Leather Desk Pad,Accessories,7.5,24.99,4,44,6,21,7,3,1,44.0,35.0,38.0,37.0,43.57142857142857,13.364843718467016,44.07142857142857,10.178894346140444,42.96666666666667,9.977503430851025
2024-07-22,107,Leather Desk Pad,Accessories,7.5,24.99,4,40,0,22,7,3,0,44.0,37.0,46.0,34.0,44.857142857142854,12.824827112916184,44.5,10.028804668400062,42.7,9.833615815151632
2024-07-23,107,Leather Desk Pad,Accessories,7.5,24.99,4,47,1,23,7,3,0,40.0,57.0,36.0,26.0,45.285714285714285,12.566016150903256,44.07142857142857,10.087801359252474,42.2,9.564301441765927
2024-07-24,107,Leather Desk Pad,Accessories,7.5,24.99,4,41,2,24,7,3,0,47.0,41.0,47.0,39.0,43.857142857142854,11.53875457503351,44.857142857142854,9.836018134756186,42.53333333333333,9.55107263639783
2024-07-25,107,Leather Desk Pad,Accessories,7.5,24.99,4,54,3,25,7,3,0,41.0,26.0,40.0,42.0,43.857142857142854,11.53875457503351,44.42857142857143,9.866137001920212,42.766666666666666,9.420020255243386
2024-07-26,107,Leather Desk Pad,Accessories,7.5,24.99,4,68,4,26,7,3,0,54.0,65.0,52.0,57.0,47.857142857142854,8.858678822273104,45.42857142857143,10.08970751816908,43.7,9.082571411680513
2024-07-27,107,Leather Desk Pad,Accessories,7.5,24.99,4,47,5,27,7,3,1,68.0,44.0,53.0,60.0,48.285714285714285,9.84402163268455,46.57142857142857,11.673205911990767,44.666666666666664,10.05616411866918
2024-07-28,107,Leather Desk Pad,Accessories,7.5,24.99,4,31,6,28,7,3,1,47.0,44.0,35.0,34.0,48.714285714285715,9.690446940402769,46.142857142857146,11.528273890791231,44.833333333333336,10.051876933441722
2024-07-29,107,Leather Desk Pad,Accessories,7.5,24.99,4,38,0,29,7,3,0,31.0,40.0,37.0,31.0,46.857142857142854,11.767590682726436,45.857142857142854,11.870176868989729,43.96666666666667,10.087490830943446
2024-07-30,107,Leather Desk Pad,Accessories,7.5,24.99,4,39,1,30,7,3,0,38.0,47.0,57.0,46.0,46.57142857142857,11.984116472191314,45.92857142857143,11.815662914533828,43.233333333333334,9.672867610801475
2024-07-31,107,Leather Desk Pad,Accessories,7.5,24.99,4,39,2,31,7,3,0,39.0,41.0,41.0,31.0,45.42857142857143,12.3133686543954,44.642857142857146,11.493189574413467,43.4,9.550591243658612
2024-08-01,107,Leather Desk Pad,Accessories,7.5,24.99,4,29,3,1,8,3,0,39.0,54.0,26.0,40.0,45.142857142857146,12.455635557564163,44.5,11.554220008291335,43.666666666666664,9.300846581168676
2024-08-02,107,Leather Desk Pad,Accessories,7.5,24.99,4,63,4,2,8,3,0,29.0,68.0,65.0,45.0,41.57142857142857,13.062122630684772,44.714285714285715,11.207336686492265,43.1,9.664545942560485
2024-08-03,107,Leather Desk Pad,Accessories,7.5,24.99,4,53,5,3,8,3,1,63.0,47.0,44.0,43.0,40.857142857142854,11.408017231002802,44.57142857142857,10.93838889637553,44.166666666666664,10.041580220928058
2024-08-04,107,Leather Desk Pad,Accessories,7.5,24.99,4,32,6,4,8,3,1,53.0,31.0,44.0,38.0,41.714285714285715,12.147898113312781,45.214285714285715,11.164356548536823,44.6,10.135631923208287
2024-08-05,107,Leather Desk Pad,Accessories,7.5,24.99,4,37,0,5,8,3,0,32.0,38.0,40.0,46.0,41.857142857142854,12.005950905399239,44.357142857142854,11.711973773464893,44.166666666666664,10.392581350484443
2024-08-06,107,Leather Desk Pad,Accessories,7.5,24.99,4,29,1,6,8,3,0,37.0,39.0,47.0,36.0,41.714285714285715,12.065298528069176,44.142857142857146,11.824727304431828,43.96666666666667,10.47322804808177
2024-08-07,107,Leather Desk Pad,Accessories,7.5,24.99,4,44,2,7,8,3,0,29.0,39.0,41.0,47.0,40.285714285714285,12.996336480130145,42.857142857142854,12.452106048976004,43.666666666666664,10.774597626964487
2024-08-08,107,Leather Desk Pad,Accessories,7.5,24.99,4,46,3,8,8,3,0,44.0,29.0,54.0,40.0,41.0,13.051181300301248,43.07142857142857,12.443498677649268,43.6,10.765846379911908
2024-08-09,107,Leather Desk Pad,Accessories,7.5,24.99,4,66,4,9,8,3,0,46.0,63.0,68.0,52.0,43.42857142857143,11.984116472191316,42.5,12.081454318977421,43.93333333333333,10.676862942777285
2024-08-10,107,Leather Desk Pad,Accessories,7.5,24.99,4,71,5,10,8,3,1,66.0,53.0,47.0,53.0,43.857142857142854,12.824827112916184,42.357142857142854,11.764399640487339,44.56666666666667,11.403820694696224
2024-08-11,107,Leather Desk Pad,Accessories,7.5,24.99,4,53,6,11,8,3,1,71.0,32.0,31.0,35.0,46.42857142857143,16.297823401271938,44.07142857142857,14.024507591598823,45.6,12.341687136664524
2024-08-12,107,Leather Desk Pad,Accessories,7.5,24.99,4,28,0,12,8,3,0,53.0,37.0,38.0,37.0,49.42857142857143,15.087049003004104,45.642857142857146,13.675397014949272,45.63333333333333,12.36090425587824
2024-08-13,107,Leather Desk Pad,Accessories,7.5,24.99,4,46,1,13,8,3,0,28.0,29.0,39.0,57.0,48.142857142857146,16.627573198641766,44.92857142857143,14.349828654641918,44.8,12.685587803922795
2024-08-14,107,Leather Desk Pad,Accessories,7.5,24.99,4,46,2,14,8,3,0,46.0,44.0,39.0,41.0,50.57142857142857,14.466710555123226,45.42857142857143,14.248963717862676,45.166666666666664,12.550816248585084
2024-08-15,107,Leather Desk Pad,Accessories,7.5,24.99,4,35,3,15,8,3,0,46.0,46.0,29.0,26.0,50.857142857142854,14.334440710268048,45.92857142857143,14.128336424005838,45.46666666666667,12.456083774144503
2024-08-16,107,Leather Desk Pad,Accessories,7.5,24.99,4,56,4,16,8,3,0,35.0,66.0,63.0,65.0,49.285714285714285,15.51036519787423,46.357142857142854,13.658511816993279,44.733333333333334,12.401149372018978
2024-08-17,107,Leather Desk Pad,Accessories,7.5,24.99,4,55,5,17,8,3,1,56.0,71.0,53.0,44.0,47.857142857142854,14.111798508441675,45.857142857142854,13.119903510768212,45.233333333333334,12.54696922693323
2024-08-18,107,Leather Desk Pad,Accessories,7.5,24.99,4,33,6,18,8,3,1,55.0,53.0,32.0,44.0,45.57142857142857,10.596495377515804,46.0,13.21421146400286,46.2,12.124071240646687
2024-08-19,107,Leather Desk Pad,Accessories,7.5,24.99,4,39,0,19,8,3,0,33.0,28.0,37.0,40.0,42.714285714285715,10.950103282835348,46.07142857142857,13.135180510102137,45.13333333333333,11.816800819561767
2024-08-20,107,Leather Desk Pad,Accessories,7.5,24.99,4,40,1,20,8,3,0,39.0,46.0,29.0,47.0,44.285714285714285,9.123491395189388,46.214285714285715,13.039458291181905,44.96666666666667,11.868484298352092
2024-08-21,107,Leather Desk Pad,Accessories,7.5,24.99,4,41,2,21,8,3,0,40.0,46.0,44.0,41.0,43.42857142857143,9.21696159004585,47.0,12.228591968761636,44.833333333333336,11.902139284188793
2024-08-22,107,Leather Desk Pad,Accessories,7.5,24.99,4,42,3,22,8,3,0,41.0,35.0,46.0,54.0,42.714285714285715,9.178131358729555,46.785714285714285,12.311211722082197,44.86666666666667,11.889529828392295
2024-08-23,107,Leather Desk Pad,Accessories,7.5,24.99,4,63,4,23,8,3,0,42.0,56.0,66.0,68.0,43.714285714285715,8.557925872435144,46.5,12.377088013434651,44.7,11.893637824049268
2024-08-24,107,Leather Desk Pad,Accessories,7.5,24.99,4,68,5,24,8,3,1,63.0,55.0,71.0,47.0,44.714285714285715,10.435744434622833,46.285714285714285,12.03474822483482,45.43333333333333,12.327942282454945
2024-08-25,107,Leather Desk Pad,Accessories,7.5,24.99,4,34,6,25,8,3,1,68.0,33.0,53.0,31.0,46.57142857142857,13.32737962313099,46.07142857142857,11.578921736130207,45.9,12.914439926713426
2024-08-26,107,Leather Desk Pad,Accessories,7.5,24.99,4,27,0,26,8,3,0,34.0,39.0,28.0,38.0,46.714285714285715,13.161994348809557,44.714285714285715,11.81543040284168,44.766666666666666,12.389326143856687
2024-08-27,107,Leather Desk Pad,Accessories,7.5,24.99,4,44,1,27,8,3,0,27.0,40.0,46.0,39.0,45.0,14.988884770611394,44.642857142857146,11.926745270494068,44.1,12.796416524248858
2024-08-28,107,Leather Desk Pad,Accessories,7.5,24.99,4,43,2,28,8,3,0,44.0,41.0,46.0,39.0,45.57142857142857,14.842025275740298,44.5,11.921215735627992,44.53333333333333,12.55534872511296
2024-08-29,107,Leather Desk Pad,Accessories,7.5,24.99,4,42,3,29,8,3,0,43.0,42.0,35.0,29.0,45.857142857142854,14.758371312903174,44.285714285714285,11.919141498695867,44.7,12.49868958648508
2024-08-30,107,Leather Desk Pad,Accessories,7.5,24.99,4,50,4,30,8,3,0,42.0,63.0,56.0,63.0,45.857142857142854,14.758371312903174,44.785714285714285,11.643278493016215,44.8,12.463463845756644
2024-08-31,107,Leather Desk Pad,Accessories,7.5,24.99,4,62,5,31,8,3,1,50.0,68.0,55.0,53.0,44.0,12.948616399703338,44.357142857142854,11.304234352034381,45.166666666666664,12.44874549373616
2024-09-01,107,Leather Desk Pad,Accessories,7.5,24.99,4,32,6,1,9,3,1,62.0,34.0,33.0,32.0,43.142857142857146,11.171818285736814,44.857142857142854,11.947688175846098,46.266666666666666,12.428924366957121
2024-09-02,107,Leather Desk Pad,Accessories,7.5,24.99,4,34,0,2,9,3,0,32.0,27.0,39.0,37.0,42.857142857142854,11.466306749611668,44.785714285714285,12.026755886059094,45.233333333333334,12.277490851521565
2024-09-03,107,Leather Desk Pad,Accessories,7.5,24.99,4,37,1,3,9,3,0,34.0,44.0,40.0,29.0,43.857142857142854,10.073539123673967,44.42857142857143,12.283286241031785,44.6,12.35285810848146
2024-09-04,107,Leather Desk Pad,Accessories,7.5,24.99,4,38,2,4,9,3,0,37.0,43.0,41.0,44.0,42.857142857142854,10.399175791516209,44.214285714285715,12.392172290035914,44.766666666666666,12.209898001023701
2024-09-05,107,Leather Desk Pad,Accessories,7.5,24.99,4,43,3,5,9,3,0,38.0,42.0,42.0,46.0,42.142857142857146,10.558228567150369,44.0,12.477672366764065,44.8,12.189311315444687
2024-09-06,107,Leather Desk Pad,Accessories,7.5,24.99,4,45,4,6,9,3,0,43.0,50.0,63.0,66.0,42.285714285714285,10.562737740350663,44.07142857142857,12.468201311979358,45.266666666666666,11.826135094119639
2024-09-07,107,Leather Desk Pad,Accessories,7.5,24.99,4,69,5,7,9,3,1,45.0,62.0,68.0,71.0,41.57142857142857,10.113640011673045,42.785714285714285,11.233045832779213,45.3,11.823850822632293
2024-09-08,107,Leather Desk Pad,Accessories,7.5,24.99,4,37,6,8,9,3,1,69.0,32.0,34.0,53.0,42.57142857142857,12.528063735165965,42.857142857142854,11.407535585386878,46.06666666666667,12.591549802815454
2024-09-09,107,Leather Desk Pad,Accessories,7.5,24.99,4,32,0,9,9,3,0,37.0,34.0,27.0,28.0,43.285714285714285,11.954277975049832,43.07142857142857,11.255523674481477,45.1,12.112546928844013
2024-09-10,107,Leather Desk Pad,Accessories,7.5,24.99,4,31,1,10,9,3,0,32.0,37.0,44.0,46.0,43.0,12.233832869001697,43.42857142857143,10.775429926916603,43.8,11.302730826571572
2024-09-11,107,Leather Desk Pad,Accessories,7.5,24.99,4,34,2,11,9,3,0,31.0,38.0,43.0,46.0,42.142857142857146,12.915476135610465,42.5,11.271133995231418,43.06666666666667,11.398527833962133
2024-09-12,107,Leather Desk Pad,Accessories,7.5,24.99,4,55,3,12,9,3,0,34.0,43.0,42.0,35.0,41.57142857142857,13.214350064193367,41.857142857142854,11.494862684341554,43.266666666666666,11.175506879913268
2024-09-13,107,Leather Desk Pad,Accessories,7.5,24.99,4,58,4,13,9,3,0,55.0,45.0,50.0,56.0,43.285714285714285,14.174087692150119,42.785714285714285,12.020358188881511,43.56666666666667,11.370510355614066
2024-09-14,107,Leather Desk Pad,Accessories,7.5,24.99,4,51,5,14,9,3,1,58.0,69.0,62.0,55.0,45.142857142857146,15.247169916944916,43.357142857142854,12.567400703389714,43.96666666666667,11.666288992244919
2024-09-15,107,Leather Desk Pad,Accessories,7.5,24.99,4,24,6,15,9,3,1,51.0,37.0,32.0,33.0,42.57142857142857,11.645559137244,42.57142857142857,11.620368627240996,44.5,11.607815440915019
2024-09-16,107,Leather Desk Pad,Accessories,7.5,24.99,4,38,0,16,9,3,0,24.0,32.0,34.0,39.0,40.714285714285715,13.561148989107139,42.0,12.353759938390594,43.43333333333333,11.978956644835595
2024-09-17,107,Leather Desk Pad,Accessories,7.5,24.99,4,37,1,17,9,3,0,38.0,31.0,37.0,40.0,41.57142857142857,13.100345324419783,42.285714285714285,12.199801835897361,42.86666666666667,11.813882346288807
2024-09-18,107,Leather Desk Pad,Accessories,7.5,24.99,4,38,2,18,9,3,0,37.0,34.0,38.0,41.0,42.42857142857143,12.474736374731421,42.285714285714285,12.199801835897361,43.0,11.720892045609322
2024-09-19,107,Leather Desk Pad,Accessories,7.5,24.99,4,36,3,19,9,3,0,38.0,55.0,43.0,42.0,43.0,12.11060141638995,42.285714285714285,12.199801835897361,42.96666666666667,11.734074558614614
2024-09-20,107,Leather Desk Pad,Accessories,7.5,24.99,4,55,4,20,9,3,0,36.0,58.0,45.0,63.0,40.285714285714285,11.05613382869866,41.785714285714285,12.311211722082186,42.833333333333336,11.791532126278492
2024-09-21,107,Leather Desk Pad,Accessories,7.5,24.99,4,66,5,21,9,3,1,55.0,51.0,69.0,68.0,39.857142857142854,10.28637564011365,42.5,12.79272629871545,43.3,11.991807548316572
2024-09-22,107,Leather Desk Pad,Accessories,7.5,24.99,4,47,6,22,9,3,1,66.0,24.0,37.0,34.0,42.0,13.916417163432055,42.285714285714285,12.331501695492477,44.1,12.682733307056933
2024-09-23,107,Leather Desk Pad,Accessories,7.5,24.99,4,43,0,23,9,3,0,47.0,38.0,32.0,27.0,45.285714285714285,11.45591965920217,43.0,12.291335284537759,43.56666666666667,12.187283744028917
2024-09-24,107,Leather Desk Pad,Accessories,7.5,24.99,4,40,1,24,9,3,0,43.0,37.0,31.0,44.0,46.0,11.075498483890744,43.785714285714285,11.87873712161337,42.733333333333334,11.279928262590843
2024-09-25,107,Leather Desk Pad,Accessories,7.5,24.99,4,43,2,25,9,3,0,40.0,38.0,34.0,43.0,46.42857142857143,10.721584815333058,44.42857142857143,11.366037708313883,42.93333333333333,11.17242088831903
2024-09-26,107,Leather Desk Pad,Accessories,7.5,24.99,4,41,3,26,9,3,0,43.0,36.0,55.0,42.0,47.142857142857146,10.221359521912431,45.07142857142857,10.97875070456411,43.46666666666667,10.759865828330687
2024-09-27,107,Leather Desk Pad,Accessories,7.5,24.99,4,50,4,27,9,3,0,41.0,55.0,58.0,50.0,47.857142857142854,9.45918550807573,44.07142857142857,10.637121398590482,43.36666666666667,10.768675304608836
2024-09-28,107,Leather Desk Pad,Accessories,7.5,24.99,4,62,5,28,9,3,1,50.0,66.0,51.0,62.0,47.142857142857146,9.007933011676796,43.5,10.028804668400065,43.6,10.836082763396222
2024-09-29,107,Leather Desk Pad,Accessories,7.5,24.99,4,36,6,29,9,3,1,62.0,47.0,24.0,32.0,46.57142857142857,7.634508123364186,44.285714285714285,11.041380706781547,44.266666666666666,11.337862516223323
2024-09-30,107,Leather Desk Pad,Accessories,7.5,24.99,4,46,0,30,9,3,0,36.0,43.0,38.0,34.0,45.0,8.602325267042598,45.142857142857146,9.733820049048196,43.8,11.381776117381994
2024-10-01,107,Leather Desk Pad,Accessories,7.5,24.99,4,42,1,1,10,4,0,46.0,40.0,37.0,37.0,45.42857142857143,8.560707580902047,45.714285714285715,9.51459260964296,43.266666666666666,10.862568862789818
2024-10-02,107,Leather Desk Pad,Accessories,7.5,24.99,4,40,2,2,10,4,0,42.0,43.0,38.0,38.0,45.714285714285715,8.380817098475227,46.07142857142857,9.252561272960588,43.6,10.656388726470869
2024-10-03,107,Leather Desk Pad,Accessories,7.5,24.99,4,26,3,3,10,4,0,40.0,41.0,36.0,43.0,45.285714285714285,8.616153157766798,46.214285714285715,9.133021839023918,43.8,10.525502690919422
2024-10-04,107,Leather Desk Pad,Accessories,7.5,24.99,4,57,4,4,10,4,0,26.0,50.0,55.0,45.0,43.142857142857146,11.305287427107872,45.5,10.308696851165557,43.43333333333333,10.95345429166254
2024-10-05,107,Leather Desk Pad,Accessories,7.5,24.99,4,66,5,5,10,4,1,57.0,62.0,66.0,69.0,44.142857142857146,12.28045291548823,45.642857142857146,10.463174565017153,44.06666666666667,11.175506879913266
2024-10-06,107,Leather Desk Pad,Accessories,7.5,24.99,4,20,6,6,10,4,1,66.0,36.0,47.0,37.0,44.714285714285715,13.300554947247932,45.642857142857146,10.463174565017153,44.833333333333336,11.867322079278608
2024-10-07,107,Leather Desk Pad,Accessories,7.5,24.99,4,41,0,7,10,4,0,20.0,46.0,43.0,32.0,42.42857142857143,16.123038824997614,43.714285714285715,12.486476200757673,44.0,12.703515668696907
2024-10-08,107,Leather Desk Pad,Accessories,7.5,24.99,4,38,1,8,10,4,0,41.0,42.0,40.0,31.0,41.714285714285715,16.049032013533655,43.57142857142857,12.50670150029904,43.06666666666667,11.799863626720256
2024-10-09,107,Leather Desk Pad,Accessories,7.5,24.99,4,46,2,9,10,4,0,38.0,40.0,43.0,34.0,41.142857142857146,16.10826466371192,43.42857142857143,12.561934476910697,43.1,11.78353614743602
2024-10-10,107,Leather Desk Pad,Accessories,7.5,24.99,4,34,3,10,10,4,0,46.0,26.0,41.0,55.0,42.0,16.196707484341776,43.642857142857146,12.579636431441594,43.56666666666667,11.604646314815213
2024-10-11,107,Leather Desk Pad,Accessories,7.5,24.99,4,62,4,11,10,4,0,34.0,57.0,50.0,58.0,43.142857142857146,15.126451130702248,43.142857142857146,12.829396189743555,43.666666666666664,11.505121298445935
2024-10-12,107,Leather Desk Pad,Accessories,7.5,24.99,4,60,5,12,10,4,1,62.0,66.0,62.0,51.0,43.857142857142854,15.98362257049978,44.0,13.694468282429277,44.6,11.825163117632709
2024-10-13,107,Leather Desk Pad,Accessories,7.5,24.99,4,30,6,13,10,4,1,60.0,20.0,36.0,24.0,43.0,14.708274315273455,43.857142857142854,13.501322686526466,44.766666666666666,12.010579627499496
2024-10-14,107,Leather Desk Pad,Accessories,7.5,24.99,4,45,0,14,10,4,0,30.0,41.0,46.0,38.0,44.42857142857143,12.40775487154628,43.42857142857143,13.860371211114442,43.833333333333336,12.034672132357143
2024-10-15,107,Leather Desk Pad,Accessories,7.5,24.99,4,49,1,15,10,4,0,45.0,38.0,42.0,37.0,45.0,12.315302134607423,43.357142857142854,13.848671932200364,43.63333333333333,11.961095940253731
2024-10-16,107,Leather Desk Pad,Accessories,7.5,24.99,4,37,2,16,10,4,0,49.0,46.0,40.0,38.0,46.57142857142857,11.970201096293817,43.857142857142854,13.922075126365888,44.46666666666667,11.403971883192447
2024-10-17,107,Leather Desk Pad,Accessories,7.5,24.99,4,38,3,17,10,4,0,37.0,34.0,26.0,36.0,45.285714285714285,12.512850537404658,43.642857142857146,14.008827672123484,44.43333333333333,11.424967617348921
2024-10-18,107,Leather Desk Pad,Accessories,7.5,24.99,4,56,4,18,10,4,0,38.0,62.0,57.0,55.0,45.857142857142854,11.992060865819655,44.5,13.189447996847269,44.46666666666667,11.403971883192447
2024-10-19,107,Leather Desk Pad,Accessories,7.5,24.99,4,58,5,19,10,4,1,56.0,60.0,66.0,66.0,45.0,10.801234497346409,44.42857142857143,13.119065900813599,45.06666666666667,11.524885617902996
2024-10-20,107,Leather Desk Pad,Accessories,7.5,24.99,4,47,6,20,10,4,1,58.0,30.0,20.0,47.0,44.714285714285715,10.355582805332334,43.857142857142854,12.252831025190385,45.8,11.627553482998913
2024-10-21,107,Leather Desk Pad,Accessories,7.5,24.99,4,38,0,21,10,4,0,47.0,45.0,41.0,43.0,47.142857142857146,8.071112509614553,45.785714285714285,10.154033464805782,45.53333333333333,11.500324832993543
2024-10-22,107,Leather Desk Pad,Accessories,7.5,24.99,4,40,1,22,10,4,0,38.0,49.0,38.0,40.0,46.142857142857146,8.783100656536766,45.57142857142857,10.293495225434558,44.6,10.90270450471999
2024-10-23,107,Leather Desk Pad,Accessories,7.5,24.99,4,33,2,23,10,4,0,40.0,37.0,46.0,43.0,44.857142857142854,8.952254305081855,45.714285714285715,10.193727871200409,44.36666666666667,10.924453220226619
2024-10-24,107,Leather Desk Pad,Accessories,7.5,24.99,4,37,3,24,10,4,0,33.0,38.0,34.0,41.0,44.285714285714285,9.638711630957811,44.785714285714285,10.743001811043687,44.03333333333333,11.118432453807742
2024-10-25,107,Leather Desk Pad,Accessories,7.5,24.99,4,49,4,25,10,4,0,37.0,56.0,62.0,50.0,44.142857142857146,9.754120008635153,45.0,10.539303728279355,43.93333333333333,11.169334044091704
2024-10-26,107,Leather Desk Pad,Accessories,7.5,24.99,4,66,5,26,10,4,1,49.0,58.0,60.0,62.0,43.142857142857146,8.629958891917736,44.07142857142857,9.441840479925068,44.13333333333333,11.205704622733647
2024-10-27,107,Leather Desk Pad,Accessories,7.5,24.99,4,37,6,27,10,4,1,66.0,47.0,30.0,36.0,44.285714285714285,11.101265479128708,44.5,10.316156111802348,44.96666666666667,11.874293687403593
2024-10-28,107,Leather Desk Pad,Accessories,7.5,24.99,4,50,0,28,10,4,0,37.0,38.0,45.0,46.0,42.857142857142854,11.334733807028291,45.0,9.711214769929267,44.53333333333333,11.921390029266103
2024-10-29,107,Leather Desk Pad,Accessories,7.5,24.99,4,34,1,29,10,4,0,50.0,40.0,49.0,42.0,44.57142857142857,11.385036127261396,45.357142857142854,9.802724447489416,44.13333333333333,11.509316565986538
2024-10-30,107,Leather Desk Pad,Accessories,7.5,24.99,4,48,2,30,10,4,0,34.0,33.0,37.0,40.0,43.714285714285715,11.996031089688016,44.285714285714285,10.18617895769762,44.06666666666667,11.563716540536838
2024-10-31,107,Leather Desk Pad,Accessories,7.5,24.99,4,40,3,31,10,4,0,48.0,37.0,38.0,26.0,45.857142857142854,11.066896153673348,45.07142857142857,10.003570791043998,44.13333333333333,11.580999103267613
2024-11-01,107,Leather Desk Pad,Accessories,7.5,24.99,4,81,4,1,11,4,0,40.0,49.0,56.0,57.0,46.285714285714285,10.719363875937852,45.214285714285715,9.908648680890789,44.06666666666667,11.59944509176115
2024-11-02,107,Leather Desk Pad,Accessories,7.5,24.99,4,91,5,2,11,4,1,81.0,66.0,58.0,66.0,50.857142857142854,17.033580279637526,47.0,13.575996917637115,45.43333333333333,13.3821376915425
2024-11-03,107,Leather Desk Pad,Accessories,7.5,24.99,4,58,6,3,11,4,1,91.0,37.0,47.0,20.0,54.42857142857143,22.485974464520034,49.357142857142854,17.830859778472846,47.6,15.257784898208524
2024-11-04,107,Leather Desk Pad,Accessories,7.5,24.99,4,57,0,4,11,4,0,58.0,50.0,38.0,41.0,57.42857142857143,21.133363376875128,50.142857142857146,17.96088546239875,47.63333333333333,15.280105012577708
2024-11-05,107,Leather Desk Pad,Accessories,7.5,24.99,4,68,1,5,11,4,0,57.0,34.0,40.0,38.0,58.42857142857143,20.88745351366972,51.5,17.688544750335332,47.333333333333336,14.99271853919103
2024-11-06,107,Leather Desk Pad,Accessories,7.5,24.99,4,56,2,6,11,4,0,68.0,48.0,33.0,46.0,63.285714285714285,18.015866023353627,53.5,17.87025891939325,48.93333333333333,14.529241225016285
2024-11-07,107,Leather Desk Pad,Accessories,7.5,24.99,4,66,3,7,11,4,0,56.0,40.0,37.0,34.0,64.42857142857143,17.11585174487031,55.142857142857146,16.869896460660534,49.43333333333333,14.504894140357885
2024-11-08,107,Leather Desk Pad,Accessories,7.5,24.99,4,72,4,8,11,4,0,66.0,81.0,49.0,62.0,68.14285714285714,13.334523756382259,57.214285714285715,16.239451352178758,50.36666666666667,14.644013330941133
2024-11-09,107,Leather Desk Pad,Accessories,7.5,24.99,4,87,5,9,11,4,1,72.0,91.0,66.0,60.0,66.85714285714286,12.280452915488208,58.857142857142854,16.50574325619906,51.233333333333334,15.137720261408045
2024-11-10,107,Leather Desk Pad,Accessories,7.5,24.99,4,59,6,10,11,4,1,87.0,58.0,37.0,30.0,66.28571428571429,10.99567014350471,60.357142857142854,18.083597084553833,53.0,16.118098630057943
2024-11-11,107,Leather Desk Pad,Accessories,7.5,24.99,4,59,0,11,11,4,0,59.0,57.0,50.0,45.0,66.42857142857143,10.875923606099542,61.92857142857143,16.80871699544517,52.9,16.069568584214032
2024-11-12,107,Leather Desk Pad,Accessories,7.5,24.99,4,72,1,12,11,4,0,59.0,68.0,34.0,49.0,66.71428571428571,10.609968358644032,62.57142857142857,16.486424651882473,52.86666666666667,16.055363983531425
2024-11-13,107,Leather Desk Pad,Accessories,7.5,24.99,4,60,2,13,11,4,0,72.0,56.0,48.0,37.0,67.28571428571429,10.7968249301092,65.28571428571429,14.419156976470166,54.266666666666666,15.822143656441037
2024-11-14,107,Leather Desk Pad,Accessories,7.5,24.99,4,59,3,14,11,4,0,60.0,66.0,40.0,38.0,67.85714285714286,10.188695883650801,66.14285714285714,13.648652471424228,54.766666666666666,15.756078921752886
2024-11-15,107,Leather Desk Pad,Accessories,7.5,24.99,4,86,4,15,11,4,0,59.0,72.0,81.0,56.0,66.85714285714286,10.730463976122195,67.5,11.64705311028702,55.1,15.735639320586438
2024-11-16,107,Leather Desk Pad,Accessories,7.5,24.99,4,93,5,16,11,4,1,86.0,87.0,91.0,58.0,68.85714285714286,12.92837411056998,67.85714285714286,12.158296583986436,56.733333333333334,16.324158812004374
2024-11-17,107,Leather Desk Pad,Accessories,7.5,24.99,4,66,6,17,11,4,1,93.0,59.0,58.0,47.0,69.71428571428571,14.442002235542947,68.0,12.45916406629151,58.56666666666667,17.212031344048423
2024-11-18,107,Leather Desk Pad,Accessories,7.5,24.99,4,53,0,18,11,4,0,66.0,59.0,57.0,38.0,70.71428571428571,13.80476108346057,68.57142857142857,12.144731594173084,58.9,17.257382228464145
2024-11-19,107,Leather Desk Pad,Accessories,7.5,24.99,4,51,1,19,11,4,0,53.0,72.0,68.0,40.0,69.85714285714286,14.803474495632976,68.28571428571429,12.480314169052082,58.733333333333334,17.29048638819133
2024-11-20,107,Leather Desk Pad,Accessories,7.5,24.99,4,59,2,20,11,4,0,51.0,60.0,56.0,33.0,66.85714285714286,16.344505411386912,67.07142857142857,13.309708924253453,58.86666666666667,17.212131514265383
2024-11-21,107,Leather Desk Pad,Accessories,7.5,24.99,4,58,3,21,11,4,0,59.0,59.0,66.0,37.0,66.71428571428571,16.41863053276452,67.28571428571429,13.140826407852707,59.56666666666667,16.755201628425578
2024-11-22,107,Leather Desk Pad,Accessories,7.5,24.99,4,81,4,22,11,4,0,58.0,86.0,72.0,49.0,66.57142857142857,16.50108221559159,66.71428571428571,13.372926562094221,60.166666666666664,16.347694835565697
2024-11-23,107,Leather Desk Pad,Accessories,7.5,24.99,4,86,5,23,11,4,1,81.0,93.0,87.0,66.0,65.85714285714286,15.603723609324454,67.35714285714286,13.85422536411043,61.766666666666666,15.941019162965166
2024-11-24,107,Leather Desk Pad,Accessories,7.5,24.99,4,57,6,24,11,4,1,86.0,66.0,59.0,37.0,64.85714285714286,13.680016708427516,67.28571428571429,13.747327412592288,63.4,15.825775570688242
2024-11-25,107,Leather Desk Pad,Accessories,7.5,24.99,4,59,0,25,11,4,0,57.0,53.0,59.0,50.0,63.57142857142857,13.974466511667382,67.14285714285714,13.850060498935598,63.666666666666664,15.641089417330212
2024-11-26,107,Leather Desk Pad,Accessories,7.5,24.99,4,60,1,26,11,4,0,59.0,51.0,72.0,34.0,64.42857142857143,13.389761547007218,67.14285714285714,13.850060498935598,63.43333333333333,15.657285036450071
2024-11-27,107,Leather Desk Pad,Accessories,7.5,24.99,4,51,2,27,11,4,0,60.0,59.0,60.0,48.0,65.71428571428571,12.270755012281331,66.28571428571429,13.89758457944608,64.2,14.861196870164688
2024-11-28,107,Leather Desk Pad,Accessories,7.5,24.99,4,54,3,28,11,4,0,51.0,58.0,59.0,40.0,64.57142857142857,13.327379623130966,65.64285714285714,14.40943677358239,64.23333333333333,14.829335635904208
2024-11-29,107,Leather Desk Pad,Accessories,7.5,24.99,4,85,4,29,11,4,0,54.0,81.0,86.0,81.0,64.0,13.73559851869097,65.28571428571429,14.646756382471612,64.9,13.83984751759731
2024-11-30,107,Leather Desk Pad,Accessories,7.5,24.99,4,93,5,30,11,4,1,85.0,86.0,93.0,91.0,64.57142857142857,14.615712354142937,65.21428571428571,14.540016778260204,66.13333333333334,13.93020368525325
2024-12-01,107,Leather Desk Pad,Accessories,7.5,24.99,4,55,6,1,12,4,1,93.0,57.0,66.0,58.0,65.57142857142857,16.450502959455267,65.21428571428571,14.540016778260204,67.9,13.862253387004467
2024-12-02,107,Leather Desk Pad,Accessories,7.5,24.99,4,57,0,2,12,4,0,55.0,59.0,53.0,57.0,65.28571428571429,16.640455579843984,64.42857142857143,14.789363567282908,67.03333333333333,13.827716627355231
2024-12-03,107,Leather Desk Pad,Accessories,7.5,24.99,4,62,1,3,12,4,0,57.0,60.0,51.0,68.0,65.0,16.78292783356544,64.71428571428571,14.588871266659568,65.9,13.173510515817124
2024-12-04,107,Leather Desk Pad,Accessories,7.5,24.99,4,64,2,4,12,4,0,62.0,51.0,59.0,56.0,65.28571428571429,16.700441967348073,65.5,14.080810728407336,66.03333333333333,13.110888692184453
2024-12-05,107,Leather Desk Pad,Accessories,7.5,24.99,4,50,3,5,12,4,0,64.0,54.0,58.0,66.0,67.14285714285714,15.528775133372754,65.85714285714286,13.966207253758819,66.26666666666667,13.006452863557904
2024-12-06,107,Leather Desk Pad,Accessories,7.5,24.99,4,102,4,6,12,4,0,50.0,85.0,81.0,72.0,66.57142857142857,16.154020581650247,65.28571428571429,14.46709035351282,65.66666666666667,13.334770037538053
2024-12-07,107,Leather Desk Pad,Accessories,7.5,24.99,4,88,5,7,12,4,1,102.0,93.0,86.0,87.0,69.0,20.1659779496722,66.78571428571429,17.075301873347204,67.2,14.75407600023428
2024-12-08,107,Leather Desk Pad,Accessories,7.5,24.99,4,61,6,8,12,4,1,88.0,55.0,57.0,59.0,68.28571428571429,19.241572057347447,66.92857142857143,17.25583194933634,67.93333333333334,15.231395284045716
2024-12-09,107,Leather Desk Pad,Accessories,7.5,24.99,4,45,0,9,12,4,0,61.0,57.0,59.0,59.0,69.14285714285714,18.67644301813176,67.21428571428571,17.111303378080343,67.56666666666666,15.262492527792407
2024-12-10,107,Leather Desk Pad,Accessories,7.5,24.99,4,69,1,10,12,4,0,45.0,62.0,60.0,72.0,67.42857142857143,20.443883705215594,66.21428571428571,18.013578517024634,66.16666666666667,15.344511168118238
2024-12-11,107,Leather Desk Pad,Accessories,7.5,24.99,4,72,2,11,12,4,0,69.0,64.0,51.0,60.0,68.42857142857143,20.304819976688123,66.85714285714286,17.93517018793884,66.5,15.291985730643567
2024-12-12,107,Leather Desk Pad,Accessories,7.5,24.99,4,58,3,12,12,4,0,72.0,50.0,54.0,59.0,69.57142857142857,20.23904759663968,68.35714285714286,17.376408157026038,66.93333333333334,15.256278149945526
2024-12-13,107,Leather Desk Pad,Accessories,7.5,24.99,4,110,4,13,12,4,0,58.0,102.0,85.0,86.0,70.71428571428571,19.146055169967187,68.64285714285714,17.153636720743894,66.46666666666667,15.309977214184553
2024-12-14,107,Leather Desk Pad,Accessories,7.5,24.99,4,102,5,14,12,4,1,110.0,88.0,93.0,93.0,71.85714285714286,21.427619026454053,70.42857142857143,20.045004310356195,68.13333333333334,17.18807391936254
2024-12-15,107,Leather Desk Pad,Accessories,7.5,24.99,4,57,6,15,12,4,1,102.0,61.0,55.0,66.0,73.85714285714286,23.71658049711613,71.07142857142857,20.948524037283867,69.56666666666666,18.165301013733288
2024-12-16,107,Leather Desk Pad,Accessories,7.5,24.99,4,61,0,16,12,4,0,57.0,45.0,57.0,53.0,73.28571428571429,24.12270220984292,71.21428571428571,20.837017989177802,68.6,18.03177272444965
2024-12-17,107,Leather Desk Pad,Accessories,7.5,24.99,4,53,1,17,12,4,0,61.0,69.0,62.0,51.0,75.57142857142857,21.624501095263362,71.5,20.653738719101774,67.53333333333333,17.476552436263585
2024-12-18,107,Leather Desk Pad,Accessories,7.5,24.99,4,59,2,18,12,4,0,53.0,72.0,64.0,59.0,73.28571428571429,23.22150071029204,70.85714285714286,21.107261393096078,67.1,17.675913867024875
2024-12-19,107,Leather Desk Pad,Accessories,7.5,24.99,4,52,3,19,12,4,0,59.0,58.0,50.0,58.0,71.42857142857143,23.85272271570647,70.5,21.27385538817362,67.3,17.544328094169398
2024-12-20,107,Leather Desk Pad,Accessories,7.5,24.99,4,75,4,20,12,4,0,52.0,110.0,102.0,81.0,70.57142857142857,24.514330114289876,70.64285714285714,21.13184670242868,67.33333333333333,17.513213402404496
2024-12-21,107,Leather Desk Pad,Accessories,7.5,24.99,4,92,5,21,12,4,1,75.0,102.0,88.0,86.0,65.57142857142857,17.77504939380984,68.71428571428571,19.193061933251478,67.86666666666666,17.49430120675425
2024-12-22,107,Leather Desk Pad,Accessories,7.5,24.99,4,55,6,22,12,4,1,92.0,57.0,61.0,57.0,64.14285714285714,14.450243036347949,69.0,19.52907103229992,69.0,17.928978661989323
2024-12-23,107,Leather Desk Pad,Accessories,7.5,24.99,4,55,0,23,12,4,0,55.0,61.0,45.0,59.0,63.857142857142854,14.63362078034195,68.57142857142857,19.782331999556067,68.13333333333334,17.957292886626632
2024-12-24,107,Leather Desk Pad,Accessories,7.5,24.99,4,70,1,24,12,4,0,55.0,53.0,69.0,60.0,63.0,14.999999999999954,69.28571428571429,19.032072410007817,67.1,17.784824992110533
2024-12-25,107,Leather Desk Pad,Accessories,7.5,24.99,4,64,2,25,12,4,0,70.0,59.0,72.0,51.0,65.42857142857143,14.478226673838417,69.35714285714286,19.03279413925484,67.53333333333333,17.688362301794356
2024-12-26,107,Leather Desk Pad,Accessories,7.5,24.99,4,66,3,26,12,4,0,64.0,52.0,58.0,54.0,66.14285714285714,14.229412864773765,68.78571428571429,19.067405016570415,67.7,17.628640489761
2024-12-27,107,Leather Desk Pad,Accessories,7.5,24.99,4,102,4,27,12,4,0,66.0,75.0,110.0,85.0,68.14285714285714,12.824827112916152,69.35714285714286,18.837798102820777,67.9,17.572215529656162
2024-12-28,107,Leather Desk Pad,Accessories,7.5,24.99,4,97,5,28,12,4,1,102.0,92.0,102.0,93.0,72.0,18.175074506954086,68.78571428571429,17.590113356999396,69.6,18.33143145829982
2024-12-29,107,Leather Desk Pad,Accessories,7.5,24.99,4,72,6,29,12,4,1,97.0,55.0,57.0,55.0,72.71428571428571,19.163457288237275,68.42857142857143,16.901134626064376,71.03333333333333,18.74600340547714
2024-12-30,107,Leather Desk Pad,Accessories,7.5,24.99,4,58,0,30,12,4,0,72.0,55.0,61.0,57.0,75.14285714285714,17.553998323540323,69.5,16.59355760065196,70.6,18.56136142450316
2024-12-31,107,Leather Desk Pad,Accessories,7.5,24.99,4,61,1,31,12,4,0,58.0,70.0,53.0,62.0,75.57142857142857,17.008401285415204,69.28571428571429,16.730573448393468,69.43333333333334,18.201332526689523
2025-01-01,107,Leather Desk Pad,Accessories,7.5,24.99,4,32,2,1,1,1,0,61.0,64.0,59.0,64.0,74.28571428571429,17.8205339025358,69.85714285714286,16.261597720997806,69.63333333333334,18.06975627821312
2025-01-02,107,Leather Desk Pad,Accessories,7.5,24.99,4,43,3,2,1,1,0,32.0,66.0,52.0,50.0,69.71428571428571,23.949351318384966,67.92857142857143,19.016042966660827,68.8,19.21278310091378
2025-01-03,107,Leather Desk Pad,Accessories,7.5,24.99,4,52,4,3,1,1,0,43.0,102.0,75.0,102.0,66.42857142857143,26.03111691070989,67.28571428571429,19.734501499925205,68.16666666666667,19.750309178432563
2025-01-04,107,Leather Desk Pad,Accessories,7.5,24.99,4,47,5,4,1,1,1,52.0,97.0,92.0,88.0,59.285714285714285,21.021530912489713,65.64285714285714,19.998488953907522,67.76666666666667,19.95803067704192
2025-01-05,107,Leather Desk Pad,Accessories,7.5,24.99,4,40,6,5,1,1,1,47.0,72.0,55.0,61.0,52.142857142857146,13.05665311158219,62.42857142857143,19.02918521928595,67.66666666666667,20.05738892714383
2025-01-06,107,Leather Desk Pad,Accessories,7.5,24.99,4,38,0,6,1,1,0,40.0,58.0,55.0,45.0,47.57142857142857,10.24462693085401,61.357142857142854,19.882760769676242,65.6,19.58641330634314
2025-01-07,107,Leather Desk Pad,Accessories,7.5,24.99,4,28,1,7,1,1,0,38.0,61.0,70.0,69.0,44.714285714285715,9.621404708847185,60.142857142857146,20.79887993603039,63.93333333333333,19.741315564822013
2025-01-08,107,Leather Desk Pad,Accessories,7.5,24.99,4,33,2,8,1,1,0,28.0,32.0,64.0,72.0,40.0,8.30662386291796,57.142857142857146,22.246372713345874,62.833333333333336,20.801331743396844
2025-01-09,107,Leather Desk Pad,Accessories,7.5,24.99,4,37,3,9,1,1,0,33.0,43.0,66.0,58.0,40.142857142857146,8.153293228885403,54.92857142857143,23.039979586376813,62.43333333333333,21.266264904503196
2025-01-10,107,Leather Desk Pad,Accessories,7.5,24.99,4,58,4,10,1,1,0,37.0,52.0,102.0,110.0,39.285714285714285,8.118174789000292,52.857142857142854,23.270506730977832,61.36666666666667,21.72315359930158
2025-01-11,107,Leather Desk Pad,Accessories,7.5,24.99,4,54,5,11,1,1,1,58.0,47.0,97.0,102.0,40.142857142857146,9.822229404579621,49.714285714285715,18.631770102243593,60.9,21.63705314883512
2025-01-12,107,Leather Desk Pad,Accessories,7.5,24.99,4,32,6,12,1,1,1,54.0,40.0,72.0,57.0,41.142857142857146,10.930516478016425,46.642857142857146,12.899654991553069,60.766666666666666,21.667842585242514
2025-01-13,107,Leather Desk Pad,Accessories,7.5,24.99,4,37,0,13,1,1,0,32.0,38.0,58.0,61.0,40.0,11.47460965203892,43.785714285714285,11.16435654853688,58.166666666666664,20.18549040743137
2025-01-14,107,Leather Desk Pad,Accessories,7.5,24.99,4,35,1,14,1,1,0,37.0,28.0,61.0,53.0,39.857142857142854,11.509830167130552,42.285714285714285,10.498560864222362,56.0,18.75614841720639
2025-01-15,107,Leather Desk Pad,Accessories,7.5,24.99,4,35,2,15,1,1,0,35.0,33.0,32.0,59.0,40.857142857142854,10.574002260711026,40.42857142857143,9.145947279989803,55.266666666666666,19.141817975372575
2025-01-16,107,Leather Desk Pad,Accessories,7.5,24.99,4,38,3,16,1,1,0,35.0,37.0,43.0,52.0,41.142857142857146,10.350983390135221,40.642857142857146,8.96666598581101,54.4,19.459241222758788
2025-01-17,107,Leather Desk Pad,Accessories,7.5,24.99,4,60,4,17,1,1,0,38.0,58.0,52.0,75.0,41.285714285714285,10.291003930849508,40.285714285714285,8.965133929486363,53.9,19.687822246952145
2025-01-18,107,Leather Desk Pad,Accessories,7.5,24.99,4,56,5,18,1,1,1,60.0,54.0,47.0,92.0,41.57142857142857,10.845231561338178,40.857142857142854,9.968080926770135,53.93333333333333,19.697598896790648
2025-01-19,107,Leather Desk Pad,Accessories,7.5,24.99,4,40,6,19,1,1,1,56.0,32.0,40.0,55.0,41.857142857142854,11.246163366952686,41.5,10.66085578899965,54.06666666666667,19.697598896790648
2025-01-20,107,Leather Desk Pad,Accessories,7.5,24.99,4,35,0,20,1,1,0,40.0,37.0,38.0,55.0,43.0,10.456258094238658,41.5,10.66085578899965,52.9,19.44993573254157
2025-01-21,107,Leather Desk Pad,Accessories,7.5,24.99,4,35,1,21,1,1,0,35.0,35.0,28.0,70.0,42.714285714285715,10.672617387724532,41.285714285714285,10.766247624501728,51.0,18.24545290542647
2025-01-22,107,Leather Desk Pad,Accessories,7.5,24.99,4,36,2,22,1,1,0,35.0,35.0,33.0,64.0,42.714285714285715,10.672617387724532,41.785714285714285,10.252043484320419,50.333333333333336,18.45840306413743
2025-01-23,107,Leather Desk Pad,Accessories,7.5,24.99,4,33,3,23,1,1,0,36.0,38.0,37.0,66.0,42.857142857142854,10.558228567150296,42.0,10.084260393916296,49.7,18.618029822802296
2025-01-24,107,Leather Desk Pad,Accessories,7.5,24.99,4,62,4,24,1,1,0,33.0,60.0,58.0,102.0,42.142857142857146,11.096975134821887,41.714285714285715,10.291359866999553,48.46666666666667,18.45167655840761
2025-01-25,107,Leather Desk Pad,Accessories,7.5,24.99,4,59,5,25,1,1,1,62.0,56.0,54.0,97.0,42.42857142857143,11.645559137243936,42.0,10.820209012626522,48.4,18.397151203754074
2025-01-26,107,Leather Desk Pad,Accessories,7.5,24.99,4,19,6,26,1,1,1,59.0,40.0,32.0,72.0,42.857142857142854,12.266873704256867,42.357142857142854,11.317835773389172,48.166666666666664,18.209666499499253
2025-01-27,107,Leather Desk Pad,Accessories,7.5,24.99,4,40,0,27,1,1,0,19.0,35.0,37.0,58.0,39.857142857142854,15.279927698657103,41.42857142857143,12.68381334138602,45.4,15.90835824555639
2025-01-28,107,Leather Desk Pad,Accessories,7.5,24.99,4,43,1,28,1,1,0,40.0,35.0,35.0,61.0,40.57142857142857,15.131172490999466,41.642857142857146,12.628460792116474,43.5,12.591047722831364
2025-01-29,107,Leather Desk Pad,Accessories,7.5,24.99,4,26,2,29,1,1,0,43.0,36.0,35.0,32.0,41.714285714285715,14.941154414505371,42.214285714285715,12.48493597795469,42.53333333333333,11.38278595476301
2025-01-30,107,Leather Desk Pad,Accessories,7.5,24.99,4,28,3,30,1,1,0,26.0,33.0,38.0,43.0,40.285714285714285,16.01784718903969,41.57142857142857,13.101463721598162,41.46666666666667,11.382785954763003
2025-01-31,107,Leather Desk Pad,Accessories,7.5,24.99,4,49,4,31,1,1,0,28.0,62.0,60.0,52.0,39.57142857142857,16.50108221559157,40.857142857142854,13.575187449376727,40.36666666666667,11.01874056678696
2025-02-01,107,Leather Desk Pad,Accessories,7.5,24.99,4,45,5,1,2,1,1,49.0,59.0,56.0,47.0,37.714285714285715,14.115172518892331,40.07142857142857,12.670160497522051,40.93333333333333,11.01075754020545
2025-02-02,107,Leather Desk Pad,Accessories,7.5,24.99,4,38,6,2,2,1,1,45.0,19.0,40.0,40.0,35.714285714285715,11.309498746839308,39.285714285714285,11.925593495494532,41.0,11.029740360216504
2025-02-03,107,Leather Desk Pad,Accessories,7.5,24.99,4,31,0,3,2,1,0,38.0,40.0,35.0,38.0,38.42857142857143,8.58015428876694,39.142857142857146,11.928357568656113,40.53333333333333,10.842869366175622
2025-02-04,107,Leather Desk Pad,Accessories,7.5,24.99,4,33,1,4,2,1,0,31.0,43.0,35.0,28.0,37.142857142857146,8.970852271450497,38.857142857142854,12.082136482345465,40.0,10.907131485472014
2025-02-05,107,Leather Desk Pad,Accessories,7.5,24.99,4,36,2,5,2,1,0,33.0,26.0,36.0,33.0,35.714285714285715,8.673989580238915,38.714285714285715,12.142921783926255,39.766666666666666,10.981750797332284
2025-02-06,107,Leather Desk Pad,Accessories,7.5,24.99,4,35,3,6,2,1,0,36.0,28.0,33.0,37.0,37.142857142857146,7.559289460184415,38.714285714285715,12.142921783926255,39.7,10.998902766592726
2025-02-07,107,Leather Desk Pad,Accessories,7.5,24.99,4,52,4,7,2,1,0,35.0,49.0,62.0,58.0,38.142857142857146,6.542898731412696,38.857142857142854,12.082136482345465,39.93333333333333,10.814847180622827
2025-02-08,107,Leather Desk Pad,Accessories,7.5,24.99,4,37,5,8,2,1,1,52.0,45.0,59.0,54.0,38.57142857142857,7.412987316350879,38.142857142857146,10.84050199559434,40.56666666666667,10.950305721864325
2025-02-09,107,Leather Desk Pad,Accessories,7.5,24.99,4,22,6,9,2,1,1,37.0,38.0,19.0,32.0,37.42857142857143,6.852180744287106,36.57142857142857,9.027430724990749,40.56666666666667,10.950305721864325
2025-02-10,107,Leather Desk Pad,Accessories,7.5,24.99,4,31,0,10,2,1,0,22.0,31.0,40.0,37.0,35.142857142857146,8.970852271450497,36.785714285714285,8.603921927090807,39.36666666666667,10.946526242676475
2025-02-11,107,Leather Desk Pad,Accessories,7.5,24.99,4,44,1,11,2,1,0,31.0,33.0,43.0,35.0,35.142857142857146,8.970852271450497,36.142857142857146,8.681165668424885,38.6,10.688698511140839
2025-02-12,107,Leather Desk Pad,Accessories,7.5,24.99,4,32,2,12,2,1,0,44.0,36.0,26.0,35.0,36.714285714285715,9.48181216354553,36.214285714285715,8.74579961976105,39.0,10.657682998501466
2025-02-13,107,Leather Desk Pad,Accessories,7.5,24.99,4,26,3,13,2,1,0,32.0,35.0,28.0,38.0,36.142857142857146,9.651054716602493,36.642857142857146,8.344571177230716,38.833333333333336,10.7288953486505
2025-02-14,107,Leather Desk Pad,Accessories,7.5,24.99,4,47,4,14,2,1,0,26.0,52.0,49.0,60.0,34.857142857142854,10.399175791516136,36.5,8.519209064046061,38.53333333333333,10.963051844587886
2025-02-15,107,Leather Desk Pad,Accessories,7.5,24.99,4,61,5,15,2,1,1,47.0,37.0,45.0,56.0,34.142857142857146,9.118270512704438,36.357142857142854,8.307615994765587,38.93333333333333,11.048274427080793
2025-02-16,107,Leather Desk Pad,Accessories,7.5,24.99,4,35,6,16,2,1,1,61.0,22.0,38.0,40.0,37.57142857142857,13.721724173212067,37.5,10.420025099630253,39.7,11.756582895523085
2025-02-17,107,Leather Desk Pad,Accessories,7.5,24.99,4,27,0,17,2,1,0,35.0,31.0,31.0,35.0,39.42857142857143,12.03961714309799,37.285714285714285,10.439780217466861,38.86666666666667,11.13779936579211
2025-02-18,107,Leather Desk Pad,Accessories,7.5,24.99,4,38,1,18,2,1,0,27.0,44.0,33.0,35.0,38.857142857142854,12.588732679511013,37.0,10.677078252031379,37.9,10.854365084117342
2025-02-19,107,Leather Desk Pad,Accessories,7.5,24.99,4,43,2,19,2,1,0,38.0,32.0,36.0,36.0,38.0,12.38278374733773,37.357142857142854,10.616439667270408,37.833333333333336,10.847161819583276
2025-02-20,107,Leather Desk Pad,Accessories,7.5,24.99,4,32,3,20,2,1,0,43.0,26.0,35.0,33.0,39.57142857142857,12.190941211368616,37.857142857142854,10.712014411269903,38.1,10.873409515085594
2025-02-21,107,Leather Desk Pad,Accessories,7.5,24.99,4,54,4,21,2,1,0,32.0,47.0,52.0,62.0,40.42857142857143,11.252512946850835,37.642857142857146,10.803184308748628,38.0,10.916611827535995
2025-02-22,107,Leather Desk Pad,Accessories,7.5,24.99,4,51,5,22,2,1,1,54.0,61.0,37.0,59.0,41.42857142857143,12.204604907672307,37.785714285714285,11.018715347629653,38.6,11.291131704679085
2025-02-23,107,Leather Desk Pad,Accessories,7.5,24.99,4,34,6,23,2,1,1,51.0,35.0,22.0,19.0,40.0,9.899494936611566,38.785714285714285,11.563726917381846,39.2,11.460276219815922
2025-02-24,107,Leather Desk Pad,Accessories,7.5,24.99,4,36,0,24,2,1,0,34.0,27.0,31.0,40.0,39.857142857142854,9.990471651004363,39.642857142857146,10.63092110385947,38.266666666666666,10.650994233446703
2025-02-25,107,Leather Desk Pad,Accessories,7.5,24.99,4,29,1,25,2,1,0,36.0,38.0,44.0,43.0,41.142857142857146,8.532849688675045,40.0,10.3997041378035,37.5,9.909069339368305
2025-02-26,107,Leather Desk Pad,Accessories,7.5,24.99,4,36,2,26,2,1,0,29.0,43.0,32.0,26.0,39.857142857142854,9.685531674075609,38.92857142857143,10.723549109063972,37.833333333333336,9.421484374348196
2025-02-27,107,Leather Desk Pad,Accessories,7.5,24.99,4,40,3,27,2,1,0,36.0,32.0,26.0,28.0,38.857142857142854,9.668308563352152,39.214285714285715,10.57703296646217,37.7,9.418067742376632
2025-02-28,107,Leather Desk Pad,Accessories,7.5,24.99,4,55,4,28,2,1,0,40.0,54.0,47.0,49.0,40.0,9.183318209303833,40.214285714285715,9.869756223539108,37.6,9.375683883101932
2025-03-01,107,Leather Desk Pad,Accessories,7.5,24.99,4,73,5,1,3,1,1,55.0,51.0,61.0,45.0,40.142857142857146,9.441549509633214,40.785714285714285,10.504054685461508,38.56666666666667,9.629993853019368
2025-03-02,107,Leather Desk Pad,Accessories,7.5,24.99,4,39,6,2,3,1,1,73.0,34.0,35.0,38.0,43.285714285714285,15.424161627289822,41.642857142857146,12.567400703389758,40.06666666666667,11.289095542199792
2025-03-03,107,Leather Desk Pad,Accessories,7.5,24.99,4,38,0,3,3,1,0,39.0,36.0,27.0,31.0,44.0,15.033296378372837,41.92857142857143,12.449678931382385,39.733333333333334,11.163157794908152
2025-03-04,107,Leather Desk Pad,Accessories,7.5,24.99,4,50,1,4,3,1,0,38.0,29.0,38.0,33.0,44.285714285714285,14.874074601066551,42.714285714285715,11.763231969727844,39.5,11.122360205986846
2025-03-05,107,Leather Desk Pad,Accessories,7.5,24.99,4,41,2,5,3,1,0,50.0,36.0,43.0,36.0,47.285714285714285,13.313079855468944,43.57142857142857,11.830301938498643,39.9,11.281201941343616
2025-03-06,107,Leather Desk Pad,Accessories,7.5,24.99,4,46,3,6,3,1,0,41.0,40.0,32.0,35.0,48.0,12.727922061357766,43.42857142857143,11.849792505254394,40.233333333333334,11.156205427484096
2025-03-07,107,Leather Desk Pad,Accessories,7.5,24.99,4,64,4,7,3,1,0,46.0,55.0,54.0,52.0,48.857142857142854,12.294017127971427,44.42857142857143,11.393076748718869,40.666666666666664,11.117967233370255
2025-03-08,107,Leather Desk Pad,Accessories,7.5,24.99,4,69,5,8,3,1,1,64.0,73.0,51.0,37.0,50.142857142857146,13.4589322437872,45.142857142857146,12.315450851281504,41.6,11.86301118952328
2025-03-09,107,Leather Desk Pad,Accessories,7.5,24.99,4,42,6,9,3,1,1,69.0,39.0,34.0,22.0,49.57142857142857,12.36739184114333,46.42857142857143,13.821467615017141,42.733333333333334,12.797988347670994
2025-03-10,107,Leather Desk Pad,Accessories,7.5,24.99,4,53,0,10,3,1,0,42.0,38.0,36.0,31.0,50.0,11.98610306424337,47.0,13.427869984018047,42.4,12.677974384054998
2025-03-11,107,Leather Desk Pad,Accessories,7.5,24.99,4,39,1,11,3,1,0,53.0,50.0,29.0,44.0,52.142857142857146,10.761483346152671,48.214285714285715,13.12178793767523,42.93333333333333,12.779113706608648
2025-03-12,107,Leather Desk Pad,Accessories,7.5,24.99,4,45,2,12,3,1,0,39.0,41.0,36.0,32.0,50.57142857142857,11.872336794093172,48.92857142857143,12.237799486171388,43.5,12.181812333316183
2025-03-13,107,Leather Desk Pad,Accessories,7.5,24.99,4,49,3,13,3,1,0,45.0,46.0,40.0,26.0,51.142857142857146,11.422617496711865,49.57142857142857,11.732363429776289,43.96666666666667,11.952444082288203
2025-03-14,107,Leather Desk Pad,Accessories,7.5,24.99,4,54,4,14,3,1,0,49.0,64.0,55.0,47.0,51.57142857142857,11.252512946850812,50.214285714285715,11.409702830543793,44.13333333333333,11.987733193829149
2025-03-15,107,Leather Desk Pad,Accessories,7.5,24.99,4,52,5,15,3,1,1,54.0,69.0,73.0,61.0,50.142857142857146,9.973775136636483,50.142857142857146,11.380530897830903,44.86666666666667,11.892429737335757
2025-03-16,107,Leather Desk Pad,Accessories,7.5,24.99,4,42,6,16,3,1,1,52.0,42.0,39.0,35.0,47.714285714285715,5.822779568621824,48.642857142857146,9.336505217174683,45.733333333333334,11.407599805977155
2025-03-17,107,Leather Desk Pad,Accessories,7.5,24.99,4,48,0,17,3,1,0,42.0,53.0,38.0,27.0,47.714285714285715,5.822779568621825,48.857142857142854,9.130314198462052,45.56666666666667,11.424967617348766
2025-03-18,107,Leather Desk Pad,Accessories,7.5,24.99,4,61,1,18,3,1,0,48.0,39.0,50.0,38.0,47.0,5.354126134736143,49.57142857142857,8.590820554650072,45.13333333333333,11.060128244356202
2025-03-19,107,Leather Desk Pad,Accessories,7.5,24.99,4,41,2,19,3,1,0,61.0,45.0,41.0,43.0,50.142857142857146,6.256425268702155,50.357142857142854,9.119776843230868,46.0,11.25564992225729
2025-03-20,107,Leather Desk Pad,Accessories,7.5,24.99,4,36,3,20,3,1,0,41.0,49.0,46.0,32.0,49.57142857142857,6.948792289722871,50.357142857142854,9.119776843230868,46.46666666666667,10.718123012894424
2025-03-21,107,Leather Desk Pad,Accessories,7.5,24.99,4,61,4,21,3,1,0,36.0,54.0,64.0,54.0,47.714285714285715,8.654753717163752,49.642857142857146,9.84969459001059,46.4,10.778650673661542
2025-03-22,107,Leather Desk Pad,Accessories,7.5,24.99,4,59,5,22,3,1,1,61.0,52.0,69.0,51.0,48.714285714285715,9.827076298239797,49.42857142857143,9.54111979973878,47.0,11.079648942527559
2025-03-23,107,Leather Desk Pad,Accessories,7.5,24.99,4,42,6,23,3,1,1,59.0,42.0,42.0,34.0,49.714285714285715,10.546947199929132,48.714285714285715,8.250208122582997,47.9,10.914558452218467
2025-03-24,107,Leather Desk Pad,Accessories,7.5,24.99,4,37,0,24,3,1,0,42.0,48.0,53.0,36.0,49.714285714285715,10.546947199929132,48.714285714285715,8.250208122582997,47.5,10.903178910062172
2025-03-25,107,Leather Desk Pad,Accessories,7.5,24.99,4,33,1,25,3,1,0,37.0,61.0,39.0,29.0,48.142857142857146,11.610750355145944,47.57142857142857,8.70644576174447,47.03333333333333,11.046869843232978
2025-03-26,107,Leather Desk Pad,Accessories,7.5,24.99,4,45,2,26,3,1,0,33.0,41.0,45.0,36.0,44.142857142857146,11.26097348409639,47.142857142857146,9.289010404005088,47.0,11.088981794618304
2025-03-27,107,Leather Desk Pad,Accessories,7.5,24.99,4,48,3,27,3,1,0,45.0,36.0,49.0,40.0,44.714285714285715,11.176079898817834,47.142857142857146,9.289010404005088,47.3,10.901281164820935
2025-03-28,107,Leather Desk Pad,Accessories,7.5,24.99,4,63,4,28,3,1,0,48.0,61.0,54.0,55.0,46.42857142857143,10.517559014288704,47.07142857142857,9.277468866637552,47.93333333333333,10.338856514285588
2025-03-29,107,Leather Desk Pad,Accessories,7.5,24.99,4,61,5,29,3,1,1,63.0,59.0,52.0,73.0,46.714285714285715,10.995670143504663,47.714285714285715,10.072266351251335,48.833333333333336,10.43893023100611
2025-03-30,107,Leather Desk Pad,Accessories,7.5,24.99,4,40,6,30,3,1,1,61.0,42.0,42.0,39.0,47.0,11.387127235025723,48.357142857142854,10.638154429708663,49.53333333333333,10.529869938396082
2025-03-31,107,Leather Desk Pad,Accessories,7.5,24.99,4,47,0,31,3,1,0,40.0,37.0,48.0,38.0,46.714285714285715,11.55731061153184,48.214285714285715,10.743001811043706,49.03333333333333,10.617108293021426
2025-04-01,107,Leather Desk Pad,Accessories,7.5,24.99,4,38,1,1,4,2,0,47.0,33.0,61.0,50.0,48.142857142857146,10.745984853711096,48.142857142857146,10.747859485333995,48.166666666666664,9.606331724201459
2025-04-02,107,Leather Desk Pad,Accessories,7.5,24.99,4,39,2,2,4,2,0,38.0,45.0,41.0,41.0,48.857142857142854,9.685531674075595,46.5,10.383048314810676,48.13333333333333,9.64090900469342
2025-04-03,107,Leather Desk Pad,Accessories,7.5,24.99,4,43,3,3,4,2,0,39.0,48.0,36.0,46.0,48.0,10.327955589886338,46.357142857142854,10.47786783108638,48.166666666666664,9.606331724201459
2025-04-04,107,Leather Desk Pad,Accessories,7.5,24.99,4,70,4,4,4,2,0,43.0,63.0,61.0,64.0,47.285714285714285,10.49943309127179,46.857142857142854,10.106031275029215,47.93333333333333,9.645200104584056
2025-04-05,107,Leather Desk Pad,Accessories,7.5,24.99,4,60,5,5,4,2,1,70.0,61.0,59.0,69.0,48.285714285714285,12.405835800330411,47.5,11.291589790636236,48.9,10.35357675994799
2025-04-06,107,Leather Desk Pad,Accessories,7.5,24.99,4,46,6,6,4,2,1,60.0,40.0,42.0,42.0,48.142857142857146,12.239670085812019,47.57142857142857,11.372803495209956,49.36666666666667,10.532325719301912
2025-04-07,107,Leather Desk Pad,Accessories,7.5,24.99,4,35,0,7,4,2,0,46.0,47.0,37.0,53.0,49.0,11.7756811551037,47.857142857142854,11.271865198579402,48.766666666666666,10.17665798855838
2025-04-08,107,Leather Desk Pad,Accessories,7.5,24.99,4,50,1,8,4,2,0,35.0,38.0,33.0,39.0,47.285714285714285,12.932056883500517,47.714285714285715,11.431593007158675,47.63333333333333,9.729029909939772
2025-04-09,107,Leather Desk Pad,Accessories,7.5,24.99,4,45,2,9,4,2,0,50.0,39.0,45.0,45.0,49.0,12.274635093014554,48.92857142857143,10.622648414621452,47.9,9.67880727904139
2025-04-10,107,Leather Desk Pad,Accessories,7.5,24.99,4,49,3,10,4,2,0,45.0,43.0,48.0,49.0,49.857142857142854,11.653734328940294,48.92857142857143,10.622648414621452,47.63333333333333,9.643591165883672
2025-04-11,107,Leather Desk Pad,Accessories,7.5,24.99,4,64,4,11,4,2,0,49.0,70.0,63.0,54.0,50.714285714285715,11.279986491042127,49.0,10.619285793744844,47.96666666666667,9.506742918557189
2025-04-12,107,Leather Desk Pad,Accessories,7.5,24.99,4,67,5,12,4,2,1,64.0,60.0,61.0,52.0,49.857142857142854,9.685531674075591,49.07142857142857,10.72354910906393,48.6,9.925932597546268
2025-04-13,107,Leather Desk Pad,Accessories,7.5,24.99,4,40,6,13,4,2,1,67.0,46.0,40.0,42.0,50.857142857142854,11.156889820921783,49.5,11.339176472606965,49.2,10.479536709949043
2025-04-14,107,Leather Desk Pad,Accessories,7.5,24.99,4,40,0,14,4,2,0,40.0,35.0,47.0,48.0,50.0,11.803954139750417,49.5,11.339176472606965,48.733333333333334,10.56974646005675
2025-04-15,107,Leather Desk Pad,Accessories,7.5,24.99,4,40,1,15,4,2,0,40.0,50.0,38.0,61.0,50.714285714285715,10.858395917664797,49.0,11.609015064562156,48.333333333333336,10.668462492506597
2025-04-16,107,Leather Desk Pad,Accessories,7.5,24.99,4,47,2,16,4,2,0,40.0,45.0,39.0,41.0,49.285714285714285,11.600492600378068,49.142857142857146,11.474769264361264,48.266666666666666,10.715548912946279
2025-04-17,107,Leather Desk Pad,Accessories,7.5,24.99,4,44,3,17,4,2,0,47.0,49.0,43.0,36.0,49.57142857142857,11.501552690211527,49.714285714285715,11.124668163960756,48.233333333333334,10.717962149759403
2025-04-18,107,Leather Desk Pad,Accessories,7.5,24.99,4,78,4,18,4,2,0,44.0,64.0,70.0,61.0,48.857142857142854,11.69656034095159,49.785714285714285,11.081367392912462,47.666666666666664,10.466146849966057
2025-04-19,107,Leather Desk Pad,Accessories,7.5,24.99,4,55,5,19,4,2,1,78.0,67.0,60.0,59.0,50.857142857142854,15.34523347740881,50.357142857142854,12.338851354451636,48.9,11.754236213617387
2025-04-20,107,Leather Desk Pad,Accessories,7.5,24.99,4,41,6,20,4,2,1,55.0,40.0,46.0,42.0,49.142857142857146,13.837492203292772,50.0,12.108483993274502,49.53333333333333,11.545213468056179
2025-04-21,107,Leather Desk Pad,Accessories,7.5,24.99,4,51,0,21,4,2,0,41.0,40.0,35.0,37.0,49.285714285714285,13.732131246511821,49.642857142857146,12.307640796595514,48.86666666666667,11.437184767340957
2025-04-22,107,Leather Desk Pad,Accessories,7.5,24.99,4,53,1,22,4,2,0,51.0,40.0,50.0,33.0,50.857142857142854,13.107613200332143,50.785714285714285,11.563726917381802,48.6,11.285022115083699
2025-04-23,107,Leather Desk Pad,Accessories,7.5,24.99,4,41,2,23,4,2,0,53.0,47.0,45.0,45.0,52.714285714285715,12.202653887772094,51.0,11.575836902790233,48.96666666666667,11.241804166571193
2025-04-24,107,Leather Desk Pad,Accessories,7.5,24.99,4,48,3,24,4,2,0,41.0,44.0,49.0,48.0,51.857142857142854,12.863754913561904,50.714285714285715,11.782833480753473,49.1,11.11801892549133
2025-04-25,107,Leather Desk Pad,Accessories,7.5,24.99,4,48,4,25,4,2,0,48.0,78.0,64.0,63.0,52.42857142857143,12.541360144964813,50.642857142857146,11.797047498011096,49.6,10.698372418914495
2025-04-26,107,Leather Desk Pad,Accessories,7.5,24.99,4,54,5,26,4,2,1,48.0,55.0,67.0,61.0,48.142857142857146,5.490251100164268,49.5,11.16140327543644,49.7,10.66786990339962
2025-04-27,107,Leather Desk Pad,Accessories,7.5,24.99,4,40,6,27,4,2,1,54.0,41.0,40.0,40.0,48.0,5.291502622128975,48.57142857142857,10.08208072018628,49.9,10.691117808723153
2025-04-28,107,Leather Desk Pad,Accessories,7.5,24.99,4,34,0,28,4,2,0,40.0,51.0,40.0,47.0,47.857142857142854,5.520524474738637,48.57142857142857,10.08208072018628,49.13333333333333,10.542960826471043
2025-04-29,107,Leather Desk Pad,Accessories,7.5,24.99,4,36,1,29,4,2,0,34.0,53.0,40.0,38.0,45.42857142857143,7.345228447936723,48.142857142857146,10.589233595112933,48.233333333333334,10.646946569996718
2025-04-30,107,Leather Desk Pad,Accessories,7.5,24.99,4,48,2,30,4,2,0,36.0,41.0,47.0,39.0,43.0,7.234178138070104,47.857142857142854,10.875923606099601,48.1,10.777850850958846
2025-05-01,107,Leather Desk Pad,Accessories,7.5,24.99,4,42,3,1,5,2,0,48.0,48.0,44.0,43.0,44.0,7.393691004272813,47.92857142857143,10.87314465668856,48.13333333333333,10.775877701137949
2025-05-02,107,Leather Desk Pad,Accessories,7.5,24.99,4,48,4,2,5,2,0,42.0,48.0,78.0,70.0,43.142857142857146,7.197883286739366,47.785714285714285,10.941653449994678,48.266666666666666,10.670401644941247
2025-05-03,107,Leather Desk Pad,Accessories,7.5,24.99,4,64,5,3,5,2,1,48.0,54.0,55.0,60.0,43.142857142857146,7.197883286739366,45.642857142857146,6.674949067591852,48.56666666666667,10.526430882613248
2025-05-04,107,Leather Desk Pad,Accessories,7.5,24.99,4,44,6,4,5,2,1,64.0,40.0,41.0,46.0,44.57142857142857,10.113640011672963,46.285714285714285,7.955922529581567,49.266666666666666,10.837143450232482
2025-05-05,107,Leather Desk Pad,Accessories,7.5,24.99,4,33,0,5,5,2,0,44.0,34.0,51.0,35.0,45.142857142857146,9.923517041663628,46.5,7.842193570679077,48.4,10.139033484509117
2025-05-06,107,Leather Desk Pad,Accessories,7.5,24.99,4,39,1,6,5,2,0,33.0,36.0,53.0,50.0,45.0,10.11599393699558,45.214285714285715,8.495958961842916,47.5,10.271319292086918
2025-05-07,107,Leather Desk Pad,Accessories,7.5,24.99,4,42,2,7,5,2,0,39.0,48.0,41.0,45.0,45.42857142857143,9.727232269204103,44.214285714285715,8.331391715199102,47.266666666666666,10.38544516447729
2025-05-08,107,Leather Desk Pad,Accessories,7.5,24.99,4,52,3,8,5,2,0,42.0,42.0,48.0,49.0,44.57142857142857,9.727232269204105,44.285714285714285,8.305962375848527,47.5,10.176883880502828
2025-05-09,107,Leather Desk Pad,Accessories,7.5,24.99,4,64,4,9,5,2,0,52.0,48.0,48.0,64.0,46.0,10.01665280087771,44.57142857142857,8.509852079653484,47.56666666666667,10.2003493291543
2025-05-10,107,Leather Desk Pad,Accessories,7.5,24.99,4,62,5,10,5,2,1,64.0,64.0,54.0,67.0,48.285714285714285,12.147898113312706,45.714285714285715,9.957050624700942,48.2,10.616837635534765
2025-05-11,107,Leather Desk Pad,Accessories,7.5,24.99,4,41,6,11,5,2,1,62.0,44.0,40.0,40.0,48.0,11.73314393786527,46.285714285714285,10.672960597326695,48.63333333333333,10.911820017391744
2025-05-12,107,Leather Desk Pad,Accessories,7.5,24.99,4,42,0,12,5,2,0,41.0,33.0,34.0,40.0,47.57142857142857,11.956269524913647,46.357142857142854,10.63092110385943,47.86666666666667,10.598416711075584
2025-05-13,107,Leather Desk Pad,Accessories,7.5,24.99,4,39,1,13,5,2,0,42.0,39.0,36.0,40.0,48.857142857142854,10.526610271569934,46.92857142857143,10.118256810296975,47.03333333333333,10.008559555091479
2025-05-14,107,Leather Desk Pad,Accessories,7.5,24.99,4,50,2,14,5,2,0,39.0,42.0,48.0,47.0,48.857142857142854,10.526610271569934,47.142857142857146,9.89838481662651,47.0,10.03442350971946
2025-05-15,107,Leather Desk Pad,Accessories,7.5,24.99,4,47,3,15,5,2,0,50.0,52.0,42.0,44.0,50.0,10.082988974836006,47.285714285714285,9.926100570086563,47.333333333333336,9.959688865564399
2025-05-16,107,Leather Desk Pad,Accessories,7.5,24.99,4,56,4,16,5,2,0,47.0,64.0,48.0,78.0,49.285714285714285,10.094788848943782,47.642857142857146,9.810568421210517,47.56666666666667,9.863493587321043
2025-05-17,107,Leather Desk Pad,Accessories,7.5,24.99,4,60,5,17,5,2,1,56.0,62.0,64.0,55.0,48.142857142857146,8.47405002401577,48.214285714285715,10.062715426674949,47.86666666666667,9.981822559492448
2025-05-18,107,Leather Desk Pad,Accessories,7.5,24.99,4,41,6,18,5,2,1,60.0,41.0,44.0,41.0,47.857142857142854,7.946247991527513,47.92857142857143,9.627399087334721,48.4,10.193304090228013
2025-05-19,107,Leather Desk Pad,Accessories,7.5,24.99,4,38,0,19,5,2,0,41.0,42.0,33.0,51.0,47.857142857142854,7.946247991527513,47.714285714285715,9.75412000863519,47.166666666666664,8.602659305495807
2025-05-20,107,Leather Desk Pad,Accessories,7.5,24.99,4,34,1,20,5,2,0,38.0,39.0,39.0,53.0,47.285714285714285,8.557925872435046,48.07142857142857,9.252561272960603,46.6,8.628741067721862
2025-05-21,107,Leather Desk Pad,Accessories,7.5,24.99,4,39,2,21,5,2,0,34.0,50.0,42.0,41.0,46.57142857142857,9.519403742832088,47.714285714285715,9.71460891511473,46.36666666666667,8.876483201301356
2025-05-22,107,Leather Desk Pad,Accessories,7.5,24.99,4,50,3,22,5,2,0,39.0,47.0,52.0,48.0,45.0,9.763879010584438,47.5,9.881996061213867,45.96666666666667,8.93070385044563
2025-05-23,107,Leather Desk Pad,Accessories,7.5,24.99,4,61,4,23,5,2,0,50.0,56.0,64.0,48.0,45.42857142857143,9.930712341974548,47.357142857142854,9.826237583884549,45.86666666666667,8.865793751862903
2025-05-24,107,Leather Desk Pad,Accessories,7.5,24.99,4,51,5,24,5,2,1,61.0,60.0,62.0,54.0,46.142857142857146,10.945753688509612,47.142857142857146,9.461315105020217,46.53333333333333,9.231629785998992
2025-05-25,107,Leather Desk Pad,Accessories,7.5,24.99,4,48,6,25,5,2,1,51.0,41.0,41.0,40.0,44.857142857142854,9.476788686549988,46.357142857142854,8.544968315709761,46.63333333333333,9.264255867667186
2025-05-26,107,Leather Desk Pad,Accessories,7.5,24.99,4,39,0,26,5,2,0,48.0,38.0,42.0,34.0,45.857142857142854,9.370673604897451,46.857142857142854,8.411138611820219,46.63333333333333,9.264255867667186
2025-05-27,107,Leather Desk Pad,Accessories,7.5,24.99,4,42,1,27,5,2,0,39.0,34.0,39.0,36.0,46.0,9.237604307033903,46.642857142857146,8.580901358940583,46.13333333333333,9.257739849792356
2025-05-28,107,Leather Desk Pad,Accessories,7.5,24.99,4,35,2,28,5,2,0,42.0,39.0,50.0,48.0,47.142857142857146,7.904188160474697,46.857142857142854,8.411138611820219,46.2,9.219170431675101
2025-05-29,107,Leather Desk Pad,Accessories,7.5,24.99,4,43,3,29,5,2,0,35.0,50.0,47.0,42.0,46.57142857142857,8.695921320886336,45.785714285714285,8.919973882581397,46.233333333333334,9.175241548387758
2025-05-30,107,Leather Desk Pad,Accessories,7.5,24.99,4,56,4,30,5,2,0,43.0,61.0,56.0,48.0,45.57142857142857,8.638231741452971,45.5,8.942121586152732,46.46666666666667,8.993228614882248
2025-05-31,107,Leather Desk Pad,Accessories,7.5,24.99,4,69,5,31,5,2,1,56.0,51.0,60.0,64.0,44.857142857142854,7.244045173533124,45.5,8.942121586152732,46.733333333333334,9.15737250876934
2025-06-01,107,Leather Desk Pad,Accessories,7.5,24.99,4,40,6,1,6,2,1,69.0,48.0,41.0,44.0,47.42857142857143,11.645559137243925,46.142857142857146,10.287087820378321,47.63333333333333,9.967129885825527
2025-06-02,107,Leather Desk Pad,Accessories,7.5,24.99,4,41,0,2,6,2,0,40.0,39.0,38.0,33.0,46.285714285714285,11.968211864689446,46.07142857142857,10.328930883049482,47.36666666666667,10.06353380496508
2025-06-03,107,Leather Desk Pad,Accessories,7.5,24.99,4,48,1,3,6,2,0,41.0,42.0,34.0,39.0,46.57142857142857,11.787806452108844,46.285714285714285,10.178624445591643,46.6,9.618946820262142
2025-06-04,107,Leather Desk Pad,Accessories,7.5,24.99,4,44,2,4,6,2,0,48.0,35.0,39.0,42.0,47.42857142857143,11.616900660347355,47.285714285714285,9.546876826630651,46.733333333333334,9.609382388325182
2025-06-05,107,Leather Desk Pad,Accessories,7.5,24.99,4,40,3,5,6,2,0,44.0,43.0,50.0,52.0,48.714285714285715,10.451702982676697,47.642857142857146,9.303491014395899,47.1,9.271201238986773
2025-06-06,107,Leather Desk Pad,Accessories,7.5,24.99,4,67,4,6,6,2,0,40.0,56.0,61.0,64.0,48.285714285714285,10.781377242175186,46.92857142857143,9.490596850115843,47.13333333333333,9.242828844973168
2025-06-07,107,Leather Desk Pad,Accessories,7.5,24.99,4,57,5,7,6,2,1,67.0,69.0,51.0,62.0,49.857142857142854,12.720437249148373,47.357142857142854,10.277736527653758,47.96666666666667,9.869784378503809
2025-06-08,107,Leather Desk Pad,Accessories,7.5,24.99,4,47,6,8,6,2,1,57.0,40.0,48.0,41.0,48.142857142857146,10.286375640113556,47.785714285714285,10.562477648067912,48.13333333333333,9.981822559492446
2025-06-09,107,Leather Desk Pad,Accessories,7.5,24.99,4,31,0,9,6,2,0,47.0,41.0,39.0,42.0,49.142857142857146,9.68553167407559,47.714285714285715,10.564298159574813,47.56666666666667,9.521964928099182
2025-06-10,107,Leather Desk Pad,Accessories,7.5,24.99,4,37,1,10,6,2,0,31.0,48.0,42.0,39.0,47.714285714285715,11.629191512658695,47.142857142857146,11.265038788264294,46.53333333333333,9.583510742985382
2025-06-11,107,Leather Desk Pad,Accessories,7.5,24.99,4,44,2,11,6,2,0,37.0,44.0,35.0,50.0,46.142857142857146,12.3075663912972,46.785714285714285,11.517068079283778,46.4,9.690379160582868
2025-06-12,107,Leather Desk Pad,Accessories,7.5,24.99,4,36,3,12,6,2,0,44.0,40.0,43.0,47.0,46.142857142857146,12.3075663912972,47.42857142857143,11.050334389053132,46.46666666666667,9.665913565590577
2025-06-13,107,Leather Desk Pad,Accessories,7.5,24.99,4,63,4,13,6,2,0,36.0,67.0,56.0,56.0,45.57142857142857,12.726051271010144,46.92857142857143,11.418367697666817,46.36666666666667,9.76087663295028
2025-06-14,107,Leather Desk Pad,Accessories,7.5,24.99,4,73,5,14,6,2,1,63.0,57.0,69.0,60.0,45.0,11.647603473104013,47.42857142857143,11.98533902934547,46.8,10.206150951332045
2025-06-15,107,Leather Desk Pad,Accessories,7.5,24.99,4,47,6,15,6,2,1,73.0,47.0,40.0,41.0,47.285714285714285,15.370038882126911,47.714285714285715,12.572427532737432,47.666666666666664,11.271977256203307
2025-06-16,107,Leather Desk Pad,Accessories,7.5,24.99,4,46,0,16,6,2,0,47.0,31.0,41.0,38.0,47.285714285714285,15.370038882126911,48.214285714285715,12.379751280144603,47.36666666666667,11.161767667858937
2025-06-17,107,Leather Desk Pad,Accessories,7.5,24.99,4,50,1,17,6,2,0,46.0,37.0,48.0,34.0,49.42857142857143,13.673053095500604,48.57142857142857,12.226794571534505,46.9,10.905076325050143
2025-06-18,107,Leather Desk Pad,Accessories,7.5,24.99,4,48,2,18,6,2,0,50.0,44.0,44.0,39.0,51.285714285714285,12.539461521057945,48.714285714285715,12.231287569360626,47.2,10.860875687054518
2025-06-19,107,Leather Desk Pad,Accessories,7.5,24.99,4,52,3,19,6,2,0,48.0,36.0,40.0,50.0,51.857142857142854,12.23967008581201,49.0,12.159200378567416,47.53333333333333,10.721339768740586
2025-06-20,107,Leather Desk Pad,Accessories,7.5,24.99,4,68,4,20,6,2,0,52.0,63.0,67.0,61.0,54.142857142857146,10.090070555230088,49.857142857142854,11.896070087070086,48.13333333333333,10.437774017326612
2025-06-21,107,Leather Desk Pad,Accessories,7.5,24.99,4,61,5,21,6,2,1,68.0,73.0,57.0,51.0,54.857142857142854,10.96096971726747,49.92857142857143,12.00938277869745,49.1,10.895585945851895
2025-06-22,107,Leather Desk Pad,Accessories,7.5,24.99,4,57,6,22,6,2,1,61.0,47.0,47.0,48.0,53.142857142857146,8.254868693253373,50.214285714285715,12.236003441474686,49.46666666666667,11.109900317170645
2025-06-23,107,Leather Desk Pad,Accessories,7.5,24.99,4,54,0,23,6,2,0,57.0,46.0,31.0,39.0,54.57142857142857,7.8709834806317795,50.92857142857143,12.325485078388704,49.333333333333336,10.990068661996585
2025-06-24,107,Leather Desk Pad,Accessories,7.5,24.99,4,49,1,24,6,2,0,54.0,50.0,37.0,42.0,55.714285714285715,6.945365018348035,52.57142857142857,10.917271325144089,49.43333333333333,11.019366441933325
2025-06-25,107,Leather Desk Pad,Accessories,7.5,24.99,4,42,2,25,6,2,0,49.0,48.0,44.0,35.0,55.57142857142857,7.091242083423161,53.42857142857143,10.036198220704634,49.46666666666667,11.016393218300943
2025-06-26,107,Leather Desk Pad,Accessories,7.5,24.99,4,41,3,26,6,2,0,42.0,52.0,36.0,43.0,54.714285714285715,8.400680244565079,53.285714285714285,10.19372787120041,49.56666666666667,10.93139525855907
2025-06-27,107,Leather Desk Pad,Accessories,7.5,24.99,4,67,4,27,6,2,0,41.0,68.0,63.0,56.0,53.142857142857146,9.8898697569544,53.642857142857146,9.612549032441866,49.53333333333333,10.956759316177425
2025-06-28,107,Leather Desk Pad,Accessories,7.5,24.99,4,66,5,28,6,2,1,67.0,61.0,73.0,69.0,53.0,9.643650760992825,53.92857142857143,9.965048810828673,50.6,11.050354963872588
2025-06-29,107,Leather Desk Pad,Accessories,7.5,24.99,4,42,6,29,6,2,1,66.0,57.0,47.0,40.0,53.714285714285715,10.48354720048321,53.42857142857143,9.069935846726613,51.36666666666667,11.299933882422671
2025-06-30,107,Leather Desk Pad,Accessories,7.5,24.99,4,43,0,30,6,2,0,42.0,54.0,46.0,41.0,51.57142857142857,11.207990347026765,53.07142857142857,9.43368991935317,50.9,11.390710068387586
2025-07-01,107,Leather Desk Pad,Accessories,7.5,24.99,4,48,1,1,7,3,0,43.0,49.0,50.0,48.0,50.0,11.575836902790122,52.857142857142854,9.638521613873108,50.03333333333333,10.946526242676551
2025-07-02,107,Leather Desk Pad,Accessories,7.5,24.99,4,52,2,2,7,3,0,48.0,42.0,48.0,44.0,49.857142857142854,11.596386957849763,52.714285714285715,9.698759408601402,50.3,10.790001757693636
2025-07-03,107,Leather Desk Pad,Accessories,7.5,24.99,4,48,3,3,7,3,0,52.0,41.0,52.0,40.0,51.285714285714285,11.071198154284211,53.0,9.607689228305237,50.666666666666664,10.649051546995725
2025-07-04,107,Leather Desk Pad,Accessories,7.5,24.99,4,68,4,4,7,3,0,48.0,67.0,68.0,67.0,52.285714285714285,10.274795792200743,52.714285714285715,9.698759408601402,50.666666666666664,10.649051546995725
2025-07-05,107,Leather Desk Pad,Accessories,7.5,24.99,4,63,5,5,7,3,1,68.0,66.0,61.0,57.0,52.42857142857143,10.517559014288683,52.714285714285715,9.698759408601402,51.46666666666667,11.025779613793825
2025-07-06,107,Leather Desk Pad,Accessories,7.5,24.99,4,35,6,6,7,3,1,63.0,42.0,57.0,47.0,52.0,9.916316520428888,52.857142857142854,9.843835578731445,52.233333333333334,11.000574697630963
2025-07-07,107,Leather Desk Pad,Accessories,7.5,24.99,4,37,0,7,7,3,0,35.0,43.0,54.0,31.0,51.0,11.343133018115596,51.285714285714285,10.8374604705415,51.166666666666664,11.070567793223853
2025-07-08,107,Leather Desk Pad,Accessories,7.5,24.99,4,47,1,8,7,3,0,37.0,48.0,49.0,37.0,50.142857142857146,12.239670085812012,50.07142857142857,11.445283111155689,50.5,11.306848702720144
2025-07-09,107,Leather Desk Pad,Accessories,7.5,24.99,4,45,2,9,7,3,0,47.0,52.0,42.0,44.0,50.0,12.274635093014549,49.92857142857143,11.472135377073016,50.5,11.306848702720144
2025-07-10,107,Leather Desk Pad,Accessories,7.5,24.99,4,37,3,10,7,3,0,45.0,48.0,41.0,36.0,49.0,12.369316876852887,50.142857142857146,11.339903288538519,50.96666666666667,10.74944532116151
2025-07-11,107,Leather Desk Pad,Accessories,7.5,24.99,4,65,4,11,7,3,0,37.0,68.0,67.0,63.0,47.42857142857143,13.189100839419597,49.857142857142854,11.634545000241198,50.96666666666667,10.74944532116151
2025-07-12,107,Leather Desk Pad,Accessories,7.5,24.99,4,60,5,12,7,3,1,65.0,63.0,66.0,73.0,47.0,12.43650540411833,49.714285714285715,11.418127095702978,51.666666666666664,10.961793627879855
2025-07-13,107,Leather Desk Pad,Accessories,7.5,24.99,4,41,6,13,7,3,1,60.0,35.0,42.0,47.0,46.57142857142857,11.830147123023396,49.285714285714285,10.858733255407282,52.46666666666667,10.650346710669513
2025-07-14,107,Leather Desk Pad,Accessories,7.5,24.99,4,42,0,14,7,3,0,41.0,37.0,43.0,46.0,47.42857142857143,11.043205193800336,49.214285714285715,10.913496030346817,51.733333333333334,10.6574672974117
2025-07-15,107,Leather Desk Pad,Accessories,7.5,24.99,4,34,1,15,7,3,0,42.0,47.0,48.0,50.0,48.142857142857146,10.399175791516118,49.142857142857146,10.960468426662624,50.7,10.007411046922492
2025-07-16,107,Leather Desk Pad,Accessories,7.5,24.99,4,33,2,16,7,3,0,34.0,45.0,52.0,48.0,46.285714285714285,11.714866419985038,48.142857142857146,11.687318195095346,50.266666666666666,10.445039520016664
2025-07-17,107,Leather Desk Pad,Accessories,7.5,24.99,4,34,3,17,7,3,0,33.0,37.0,48.0,52.0,44.57142857142857,12.76528029274637,46.785714285714285,12.292452790407443,49.833333333333336,10.88840995115288
2025-07-18,107,Leather Desk Pad,Accessories,7.5,24.99,4,61,4,18,7,3,0,34.0,65.0,68.0,68.0,44.142857142857146,13.107613200332153,45.785714285714285,12.747117752221916,49.3,11.265296114693182
2025-07-19,107,Leather Desk Pad,Accessories,7.5,24.99,4,68,5,19,7,3,1,61.0,60.0,63.0,61.0,43.57142857142857,12.094863136295185,45.285714285714285,11.919141498695877,49.733333333333334,11.461880851050381
2025-07-20,107,Leather Desk Pad,Accessories,7.5,24.99,4,41,6,20,7,3,1,68.0,41.0,35.0,57.0,44.714285714285715,14.115172518892326,45.642857142857146,12.549024742107337,50.266666666666666,11.933532394152879
2025-07-21,107,Leather Desk Pad,Accessories,7.5,24.99,4,43,0,21,7,3,0,41.0,42.0,37.0,54.0,44.714285714285715,14.115172518892326,46.07142857142857,12.256642065642403,49.36666666666667,11.562374572168277
2025-07-22,107,Leather Desk Pad,Accessories,7.5,24.99,4,44,1,22,7,3,0,43.0,34.0,47.0,49.0,44.857142857142854,14.088157809883743,46.5,12.017615276046953,48.766666666666666,11.403820694696083
2025-07-23,107,Leather Desk Pad,Accessories,7.5,24.99,4,29,2,23,7,3,0,44.0,33.0,45.0,42.0,46.285714285714285,13.288018233409614,46.285714285714285,12.034748224834825,48.333333333333336,11.326908253124929
2025-07-24,107,Leather Desk Pad,Accessories,7.5,24.99,4,44,3,24,7,3,0,29.0,34.0,37.0,41.0,45.714285714285715,14.020393310154548,45.142857142857146,12.895181824453443,47.5,11.805171280651292
2025-07-25,107,Leather Desk Pad,Accessories,7.5,24.99,4,76,4,25,7,3,0,44.0,61.0,65.0,67.0,47.142857142857146,13.107613200332148,45.642857142857146,12.689227065368627,47.333333333333336,11.818551557595246
2025-07-26,107,Leather Desk Pad,Accessories,7.5,24.99,4,63,5,26,7,3,1,76.0,68.0,60.0,66.0,49.285714285714285,16.5299151612491,46.42857142857143,14.227353317380663,48.46666666666667,12.872674435657641
2025-07-27,107,Leather Desk Pad,Accessories,7.5,24.99,4,35,6,27,7,3,1,63.0,41.0,41.0,42.0,48.57142857142857,15.672238117736892,46.642857142857146,14.468039805867827,49.2,13.057960975113357
2025-07-28,107,Leather Desk Pad,Accessories,7.5,24.99,4,50,0,28,7,3,0,35.0,43.0,42.0,43.0,47.714285714285715,16.30658645777097,46.214285714285715,14.734462854288097,48.13333333333333,12.859273678564696
2025-07-29,107,Leather Desk Pad,Accessories,7.5,24.99,4,53,1,29,7,3,0,50.0,44.0,34.0,48.0,48.714285714285715,16.18347187425367,46.785714285714285,14.713565543029029,47.6,12.416896163889927
2025-07-30,107,Leather Desk Pad,Accessories,7.5,24.99,4,45,2,30,7,3,0,53.0,29.0,33.0,52.0,50.0,16.103829772241472,48.142857142857146,14.314366870424239,47.96666666666667,12.408237901333486
2025-07-31,107,Leather Desk Pad,Accessories,7.5,24.99,4,45,3,31,7,3,0,45.0,44.0,34.0,48.0,52.285714285714285,13.561148989107055,49.0,13.683229488347015,48.03333333333333,12.385985777408184
2025-08-01,107,Leather Desk Pad,Accessories,7.5,24.99,4,59,4,1,8,3,0,45.0,76.0,61.0,68.0,52.42857142857143,13.464238347775623,49.785714285714285,13.057144059441601,47.93333333333333,12.398368450319659
2025-08-02,107,Leather Desk Pad,Accessories,7.5,24.99,4,64,5,2,8,3,1,59.0,63.0,68.0,63.0,50.0,9.433981132056473,49.642857142857146,12.935384641524037,48.166666666666664,12.54257118592595
2025-08-03,107,Leather Desk Pad,Accessories,7.5,24.99,4,40,6,3,8,3,1,64.0,35.0,41.0,35.0,50.142857142857146,9.668308563352124,49.357142857142854,12.53675913744576,48.7,12.871111732922541
2025-08-04,107,Leather Desk Pad,Accessories,7.5,24.99,4,34,0,4,8,3,0,40.0,50.0,43.0,37.0,50.857142857142854,8.474050024015748,49.285714285714285,12.590769338188696,47.766666666666666,12.431004989841654
2025-08-05,107,Leather Desk Pad,Accessories,7.5,24.99,4,39,1,5,8,3,0,34.0,53.0,44.0,47.0,48.57142857142857,10.627905765125066,48.642857142857146,13.15357303231649,46.8,12.332743073790784
2025-08-06,107,Leather Desk Pad,Accessories,7.5,24.99,4,50,2,6,8,3,0,39.0,45.0,29.0,45.0,46.57142857142857,10.967484410096604,48.285714285714285,13.355658964410047,46.93333333333333,12.221894805785018
2025-08-07,107,Leather Desk Pad,Accessories,7.5,24.99,4,42,3,7,8,3,0,50.0,45.0,44.0,37.0,47.285714285714285,11.010817192111263,49.785714285714285,12.14767196074763,47.36666666666667,12.087278388891828
2025-08-08,107,Leather Desk Pad,Accessories,7.5,24.99,4,53,4,8,8,3,0,42.0,59.0,76.0,65.0,46.857142857142854,11.17181828573673,49.642857142857146,12.232410560959284,47.2,12.126915063836885
2025-08-09,107,Leather Desk Pad,Accessories,7.5,24.99,4,57,5,9,8,3,1,53.0,64.0,63.0,60.0,46.0,10.27942929673941,48.0,9.703290480751685,47.46666666666667,12.164769179700823
2025-08-10,107,Leather Desk Pad,Accessories,7.5,24.99,4,47,6,10,8,3,1,57.0,40.0,35.0,41.0,45.0,8.406346808612202,47.57142857142857,9.103797058322476,48.13333333333333,12.119330052421919
2025-08-11,107,Leather Desk Pad,Accessories,7.5,24.99,4,45,0,11,8,3,0,47.0,34.0,50.0,42.0,46.0,8.124038404635828,48.42857142857143,8.363972976764336,47.53333333333333,11.693597816115203
2025-08-12,107,Leather Desk Pad,Accessories,7.5,24.99,4,40,1,12,8,3,0,45.0,39.0,53.0,34.0,47.57142857142857,6.267831705279907,48.07142857142857,8.398390740669734,47.03333333333333,11.46052695825616
2025-08-13,107,Leather Desk Pad,Accessories,7.5,24.99,4,44,2,13,8,3,0,40.0,50.0,45.0,33.0,47.714285714285715,6.047431568147447,47.142857142857146,8.52920000628739,47.0,11.480117745401069
2025-08-14,107,Leather Desk Pad,Accessories,7.5,24.99,4,43,3,14,8,3,0,44.0,42.0,45.0,34.0,46.857142857142854,6.09449400220026,47.07142857142857,8.552680962619366,47.06666666666667,11.455862324992914
2025-08-15,107,Leather Desk Pad,Accessories,7.5,24.99,4,56,4,15,8,3,0,43.0,53.0,59.0,61.0,47.0,5.972157622389453,46.92857142857143,8.606475967051127,47.36666666666667,11.217238375892968
2025-08-16,107,Leather Desk Pad,Accessories,7.5,24.99,4,57,5,16,8,3,1,56.0,57.0,64.0,68.0,47.42857142857143,6.553806600165944,46.714285714285715,8.315218406203003,48.13333333333333,10.985047308401223
2025-08-17,107,Leather Desk Pad,Accessories,7.5,24.99,4,49,6,17,8,3,1,57.0,47.0,40.0,41.0,47.42857142857143,6.553806600165944,46.214285714285715,7.350338259391371,48.9,10.765045605874075
2025-08-18,107,Leather Desk Pad,Accessories,7.5,24.99,4,34,0,18,8,3,0,49.0,45.0,34.0,43.0,47.714285714285715,6.575568054403584,46.857142857142854,7.156031806021496,48.5,10.520095712164428
2025-08-19,107,Leather Desk Pad,Accessories,7.5,24.99,4,48,1,19,8,3,0,34.0,40.0,39.0,44.0,46.142857142857146,8.39500985563378,46.857142857142854,7.156031806021496,47.36666666666667,10.172591075797701
2025-08-20,107,Leather Desk Pad,Accessories,7.5,24.99,4,39,2,20,8,3,0,48.0,44.0,50.0,29.0,47.285714285714285,7.952238379103897,47.5,6.79083092230875,47.6,10.101553311760602
2025-08-21,107,Leather Desk Pad,Accessories,7.5,24.99,4,32,3,21,8,3,0,39.0,43.0,42.0,44.0,46.57142857142857,8.502100580780734,46.714285714285715,7.108267899247509,47.46666666666667,10.190371836244067
2025-08-22,107,Leather Desk Pad,Accessories,7.5,24.99,4,56,4,22,8,3,0,32.0,56.0,53.0,76.0,45.0,10.132456102380344,46.0,8.057485769337541,47.06666666666667,10.559954719512655
2025-08-23,107,Leather Desk Pad,Accessories,7.5,24.99,4,65,5,23,8,3,1,56.0,57.0,57.0,63.0,45.0,10.132456102380344,46.214285714285715,8.294377812512725,47.96666666666667,10.107980231866945
2025-08-24,107,Leather Desk Pad,Accessories,7.5,24.99,4,47,6,24,8,3,1,65.0,49.0,47.0,35.0,46.142857142857146,11.99206086581959,46.785714285714285,9.308214498111719,48.666666666666664,10.541652469210232
2025-08-25,107,Leather Desk Pad,Accessories,7.5,24.99,4,44,0,25,8,3,0,47.0,34.0,45.0,50.0,45.857142857142854,11.936339073442426,46.785714285714285,9.308214498111719,47.7,9.19201302480978
2025-08-26,107,Leather Desk Pad,Accessories,7.5,24.99,4,31,1,26,8,3,0,44.0,48.0,40.0,53.0,47.285714285714285,10.827654189070364,46.714285714285715,9.326789961664787,47.06666666666667,8.74517929602
2025-08-27,107,Leather Desk Pad,Accessories,7.5,24.99,4,38,2,27,8,3,0,31.0,39.0,44.0,45.0,44.857142857142854,12.428845098245793,46.07142857142857,10.10304056071382,46.93333333333333,8.963271159853086
2025-08-28,107,Leather Desk Pad,Accessories,7.5,24.99,4,41,3,28,8,3,0,38.0,32.0,43.0,45.0,44.714285714285715,12.5128505374046,45.642857142857146,10.322545473619629,46.53333333333333,9.088580684054648
2025-08-29,107,Leather Desk Pad,Accessories,7.5,24.99,4,78,4,29,8,3,0,41.0,56.0,56.0,59.0,46.0,11.401754250991287,45.5,10.375637144476777,46.13333333333333,9.058177229036763
2025-08-30,107,Leather Desk Pad,Accessories,7.5,24.99,4,66,5,30,8,3,1,78.0,65.0,57.0,64.0,49.142857142857146,16.506852833783555,47.07142857142857,13.332806766159042,47.233333333333334,10.759705589272079
2025-08-31,107,Leather Desk Pad,Accessories,7.5,24.99,4,44,6,31,8,3,1,66.0,47.0,49.0,40.0,49.285714285714285,16.67047575520146,47.714285714285715,14.046234488171674,47.93333333333333,11.27992826259069
2025-09-01,107,Leather Desk Pad,Accessories,7.5,24.99,4,37,0,1,9,3,0,44.0,44.0,34.0,34.0,48.857142857142854,16.777252172992696,47.357142857142854,14.074565946891813,47.43333333333333,11.103535731789364
2025-09-02,107,Leather Desk Pad,Accessories,7.5,24.99,4,42,1,2,9,3,0,37.0,31.0,48.0,39.0,47.857142857142854,17.315008628629716,47.57142857142857,13.877010793806734,46.53333333333333,10.80463927602648
2025-09-03,107,Leather Desk Pad,Accessories,7.5,24.99,4,49,2,3,9,3,0,42.0,38.0,39.0,50.0,49.42857142857143,15.977662979475815,47.142857142857146,13.95518730606124,46.6,10.769048880616152
2025-09-04,107,Leather Desk Pad,Accessories,7.5,24.99,4,33,3,4,9,3,0,49.0,41.0,32.0,42.0,51.0,15.18771433319261,47.857142857142854,13.760909757811705,47.1,10.508945286491858
2025-09-05,107,Leather Desk Pad,Accessories,7.5,24.99,4,66,4,5,9,3,0,33.0,78.0,56.0,53.0,49.857142857142854,16.324098458297417,47.92857142857143,13.674593430683982,46.9,10.723322953842732
2025-09-06,107,Leather Desk Pad,Accessories,7.5,24.99,4,49,5,6,9,3,1,66.0,66.0,65.0,57.0,48.142857142857146,13.208943579112912,48.642857142857146,14.372019519014895,47.43333333333333,11.266928514946578
2025-09-07,107,Leather Desk Pad,Accessories,7.5,24.99,4,44,6,7,9,3,1,49.0,44.0,47.0,47.0,45.714285714285715,10.7038043971023,47.5,13.585908989718838,47.666666666666664,11.222923994597066
2025-09-08,107,Leather Desk Pad,Accessories,7.5,24.99,4,33,0,8,9,3,0,44.0,37.0,44.0,45.0,45.714285714285715,10.7038043971023,47.285714285714285,13.618022964092457,47.36666666666667,11.195699092103016
2025-09-09,107,Leather Desk Pad,Accessories,7.5,24.99,4,42,1,9,9,3,0,33.0,42.0,31.0,40.0,45.142857142857146,11.33473380702822,46.5,14.129891937090184,46.56666666666667,11.340143322494175
2025-09-10,107,Leather Desk Pad,Accessories,7.5,24.99,4,60,2,10,9,3,0,42.0,49.0,38.0,44.0,45.142857142857146,11.33473380702822,47.285714285714285,13.493181021017028,46.4,11.370257632115738
2025-09-11,107,Leather Desk Pad,Accessories,7.5,24.99,4,28,3,11,9,3,0,60.0,33.0,41.0,43.0,46.714285714285715,12.645345464033785,48.857142857142854,13.609143661847034,46.9,11.63333498007417
2025-09-12,107,Leather Desk Pad,Accessories,7.5,24.99,4,62,4,12,9,3,0,28.0,66.0,78.0,56.0,46.0,13.650396819628773,47.92857142857143,14.594331279455924,46.5,12.076623186396247
2025-09-13,107,Leather Desk Pad,Accessories,7.5,24.99,4,77,5,13,9,3,1,62.0,49.0,66.0,57.0,45.42857142857143,12.726051271010146,46.785714285714285,12.540264820100164,47.1,12.391181513896951
2025-09-14,107,Leather Desk Pad,Accessories,7.5,24.99,4,46,6,14,9,3,1,77.0,44.0,44.0,49.0,49.42857142857143,17.529566859614985,47.57142857142857,14.086077609383759,48.233333333333334,13.507809575953713
2025-09-15,107,Leather Desk Pad,Accessories,7.5,24.99,4,43,0,15,9,3,0,46.0,33.0,37.0,34.0,49.714285714285715,17.44242228700168,47.714285714285715,14.057183060784107,47.9,13.432718676220375
2025-09-16,107,Leather Desk Pad,Accessories,7.5,24.99,4,43,1,16,9,3,0,43.0,42.0,42.0,48.0,51.142857142857146,16.211401044003612,48.142857142857146,13.794408805226643,47.43333333333333,13.348597584437893
2025-09-17,107,Leather Desk Pad,Accessories,7.5,24.99,4,45,2,17,9,3,0,43.0,60.0,49.0,39.0,51.285714285714285,16.121562018140782,48.214285714285715,13.762706416693192,47.233333333333334,13.369247608193671
2025-09-18,107,Leather Desk Pad,Accessories,7.5,24.99,4,44,3,18,9,3,0,45.0,28.0,33.0,32.0,49.142857142857146,15.763127560106472,47.92857142857143,13.786639495229744,47.6,13.142717926013457
2025-09-19,107,Leather Desk Pad,Accessories,7.5,24.99,4,85,4,19,9,3,0,44.0,62.0,66.0,56.0,51.42857142857143,13.125765283811528,48.714285714285715,13.170062621360216,47.46666666666667,13.158800210828591
2025-09-20,107,Leather Desk Pad,Accessories,7.5,24.99,4,57,5,20,9,3,1,85.0,77.0,49.0,65.0,54.714285714285715,18.135731634118304,50.07142857142857,15.80391521945547,49.0,14.725066594310997
2025-09-21,107,Leather Desk Pad,Accessories,7.5,24.99,4,39,6,21,9,3,1,57.0,46.0,44.0,47.0,51.857142857142854,15.410262505103153,50.642857142857146,15.906491867048606,49.833333333333336,14.434353976283143
2025-09-22,107,Leather Desk Pad,Accessories,7.5,24.99,4,39,0,22,9,3,0,39.0,43.0,33.0,44.0,50.857142857142854,16.066824737416376,50.285714285714285,16.121789228000964,49.266666666666666,14.51736969938091
2025-09-23,107,Leather Desk Pad,Accessories,7.5,24.99,4,44,1,23,9,3,0,39.0,43.0,42.0,31.0,50.285714285714285,16.45918472782779,50.714285714285715,15.701193347241874,48.4,14.32047003659316
2025-09-24,107,Leather Desk Pad,Accessories,7.5,24.99,4,49,2,24,9,3,0,44.0,45.0,60.0,38.0,50.42857142857143,16.389601813925967,50.857142857142854,15.624719777706995,48.3,14.341043101580034
2025-09-25,107,Leather Desk Pad,Accessories,7.5,24.99,4,55,3,25,9,3,0,49.0,44.0,28.0,41.0,51.0,16.237815945091395,50.07142857142857,15.404616119923203,48.46666666666667,14.31838300765907
2025-09-26,107,Leather Desk Pad,Accessories,7.5,24.99,4,57,4,26,9,3,0,55.0,85.0,62.0,78.0,52.57142857142857,15.977662979475811,52.0,14.060309658478637,49.266666666666666,13.975183259135958
2025-09-27,107,Leather Desk Pad,Accessories,7.5,24.99,4,69,5,27,9,3,1,57.0,57.0,77.0,66.0,48.57142857142857,8.038597366397038,51.642857142857146,13.848671932200368,49.9,13.877170535414011
2025-09-28,107,Leather Desk Pad,Accessories,7.5,24.99,4,51,6,28,9,3,1,69.0,39.0,46.0,44.0,50.285714285714285,10.90434600995216,51.07142857142857,12.851005861346096,50.833333333333336,14.195879279063504
2025-09-29,107,Leather Desk Pad,Accessories,7.5,24.99,4,43,0,29,9,3,0,51.0,39.0,43.0,37.0,52.0,9.71253485622219,51.42857142857143,12.768436358182901,49.93333333333333,13.2377030337288
2025-09-30,107,Leather Desk Pad,Accessories,7.5,24.99,4,40,1,30,9,3,0,43.0,44.0,43.0,42.0,52.57142857142857,8.904252595569822,51.42857142857143,12.768436358182901,49.166666666666664,12.937737726173827
2025-10-01,107,Leather Desk Pad,Accessories,7.5,24.99,4,46,2,1,10,4,0,40.0,49.0,45.0,49.0,52.0,9.643650760992834,51.214285714285715,12.944726110116585,49.03333333333333,13.013211677403726
2025-10-02,107,Leather Desk Pad,Accessories,7.5,24.99,4,32,3,2,10,4,0,46.0,55.0,44.0,33.0,51.57142857142857,9.863352081605523,51.285714285714285,12.910511944974091,49.333333333333336,12.828667609836781
2025-10-03,107,Leather Desk Pad,Accessories,7.5,24.99,4,68,4,3,10,4,0,32.0,57.0,85.0,66.0,48.285714285714285,12.1066687644218,50.42857142857143,13.799187744848695,49.0,13.151635534844191
2025-10-04,107,Leather Desk Pad,Accessories,7.5,24.99,4,72,5,4,10,4,1,68.0,69.0,57.0,49.0,49.857142857142854,13.993195625357405,49.214285714285715,10.983754237183987,49.63333333333333,13.601428254955795
2025-10-05,107,Leather Desk Pad,Accessories,7.5,24.99,4,44,6,5,10,4,1,72.0,51.0,39.0,44.0,50.285714285714285,14.705036390233552,50.285714285714285,12.437094462989284,50.93333333333333,13.818861007341646
2025-10-06,107,Leather Desk Pad,Accessories,7.5,24.99,4,47,0,6,10,4,0,44.0,43.0,39.0,33.0,49.285714285714285,14.885275562495524,50.642857142857146,12.156714781786825,50.2,13.573300363530532
2025-10-07,107,Leather Desk Pad,Accessories,7.5,24.99,4,43,1,7,10,4,0,47.0,40.0,44.0,42.0,49.857142857142854,14.679107277903118,51.214285714285715,11.7485093747025,50.13333333333333,13.5843046687466
2025-10-08,107,Leather Desk Pad,Accessories,7.5,24.99,4,49,2,8,10,4,0,43.0,46.0,49.0,60.0,50.285714285714285,14.384184436552518,51.142857142857146,11.798677519484595,50.1,13.601090219993806
2025-10-09,107,Leather Desk Pad,Accessories,7.5,24.99,4,54,3,9,10,4,0,49.0,32.0,55.0,28.0,50.714285714285715,14.279522467672358,51.142857142857146,11.798677519484595,50.63333333333333,13.215673383846289
2025-10-10,107,Leather Desk Pad,Accessories,7.5,24.99,4,75,4,10,10,4,0,54.0,68.0,57.0,62.0,53.857142857142854,11.65373432894029,51.07142857142857,11.776536553113278,51.03333333333333,13.12665971990957
2025-10-11,107,Leather Desk Pad,Accessories,7.5,24.99,4,71,5,11,10,4,1,75.0,72.0,69.0,77.0,54.857142857142854,13.25931837650493,52.357142857142854,13.35092703699832,51.53333333333333,13.7508202472166
2025-10-12,107,Leather Desk Pad,Accessories,7.5,24.99,4,38,6,12,10,4,1,71.0,44.0,51.0,46.0,54.714285714285715,13.047532151257295,52.5,13.551894559575283,52.96666666666667,13.451017993351623
2025-10-13,107,Leather Desk Pad,Accessories,7.5,24.99,4,44,0,13,10,4,0,38.0,47.0,43.0,43.0,53.857142857142854,14.028881773310422,51.57142857142857,14.096995237470809,52.166666666666664,13.608018258348201
2025-10-14,107,Leather Desk Pad,Accessories,7.5,24.99,4,42,1,14,10,4,0,44.0,43.0,40.0,43.0,53.42857142857143,14.316158037419765,51.642857142857146,14.052687357869381,51.06666666666667,12.843711283746122
2025-10-15,107,Leather Desk Pad,Accessories,7.5,24.99,4,32,2,15,10,4,0,42.0,49.0,46.0,45.0,53.285714285714285,14.442002235542901,51.785714285714285,13.934895718351058,50.93333333333333,12.91866688257678
2025-10-16,107,Leather Desk Pad,Accessories,7.5,24.99,4,56,3,16,10,4,0,32.0,54.0,32.0,44.0,50.857142857142854,16.557259952747458,50.785714285714285,14.854051876267873,50.56666666666667,13.302017822906306
2025-10-17,107,Leather Desk Pad,Accessories,7.5,24.99,4,71,4,17,10,4,0,56.0,75.0,68.0,85.0,51.142857142857146,16.63759369048065,52.5,13.871664533251836,51.0,13.25869916124027
2025-10-18,107,Leather Desk Pad,Accessories,7.5,24.99,4,75,5,18,10,4,1,71.0,71.0,72.0,57.0,50.57142857142857,15.725320800724923,52.714285714285715,14.14990389436551,51.86666666666667,13.695540007314488
2025-10-19,107,Leather Desk Pad,Accessories,7.5,24.99,4,38,6,19,10,4,1,75.0,38.0,44.0,39.0,51.142857142857146,16.63759369048065,52.92857142857143,14.483222578685181,52.9,14.240181130192394
2025-10-20,107,Leather Desk Pad,Accessories,7.5,24.99,4,46,0,20,10,4,0,38.0,44.0,47.0,39.0,51.142857142857146,16.63759369048065,52.5,14.851832313789535,51.333333333333336,13.12889241680164
2025-10-21,107,Leather Desk Pad,Accessories,7.5,24.99,4,49,1,21,10,4,0,46.0,42.0,43.0,44.0,51.42857142857143,16.511179473891175,52.42857142857143,14.882691473470295,50.96666666666667,13.118776575983457
2025-10-22,107,Leather Desk Pad,Accessories,7.5,24.99,4,54,2,22,10,4,0,49.0,32.0,49.0,49.0,52.42857142857143,16.050515493872627,52.857142857142854,14.675238920121107,51.3,12.929917193110219
2025-10-23,107,Leather Desk Pad,Accessories,7.5,24.99,4,45,3,23,10,4,0,54.0,56.0,54.0,55.0,55.57142857142857,13.302344941865645,53.214285714285715,14.634934871099311,51.8,12.726296424712606
2025-10-24,107,Leather Desk Pad,Accessories,7.5,24.99,4,66,4,24,10,4,0,45.0,71.0,75.0,57.0,54.0,13.880441875771256,52.57142857142857,14.794563896212717,51.833333333333336,12.706455957052047
2025-10-25,107,Leather Desk Pad,Accessories,7.5,24.99,4,82,5,25,10,4,1,66.0,75.0,71.0,69.0,53.285714285714285,12.95780698670726,51.92857142857143,13.914377101037976,52.4,12.952432869595468
2025-10-26,107,Leather Desk Pad,Accessories,7.5,24.99,4,48,6,26,10,4,1,82.0,38.0,38.0,51.0,54.285714285714285,15.019035540653938,52.714285714285715,15.314289814662398,53.3,14.032351782638651
2025-10-27,107,Leather Desk Pad,Accessories,7.5,24.99,4,52,0,27,10,4,0,48.0,46.0,44.0,43.0,55.714285714285715,13.622460444847182,53.42857142857143,14.799762397855144,53.0,14.04672007365364
2025-10-28,107,Leather Desk Pad,Accessories,7.5,24.99,4,39,1,28,10,4,0,52.0,49.0,42.0,40.0,56.57142857142857,13.087616829878227,54.0,14.560219778561038,52.43333333333333,13.718055892554974
2025-10-29,107,Leather Desk Pad,Accessories,7.5,24.99,4,32,2,29,10,4,0,39.0,54.0,32.0,46.0,55.142857142857146,14.51928110512092,53.785714285714285,14.770962009338415,52.03333333333333,13.934534953410317
2025-10-30,107,Leather Desk Pad,Accessories,7.5,24.99,4,42,3,30,10,4,0,32.0,45.0,56.0,32.0,52.0,16.980380835933303,53.785714285714285,14.770962009338415,51.666666666666664,14.319827906241246
2025-10-31,107,Leather Desk Pad,Accessories,7.5,24.99,4,75,4,31,10,4,0,42.0,66.0,71.0,68.0,51.57142857142857,17.22263184356692,52.785714285714285,15.08018859007035,51.733333333333334,14.26820273178791
2025-11-01,107,Leather Desk Pad,Accessories,7.5,24.99,4,101,5,1,11,4,1,75.0,82.0,75.0,72.0,52.857142857142854,18.747698271419562,53.07142857142857,15.484306127939226,52.7,14.837394510562387
2025-11-02,107,Leather Desk Pad,Accessories,7.5,24.99,4,69,6,2,11,4,1,101.0,48.0,38.0,44.0,55.57142857142857,24.240854927560726,54.92857142857143,19.38462628640894,55.0,16.74350105522155
2025-11-03,107,Leather Desk Pad,Accessories,7.5,24.99,4,66,0,3,11,4,0,69.0,52.0,46.0,47.0,58.57142857142857,24.446248129703772,57.142857142857146,19.070142361039938,55.03333333333333,16.77124660374644
2025-11-04,107,Leather Desk Pad,Accessories,7.5,24.99,4,80,1,4,11,4,0,66.0,39.0,49.0,43.0,60.57142857142857,24.391645720458847,58.57142857142857,18.91972631821201,54.833333333333336,16.596807614372832
2025-11-05,107,Leather Desk Pad,Accessories,7.5,24.99,4,73,2,5,11,4,0,80.0,32.0,54.0,49.0,66.42857142857143,23.2440468568989,60.785714285714285,19.517954540641544,56.03333333333333,17.08090955612043
2025-11-06,107,Leather Desk Pad,Accessories,7.5,24.99,4,81,3,6,11,4,0,73.0,42.0,45.0,54.0,72.28571428571429,17.60411207373889,62.142857142857146,19.669801699587605,56.9,17.265372960010872
2025-11-07,107,Leather Desk Pad,Accessories,7.5,24.99,4,94,4,7,11,4,0,81.0,75.0,66.0,75.0,77.85714285714286,11.553189623484409,64.71428571428571,19.609372058469216,58.166666666666664,17.601103674903786
2025-11-08,107,Leather Desk Pad,Accessories,7.5,24.99,4,77,5,8,11,4,1,94.0,101.0,82.0,71.0,80.57142857142857,12.921005415693402,66.71428571428571,21.120273058507905,59.666666666666664,18.677541987976976
2025-11-09,107,Leather Desk Pad,Accessories,7.5,24.99,4,53,6,9,11,4,1,77.0,69.0,48.0,38.0,77.14285714285714,9.26334301478258,66.35714285714286,20.882849580299315,60.43333333333333,18.90754881783596
2025-11-10,107,Leather Desk Pad,Accessories,7.5,24.99,4,65,0,10,11,4,0,53.0,66.0,52.0,44.0,74.85714285714286,12.876704695282925,66.71428571428571,20.585389035873053,59.7,18.749068942400733
2025-11-11,107,Leather Desk Pad,Accessories,7.5,24.99,4,64,1,11,11,4,0,65.0,80.0,39.0,42.0,74.71428571428571,12.996336480130061,67.64285714285714,20.159392324698175,59.5,18.65614440708289
2025-11-12,107,Leather Desk Pad,Accessories,7.5,24.99,4,70,2,12,11,4,0,64.0,73.0,32.0,32.0,72.42857142857143,13.314868166291092,69.42857142857143,18.46291203681374,60.36666666666667,18.221781837496923
2025-11-13,107,Leather Desk Pad,Accessories,7.5,24.99,4,66,3,13,11,4,0,70.0,81.0,42.0,56.0,72.0,13.341664064126245,72.14285714285714,15.006958093124407,61.233333333333334,18.033844299812632
2025-11-14,107,Leather Desk Pad,Accessories,7.5,24.99,4,105,4,14,11,4,0,66.0,94.0,75.0,71.0,69.85714285714286,12.850792082313637,73.85714285714286,12.452106048976054,62.03333333333333,17.680075154570584
2025-11-15,107,Leather Desk Pad,Accessories,7.5,24.99,4,107,5,15,11,4,1,105.0,77.0,101.0,75.0,71.42857142857143,16.460631244043427,76.0,14.987174003640103,64.46666666666667,18.412389631821917
2025-11-16,107,Leather Desk Pad,Accessories,7.5,24.99,4,59,6,16,11,4,1,107.0,53.0,69.0,38.0,75.71428571428571,21.33630931623585,76.42857142857143,15.819726175371601,66.16666666666667,19.898160256898024
2025-11-17,107,Leather Desk Pad,Accessories,7.5,24.99,4,62,0,17,11,4,0,59.0,65.0,66.0,46.0,76.57142857142857,20.37037999037766,75.71428571428571,16.396193608126428,65.76666666666667,19.918252473778818
2025-11-18,107,Leather Desk Pad,Accessories,7.5,24.99,4,70,1,18,11,4,0,62.0,64.0,80.0,49.0,76.14285714285714,20.683556846188747,75.42857142857143,16.61192475169705,65.33333333333333,19.851749394524123
2025-11-19,107,Leather Desk Pad,Accessories,7.5,24.99,4,60,2,19,11,4,0,70.0,70.0,73.0,54.0,77.0,20.215505600075012,74.71428571428571,16.615231989531026,66.4,19.18080937488986
2025-11-20,107,Leather Desk Pad,Accessories,7.5,24.99,4,79,3,20,11,4,0,60.0,66.0,81.0,45.0,75.57142857142857,21.125475480701297,73.78571428571429,17.075301873347218,66.86666666666666,18.834548836780197
2025-11-21,107,Leather Desk Pad,Accessories,7.5,24.99,4,111,4,21,11,4,0,79.0,105.0,94.0,66.0,77.42857142857143,20.711165610664658,73.64285714285714,17.018574209723596,67.86666666666666,18.64871879362438
2025-11-22,107,Leather Desk Pad,Accessories,7.5,24.99,4,98,5,22,11,4,1,111.0,107.0,77.0,82.0,78.28571428571429,22.118727251767734,74.85714285714286,19.066108242546107,69.76666666666667,20.039071031764255
2025-11-23,107,Leather Desk Pad,Accessories,7.5,24.99,4,75,6,23,11,4,1,98.0,59.0,53.0,48.0,77.0,20.363365799068287,76.35714285714286,20.0484303734622,71.53333333333333,20.11644263700264
2025-11-24,107,Leather Desk Pad,Accessories,7.5,24.99,4,71,0,24,11,4,0,75.0,62.0,65.0,52.0,79.28571428571429,18.84776101392663,77.92857142857143,18.906507978895657,71.83333333333333,20.098178564466906
2025-11-25,107,Leather Desk Pad,Accessories,7.5,24.99,4,57,1,25,11,4,0,71.0,70.0,64.0,39.0,80.57142857142857,17.74689778390517,78.35714285714286,18.657261497695956,71.46666666666667,20.006435746138525
2025-11-26,107,Leather Desk Pad,Accessories,7.5,24.99,4,60,2,26,11,4,0,57.0,60.0,70.0,32.0,78.71428571428571,19.6189898288561,77.85714285714286,19.158678061258463,71.76666666666667,19.7076623175604
2025-11-27,107,Leather Desk Pad,Accessories,7.5,24.99,4,61,3,27,11,4,0,60.0,79.0,66.0,42.0,78.71428571428571,19.6189898288561,77.14285714285714,19.65415259647985,72.03333333333333,19.483827658596415
2025-11-28,107,Leather Desk Pad,Accessories,7.5,24.99,4,95,4,28,11,4,0,61.0,111.0,105.0,75.0,76.14285714285714,20.723807335433992,76.78571428571429,19.915894585552977,72.76666666666667,18.591216564101853
2025-11-29,107,Leather Desk Pad,Accessories,7.5,24.99,4,102,5,29,11,4,1,95.0,98.0,107.0,101.0,73.85714285714286,16.73746865995138,76.07142857142857,18.98365404444366,74.86666666666666,17.343851804091873
2025-11-30,107,Leather Desk Pad,Accessories,7.5,24.99,4,62,6,30,11,4,1,102.0,75.0,59.0,69.0,74.42857142857143,17.737503985032536,75.71428571428571,18.394934802103204,76.86666666666666,16.876290925505558
2025-12-01,107,Leather Desk Pad,Accessories,7.5,24.99,4,73,0,1,12,4,0,62.0,71.0,62.0,66.0,72.57142857142857,18.338094619826556,75.92857142857143,18.20170865062396,76.43333333333334,17.09140403694282
2025-12-02,107,Leather Desk Pad,Accessories,7.5,24.99,4,65,1,2,12,4,0,73.0,57.0,70.0,80.0,72.85714285714286,18.325106379214315,76.71428571428571,17.78689479289816,75.5,16.456316259345176
2025-12-03,107,Leather Desk Pad,Accessories,7.5,24.99,4,63,2,3,12,4,0,65.0,60.0,60.0,73.0,74.0,17.39731780093311,76.35714285714286,17.98121730651674,75.36666666666666,16.526850323313198
2025-12-04,107,Leather Desk Pad,Accessories,7.5,24.99,4,72,3,4,12,4,0,63.0,61.0,79.0,81.0,74.42857142857143,17.02798816514677,76.57142857142857,17.78813038004792,75.26666666666667,16.59441811705612
2025-12-05,107,Leather Desk Pad,Accessories,7.5,24.99,4,102,4,5,12,4,0,72.0,95.0,111.0,94.0,76.0,16.062378404208932,76.07142857142857,17.812978352936916,75.0,16.580004575516256
2025-12-06,107,Leather Desk Pad,Accessories,7.5,24.99,4,82,5,6,12,4,1,102.0,102.0,98.0,77.0,77.0,17.587874611030486,75.42857142857143,16.574838603294936,75.96666666666667,17.289588921008896
2025-12-07,107,Leather Desk Pad,Accessories,7.5,24.99,4,62,6,7,12,4,1,82.0,62.0,75.0,53.0,74.14285714285714,14.13539966925312,74.28571428571429,15.409430536218746,76.0,17.300587990805067
2025-12-08,107,Leather Desk Pad,Accessories,7.5,24.99,4,73,0,8,12,4,0,62.0,73.0,71.0,65.0,74.14285714285714,14.13539966925312,73.35714285714286,15.750981131136177,74.93333333333334,17.13824787514427
2025-12-09,107,Leather Desk Pad,Accessories,7.5,24.99,4,51,1,9,12,4,0,73.0,65.0,57.0,64.0,74.14285714285714,14.13539966925312,73.5,15.737021514691001,74.8,17.137174756087763
2025-12-10,107,Leather Desk Pad,Accessories,7.5,24.99,4,58,2,10,12,4,0,51.0,63.0,60.0,70.0,72.14285714285714,16.44616035663607,73.07142857142857,16.29282185368898,74.73333333333333,17.2285515498474
2025-12-11,107,Leather Desk Pad,Accessories,7.5,24.99,4,69,3,11,12,4,0,58.0,72.0,61.0,66.0,71.42857142857143,17.008401285415147,72.92857142857143,16.424485875172397,74.5,17.41135182614478
2025-12-12,107,Leather Desk Pad,Accessories,7.5,24.99,4,96,4,12,12,4,0,69.0,102.0,95.0,105.0,71.0,17.029386365926324,73.5,16.113778146475997,74.66666666666667,17.33112275912776
2025-12-13,107,Leather Desk Pad,Accessories,7.5,24.99,4,95,5,13,12,4,1,96.0,82.0,102.0,107.0,70.14285714285714,15.269016246728356,73.57142857142857,16.218291125546127,75.53333333333333,17.73508763252484
2025-12-14,107,Leather Desk Pad,Accessories,7.5,24.99,4,64,6,14,12,4,1,95.0,62.0,62.0,59.0,72.0,17.56891193747251,73.07142857142857,15.359608797673971,76.5,17.986105748605016
2025-12-15,107,Leather Desk Pad,Accessories,7.5,24.99,4,67,0,15,12,4,0,64.0,73.0,73.0,62.0,72.28571428571429,17.39458043677472,73.21428571428571,15.2576768643429,75.13333333333334,17.29008751963922
2025-12-16,107,Leather Desk Pad,Accessories,7.5,24.99,4,67,1,16,12,4,0,67.0,51.0,65.0,70.0,71.42857142857143,17.501020378415415,72.78571428571429,15.348157350833205,73.8,16.25953301276225
2025-12-17,107,Leather Desk Pad,Accessories,7.5,24.99,4,68,2,17,12,4,0,67.0,58.0,63.0,60.0,73.71428571428571,15.293945269444354,72.92857142857143,15.27926843654647,74.06666666666666,16.072965808619752
2025-12-18,107,Leather Desk Pad,Accessories,7.5,24.99,4,76,3,18,12,4,0,68.0,69.0,72.0,79.0,75.14285714285714,13.993195625357393,73.28571428571429,15.086563412666147,74.26666666666667,15.95453309993068
2025-12-19,107,Leather Desk Pad,Accessories,7.5,24.99,4,95,4,19,12,4,0,76.0,96.0,102.0,111.0,76.14285714285714,13.728663098648315,73.57142857142857,15.09821327031928,74.46666666666667,15.936800469209759
2025-12-20,107,Leather Desk Pad,Accessories,7.5,24.99,4,105,5,20,12,4,1,95.0,95.0,82.0,98.0,76.0,13.49073756323195,73.07142857142857,14.171826252839136,75.63333333333334,16.12127173329861
2025-12-21,107,Leather Desk Pad,Accessories,7.5,24.99,4,70,6,21,12,4,1,105.0,64.0,62.0,75.0,77.42857142857143,16.11269833451384,74.71428571428571,16.43836306387535,76.5,16.984272643872085
2025-12-22,107,Leather Desk Pad,Accessories,7.5,24.99,4,77,0,22,12,4,0,70.0,67.0,73.0,71.0,78.28571428571429,15.42416162728981,75.28571428571429,16.09791468305315,75.13333333333334,15.714551423339572
2025-12-23,107,Leather Desk Pad,Accessories,7.5,24.99,4,74,1,23,12,4,0,77.0,67.0,51.0,57.0,79.71428571428571,14.648256844124019,75.57142857142857,16.08972096958558,74.43333333333334,15.117204935353405
2025-12-24,107,Leather Desk Pad,Accessories,7.5,24.99,4,52,2,24,12,4,0,74.0,68.0,58.0,60.0,80.71428571428571,13.852969425533267,77.21428571428571,14.481705017703588,74.4,15.117014848541908
2025-12-25,107,Leather Desk Pad,Accessories,7.5,24.99,4,53,3,25,12,4,0,52.0,76.0,69.0,61.0,78.42857142857143,17.21295193410218,76.78571428571429,15.166656603466487,73.76666666666667,15.652879724771507
2025-12-26,107,Leather Desk Pad,Accessories,7.5,24.99,4,102,4,26,12,4,0,53.0,95.0,96.0,95.0,75.14285714285714,19.760470401187014,75.64285714285714,16.354755332258048,73.63333333333334,15.816803228459854
2025-12-27,107,Leather Desk Pad,Accessories,7.5,24.99,4,91,5,27,12,4,1,102.0,105.0,95.0,102.0,76.14285714285714,21.06678722087261,76.07142857142857,16.995312863865156,75.03333333333333,16.415895016580865
2025-12-28,107,Leather Desk Pad,Accessories,7.5,24.99,4,60,6,28,12,4,1,91.0,70.0,64.0,62.0,74.14285714285714,18.36145030063951,75.78571428571429,16.683379898424835,76.03333333333333,16.445276721198216
2025-12-29,107,Leather Desk Pad,Accessories,7.5,24.99,4,73,0,29,12,4,0,60.0,77.0,67.0,73.0,72.71428571428571,19.11120339586424,75.5,16.93312638678311,74.86666666666666,16.294135465704056
2025-12-30,107,Leather Desk Pad,Accessories,7.5,24.99,4,53,1,30,12,4,0,73.0,74.0,67.0,65.0,72.14285714285714,19.021291328653835,75.92857142857143,16.776651750455006,73.9,15.46820989130227
